timestamp,meter_reading,hour,dow
2016-01-01 00:00:00,23.3036,0,4
2016-01-01 01:00:00,45.6071,1,4
2016-01-01 02:00:00,45.6071,2,4
2016-01-01 03:00:00,45.1071,3,4
2016-01-01 04:00:00,45.6071,4,4
2016-01-01 05:00:00,45.1071,5,4
2016-01-01 06:00:00,45.1071,6,4
2016-01-01 07:00:00,43.6071,7,4
2016-01-01 08:00:00,46.1071,8,4
2016-01-01 09:00:00,47.6071,9,4
2016-01-01 10:00:00,47.6071,10,4
2016-01-01 11:00:00,48.1071,11,4
2016-01-01 12:00:00,48.6071,12,4
2016-01-01 13:00:00,48.1071,13,4
2016-01-01 14:00:00,48.6071,14,4
2016-01-01 15:00:00,49.1071,15,4
2016-01-01 16:00:00,49.1071,16,4
2016-01-01 17:00:00,49.1071,17,4
2016-01-01 18:00:00,48.1071,18,4
2016-01-01 19:00:00,47.6071,19,4
2016-01-01 20:00:00,48.6071,20,4
2016-01-01 21:00:00,46.6071,21,4
2016-01-01 22:00:00,45.6071,22,4
2016-01-01 23:00:00,45.1071,23,4
2016-01-02 00:00:00,37.9286,0,5
2016-01-02 01:00:00,50.5536,1,5
2016-01-02 02:00:00,41.25,2,5
2016-01-02 03:00:00,43.0,3,5
2016-01-02 04:00:00,42.625,4,5
2016-01-02 05:00:00,42.0,5,5
2016-01-02 06:00:00,41.625,6,5
2016-01-02 07:00:00,40.125,7,5
2016-01-02 08:00:00,40.5,8,5
2016-01-02 09:00:00,41.625,9,5
2016-01-02 10:00:00,42.625,10,5
2016-01-02 11:00:00,45.375,11,5
2016-01-02 12:00:00,46.25,12,5
2016-01-02 13:00:00,46.375,13,5
2016-01-02 14:00:00,49.875,14,5
2016-01-02 15:00:00,49.0,15,5
2016-01-02 16:00:00,50.0,16,5
2016-01-02 17:00:00,48.75,17,5
2016-01-02 18:00:00,48.875,18,5
2016-01-02 19:00:00,49.25,19,5
2016-01-02 20:00:00,49.125,20,5
2016-01-02 21:00:00,47.25,21,5
2016-01-02 22:00:00,46.625,22,5
2016-01-02 23:00:00,46.25,23,5
2016-01-03 00:00:00,45.375,0,6
2016-01-03 01:00:00,44.5,1,6
2016-01-03 02:00:00,43.875,2,6
2016-01-03 03:00:00,43.125,3,6
2016-01-03 04:00:00,43.75,4,6
2016-01-03 05:00:00,43.5,5,6
2016-01-03 06:00:00,44.25,6,6
2016-01-03 07:00:00,43.0,7,6
2016-01-03 08:00:00,43.375,8,6
2016-01-03 09:00:00,44.0,9,6
2016-01-03 10:00:00,45.25,10,6
2016-01-03 11:00:00,48.25,11,6
2016-01-03 12:00:00,52.625,12,6
2016-01-03 13:00:00,54.625,13,6
2016-01-03 14:00:00,55.875,14,6
2016-01-03 15:00:00,56.375,15,6
2016-01-03 16:00:00,55.75,16,6
2016-01-03 17:00:00,56.375,17,6
2016-01-03 18:00:00,55.375,18,6
2016-01-03 19:00:00,56.625,19,6
2016-01-03 20:00:00,54.0,20,6
2016-01-03 21:00:00,48.875,21,6
2016-01-03 22:00:00,47.375,22,6
2016-01-03 23:00:00,46.875,23,6
2016-01-04 00:00:00,47.375,0,0
2016-01-04 01:00:00,44.0,1,0
2016-01-04 02:00:00,44.75,2,0
2016-01-04 03:00:00,45.0,3,0
2016-01-04 04:00:00,43.375,4,0
2016-01-04 05:00:00,44.375,5,0
2016-01-04 06:00:00,46.25,6,0
2016-01-04 07:00:00,55.625,7,0
2016-01-04 08:00:00,68.0,8,0
2016-01-04 09:00:00,85.375,9,0
2016-01-04 10:00:00,94.5,10,0
2016-01-04 11:00:00,111.125,11,0
2016-01-04 12:00:00,115.125,12,0
2016-01-04 13:00:00,114.5,13,0
2016-01-04 14:00:00,114.0,14,0
2016-01-04 15:00:00,114.625,15,0
2016-01-04 16:00:00,116.875,16,0
2016-01-04 17:00:00,116.125,17,0
2016-01-04 18:00:00,92.125,18,0
2016-01-04 19:00:00,74.5,19,0
2016-01-04 20:00:00,65.0,20,0
2016-01-04 21:00:00,58.25,21,0
2016-01-04 22:00:00,57.375,22,0
2016-01-04 23:00:00,52.75,23,0
2016-01-05 00:00:00,46.5,0,1
2016-01-05 01:00:00,46.75,1,1
2016-01-05 02:00:00,44.625,2,1
2016-01-05 03:00:00,45.125,3,1
2016-01-05 04:00:00,45.75,4,1
2016-01-05 05:00:00,45.125,5,1
2016-01-05 06:00:00,49.625,6,1
2016-01-05 07:00:00,57.5,7,1
2016-01-05 08:00:00,69.125,8,1
2016-01-05 09:00:00,76.0,9,1
2016-01-05 10:00:00,87.5,10,1
2016-01-05 11:00:00,97.875,11,1
2016-01-05 12:00:00,103.25,12,1
2016-01-05 13:00:00,107.0,13,1
2016-01-05 14:00:00,105.375,14,1
2016-01-05 15:00:00,108.125,15,1
2016-01-05 16:00:00,109.125,16,1
2016-01-05 17:00:00,107.5,17,1
2016-01-05 18:00:00,87.875,18,1
2016-01-05 19:00:00,75.5,19,1
2016-01-05 20:00:00,66.75,20,1
2016-01-05 21:00:00,60.125,21,1
2016-01-05 22:00:00,56.5,22,1
2016-01-05 23:00:00,51.5,23,1
2016-01-06 00:00:00,62.2512,0,2
2016-01-06 01:00:00,78.2523,1,2
2016-01-06 02:00:00,78.2523,2,2
2016-01-06 03:00:00,78.2523,3,2
2016-01-06 04:00:00,78.2523,4,2
2016-01-06 05:00:00,78.2523,5,2
2016-01-06 06:00:00,78.2523,6,2
2016-01-06 07:00:00,78.2523,7,2
2016-01-06 08:00:00,78.2523,8,2
2016-01-06 09:00:00,78.2523,9,2
2016-01-06 10:00:00,78.2523,10,2
2016-01-06 11:00:00,78.2523,11,2
2016-01-06 12:00:00,78.2523,12,2
2016-01-06 13:00:00,78.2523,13,2
2016-01-06 14:00:00,78.2523,14,2
2016-01-06 15:00:00,78.2523,15,2
2016-01-06 16:00:00,78.2523,16,2
2016-01-06 17:00:00,78.2523,17,2
2016-01-06 18:00:00,78.2523,18,2
2016-01-06 19:00:00,78.2523,19,2
2016-01-06 20:00:00,78.2523,20,2
2016-01-06 21:00:00,78.2523,21,2
2016-01-06 22:00:00,78.2523,22,2
2016-01-06 23:00:00,78.2523,23,2
2016-01-07 00:00:00,78.2523,0,3
2016-01-07 01:00:00,78.2523,1,3
2016-01-07 02:00:00,78.2523,2,3
2016-01-07 03:00:00,78.2523,3,3
2016-01-07 04:00:00,78.2523,4,3
2016-01-07 05:00:00,78.2523,5,3
2016-01-07 06:00:00,78.2523,6,3
2016-01-07 07:00:00,78.2523,7,3
2016-01-07 08:00:00,78.2523,8,3
2016-01-07 09:00:00,78.2523,9,3
2016-01-07 10:00:00,78.2523,10,3
2016-01-07 11:00:00,78.2523,11,3
2016-01-07 12:00:00,78.2523,12,3
2016-01-07 13:00:00,78.2523,13,3
2016-01-07 14:00:00,78.2523,14,3
2016-01-07 15:00:00,78.2523,15,3
2016-01-07 16:00:00,78.2523,16,3
2016-01-07 17:00:00,78.2523,17,3
2016-01-07 18:00:00,78.2523,18,3
2016-01-07 19:00:00,78.2523,19,3
2016-01-07 20:00:00,78.2523,20,3
2016-01-07 21:00:00,78.2523,21,3
2016-01-07 22:00:00,78.2523,22,3
2016-01-07 23:00:00,78.2523,23,3
2016-01-08 00:00:00,78.2523,0,4
2016-01-08 01:00:00,78.2523,1,4
2016-01-08 02:00:00,78.2523,2,4
2016-01-08 03:00:00,78.2523,3,4
2016-01-08 04:00:00,78.2523,4,4
2016-01-08 05:00:00,78.2523,5,4
2016-01-08 06:00:00,78.2523,6,4
2016-01-08 07:00:00,78.2523,7,4
2016-01-08 08:00:00,78.2523,8,4
2016-01-08 09:00:00,78.2523,9,4
2016-01-08 10:00:00,78.2523,10,4
2016-01-08 11:00:00,78.2523,11,4
2016-01-08 12:00:00,78.2523,12,4
2016-01-08 13:00:00,78.2523,13,4
2016-01-08 14:00:00,78.2523,14,4
2016-01-08 15:00:00,78.2523,15,4
2016-01-08 16:00:00,78.2523,16,4
2016-01-08 17:00:00,78.2523,17,4
2016-01-08 18:00:00,78.2523,18,4
2016-01-08 19:00:00,78.2523,19,4
2016-01-08 20:00:00,78.2523,20,4
2016-01-08 21:00:00,78.2523,21,4
2016-01-08 22:00:00,78.2523,22,4
2016-01-08 23:00:00,78.2523,23,4
2016-01-09 00:00:00,78.2523,0,5
2016-01-09 01:00:00,78.2523,1,5
2016-01-09 02:00:00,78.2523,2,5
2016-01-09 03:00:00,78.2523,3,5
2016-01-09 04:00:00,78.2523,4,5
2016-01-09 05:00:00,78.2523,5,5
2016-01-09 06:00:00,78.2523,6,5
2016-01-09 07:00:00,78.2523,7,5
2016-01-09 08:00:00,78.2523,8,5
2016-01-09 09:00:00,78.2523,9,5
2016-01-09 10:00:00,78.2523,10,5
2016-01-09 11:00:00,78.2523,11,5
2016-01-09 12:00:00,78.2523,12,5
2016-01-09 13:00:00,78.2523,13,5
2016-01-09 14:00:00,78.2523,14,5
2016-01-09 15:00:00,78.2523,15,5
2016-01-09 16:00:00,78.2523,16,5
2016-01-09 17:00:00,78.2523,17,5
2016-01-09 18:00:00,78.2523,18,5
2016-01-09 19:00:00,78.2523,19,5
2016-01-09 20:00:00,78.2523,20,5
2016-01-09 21:00:00,78.2523,21,5
2016-01-09 22:00:00,78.2523,22,5
2016-01-09 23:00:00,78.2523,23,5
2016-01-10 00:00:00,78.2523,0,6
2016-01-10 01:00:00,78.2523,1,6
2016-01-10 02:00:00,78.2523,2,6
2016-01-10 03:00:00,78.2523,3,6
2016-01-10 04:00:00,78.2523,4,6
2016-01-10 05:00:00,78.2523,5,6
2016-01-10 06:00:00,78.2523,6,6
2016-01-10 07:00:00,78.2523,7,6
2016-01-10 08:00:00,78.2523,8,6
2016-01-10 09:00:00,78.2523,9,6
2016-01-10 10:00:00,78.2523,10,6
2016-01-10 11:00:00,78.2523,11,6
2016-01-10 12:00:00,78.2523,12,6
2016-01-10 13:00:00,78.2523,13,6
2016-01-10 14:00:00,78.2523,14,6
2016-01-10 15:00:00,78.2523,15,6
2016-01-10 16:00:00,78.2523,16,6
2016-01-10 17:00:00,78.2523,17,6
2016-01-10 18:00:00,78.2523,18,6
2016-01-10 19:00:00,78.2523,19,6
2016-01-10 20:00:00,78.2523,20,6
2016-01-10 21:00:00,78.2523,21,6
2016-01-10 22:00:00,78.2523,22,6
2016-01-10 23:00:00,78.2523,23,6
2016-01-11 00:00:00,78.2523,0,0
2016-01-11 01:00:00,78.2523,1,0
2016-01-11 02:00:00,78.2523,2,0
2016-01-11 03:00:00,78.2523,3,0
2016-01-11 04:00:00,78.2523,4,0
2016-01-11 05:00:00,78.2523,5,0
2016-01-11 06:00:00,78.2523,6,0
2016-01-11 07:00:00,78.2523,7,0
2016-01-11 08:00:00,78.2523,8,0
2016-01-11 09:00:00,78.2523,9,0
2016-01-11 10:00:00,78.2523,10,0
2016-01-11 11:00:00,78.2523,11,0
2016-01-11 12:00:00,78.2523,12,0
2016-01-11 13:00:00,78.2523,13,0
2016-01-11 14:00:00,78.2523,14,0
2016-01-11 15:00:00,78.2523,15,0
2016-01-11 16:00:00,78.2523,16,0
2016-01-11 17:00:00,78.2523,17,0
2016-01-11 18:00:00,78.2523,18,0
2016-01-11 19:00:00,78.2523,19,0
2016-01-11 20:00:00,78.2523,20,0
2016-01-11 21:00:00,78.2523,21,0
2016-01-11 22:00:00,78.2523,22,0
2016-01-11 23:00:00,78.2523,23,0
2016-01-12 00:00:00,78.2523,0,1
2016-01-12 01:00:00,78.2523,1,1
2016-01-12 02:00:00,78.2523,2,1
2016-01-12 03:00:00,78.2523,3,1
2016-01-12 04:00:00,78.2523,4,1
2016-01-12 05:00:00,78.2523,5,1
2016-01-12 06:00:00,78.2523,6,1
2016-01-12 07:00:00,78.2523,7,1
2016-01-12 08:00:00,78.2523,8,1
2016-01-12 09:00:00,78.2523,9,1
2016-01-12 10:00:00,78.2523,10,1
2016-01-12 11:00:00,78.2523,11,1
2016-01-12 12:00:00,78.2523,12,1
2016-01-12 13:00:00,78.2523,13,1
2016-01-12 14:00:00,78.2523,14,1
2016-01-12 15:00:00,78.2523,15,1
2016-01-12 16:00:00,78.2523,16,1
2016-01-12 17:00:00,78.2523,17,1
2016-01-12 18:00:00,78.2523,18,1
2016-01-12 19:00:00,78.2523,19,1
2016-01-12 20:00:00,78.2523,20,1
2016-01-12 21:00:00,78.2523,21,1
2016-01-12 22:00:00,78.2523,22,1
2016-01-12 23:00:00,78.2523,23,1
2016-01-13 00:00:00,78.2523,0,2
2016-01-13 01:00:00,78.2523,1,2
2016-01-13 02:00:00,78.2523,2,2
2016-01-13 03:00:00,78.2523,3,2
2016-01-13 04:00:00,78.2523,4,2
2016-01-13 05:00:00,78.2523,5,2
2016-01-13 06:00:00,78.2523,6,2
2016-01-13 07:00:00,78.2523,7,2
2016-01-13 08:00:00,78.2523,8,2
2016-01-13 09:00:00,78.2523,9,2
2016-01-13 10:00:00,78.2523,10,2
2016-01-13 11:00:00,78.2523,11,2
2016-01-13 12:00:00,78.2523,12,2
2016-01-13 13:00:00,78.2523,13,2
2016-01-13 14:00:00,78.2523,14,2
2016-01-13 15:00:00,78.2523,15,2
2016-01-13 16:00:00,78.2523,16,2
2016-01-13 17:00:00,78.2523,17,2
2016-01-13 18:00:00,78.2523,18,2
2016-01-13 19:00:00,78.2523,19,2
2016-01-13 20:00:00,78.2523,20,2
2016-01-13 21:00:00,78.2523,21,2
2016-01-13 22:00:00,78.2523,22,2
2016-01-13 23:00:00,78.2523,23,2
2016-01-14 00:00:00,78.2523,0,3
2016-01-14 01:00:00,78.2523,1,3
2016-01-14 02:00:00,78.2523,2,3
2016-01-14 03:00:00,78.2523,3,3
2016-01-14 04:00:00,78.2523,4,3
2016-01-14 05:00:00,78.2523,5,3
2016-01-14 06:00:00,78.2523,6,3
2016-01-14 07:00:00,78.2523,7,3
2016-01-14 08:00:00,78.2523,8,3
2016-01-14 09:00:00,78.2523,9,3
2016-01-14 10:00:00,78.2523,10,3
2016-01-14 11:00:00,78.2523,11,3
2016-01-14 12:00:00,78.2523,12,3
2016-01-14 13:00:00,78.2523,13,3
2016-01-14 14:00:00,78.2523,14,3
2016-01-14 15:00:00,78.2523,15,3
2016-01-14 16:00:00,78.2523,16,3
2016-01-14 17:00:00,78.2523,17,3
2016-01-14 18:00:00,78.2523,18,3
2016-01-14 19:00:00,78.2523,19,3
2016-01-14 20:00:00,78.2523,20,3
2016-01-14 21:00:00,78.2523,21,3
2016-01-14 22:00:00,78.2523,22,3
2016-01-14 23:00:00,78.2523,23,3
2016-01-15 00:00:00,65.8762,0,4
2016-01-15 01:00:00,64.7512,1,4
2016-01-15 02:00:00,51.375,2,4
2016-01-15 03:00:00,49.25,3,4
2016-01-15 04:00:00,49.0,4,4
2016-01-15 05:00:00,50.625,5,4
2016-01-15 06:00:00,53.75,6,4
2016-01-15 07:00:00,64.75,7,4
2016-01-15 08:00:00,73.125,8,4
2016-01-15 09:00:00,88.5,9,4
2016-01-15 10:00:00,111.0,10,4
2016-01-15 11:00:00,136.375,11,4
2016-01-15 12:00:00,143.0,12,4
2016-01-15 13:00:00,143.75,13,4
2016-01-15 14:00:00,140.0,14,4
2016-01-15 15:00:00,144.375,15,4
2016-01-15 16:00:00,142.875,16,4
2016-01-15 17:00:00,126.625,17,4
2016-01-15 18:00:00,112.625,18,4
2016-01-15 19:00:00,104.625,19,4
2016-01-15 20:00:00,94.0,20,4
2016-01-15 21:00:00,81.375,21,4
2016-01-15 22:00:00,60.75,22,4
2016-01-15 23:00:00,63.375,23,4
2016-01-16 00:00:00,51.375,0,5
2016-01-16 01:00:00,53.75,1,5
2016-01-16 02:00:00,53.25,2,5
2016-01-16 03:00:00,52.5,3,5
2016-01-16 04:00:00,51.875,4,5
2016-01-16 05:00:00,52.125,5,5
2016-01-16 06:00:00,52.625,6,5
2016-01-16 07:00:00,52.25,7,5
2016-01-16 08:00:00,53.875,8,5
2016-01-16 09:00:00,55.625,9,5
2016-01-16 10:00:00,58.75,10,5
2016-01-16 11:00:00,61.125,11,5
2016-01-16 12:00:00,65.25,12,5
2016-01-16 13:00:00,66.0,13,5
2016-01-16 14:00:00,64.125,14,5
2016-01-16 15:00:00,63.875,15,5
2016-01-16 16:00:00,63.875,16,5
2016-01-16 17:00:00,65.25,17,5
2016-01-16 18:00:00,64.625,18,5
2016-01-16 19:00:00,63.0,19,5
2016-01-16 20:00:00,61.0,20,5
2016-01-16 21:00:00,55.875,21,5
2016-01-16 22:00:00,55.0,22,5
2016-01-16 23:00:00,53.25,23,5
2016-01-17 00:00:00,51.75,0,6
2016-01-17 01:00:00,51.875,1,6
2016-01-17 02:00:00,51.0,2,6
2016-01-17 03:00:00,51.75,3,6
2016-01-17 04:00:00,51.375,4,6
2016-01-17 05:00:00,50.625,5,6
2016-01-17 06:00:00,50.125,6,6
2016-01-17 07:00:00,51.0,7,6
2016-01-17 08:00:00,53.375,8,6
2016-01-17 09:00:00,56.375,9,6
2016-01-17 10:00:00,57.375,10,6
2016-01-17 11:00:00,60.0,11,6
2016-01-17 12:00:00,63.25,12,6
2016-01-17 13:00:00,67.0,13,6
2016-01-17 14:00:00,65.75,14,6
2016-01-17 15:00:00,72.125,15,6
2016-01-17 16:00:00,72.375,16,6
2016-01-17 17:00:00,72.25,17,6
2016-01-17 18:00:00,72.125,18,6
2016-01-17 19:00:00,70.0,19,6
2016-01-17 20:00:00,65.375,20,6
2016-01-17 21:00:00,58.125,21,6
2016-01-17 22:00:00,56.125,22,6
2016-01-17 23:00:00,52.5,23,6
2016-01-18 00:00:00,53.5,0,0
2016-01-18 01:00:00,52.75,1,0
2016-01-18 02:00:00,51.75,2,0
2016-01-18 03:00:00,53.0,3,0
2016-01-18 04:00:00,52.875,4,0
2016-01-18 05:00:00,52.75,5,0
2016-01-18 06:00:00,56.25,6,0
2016-01-18 07:00:00,69.75,7,0
2016-01-18 08:00:00,83.125,8,0
2016-01-18 09:00:00,102.75,9,0
2016-01-18 10:00:00,128.5,10,0
2016-01-18 11:00:00,137.25,11,0
2016-01-18 12:00:00,144.5,12,0
2016-01-18 13:00:00,145.25,13,0
2016-01-18 14:00:00,152.0,14,0
2016-01-18 15:00:00,143.0,15,0
2016-01-18 16:00:00,143.0,16,0
2016-01-18 17:00:00,139.125,17,0
2016-01-18 18:00:00,120.875,18,0
2016-01-18 19:00:00,109.0,19,0
2016-01-18 20:00:00,98.125,20,0
2016-01-18 21:00:00,88.875,21,0
2016-01-18 22:00:00,75.125,22,0
2016-01-18 23:00:00,64.5,23,0
2016-01-19 00:00:00,53.125,0,1
2016-01-19 01:00:00,50.25,1,1
2016-01-19 02:00:00,49.875,2,1
2016-01-19 03:00:00,48.375,3,1
2016-01-19 04:00:00,48.125,4,1
2016-01-19 05:00:00,48.125,5,1
2016-01-19 06:00:00,51.625,6,1
2016-01-19 07:00:00,61.25,7,1
2016-01-19 08:00:00,73.75,8,1
2016-01-19 09:00:00,90.125,9,1
2016-01-19 10:00:00,115.0,10,1
2016-01-19 11:00:00,136.0,11,1
2016-01-19 12:00:00,135.5,12,1
2016-01-19 13:00:00,144.875,13,1
2016-01-19 14:00:00,140.625,14,1
2016-01-19 15:00:00,136.625,15,1
2016-01-19 16:00:00,140.75,16,1
2016-01-19 17:00:00,143.0,17,1
2016-01-19 18:00:00,117.125,18,1
2016-01-19 19:00:00,101.625,19,1
2016-01-19 20:00:00,91.875,20,1
2016-01-19 21:00:00,88.75,21,1
2016-01-19 22:00:00,83.5,22,1
2016-01-19 23:00:00,76.0,23,1
2016-01-20 00:00:00,62.3342,0,2
2016-01-20 01:00:00,69.6684,1,2
2016-01-20 02:00:00,69.1684,2,2
2016-01-20 03:00:00,68.1684,3,2
2016-01-20 04:00:00,68.1684,4,2
2016-01-20 05:00:00,67.6684,5,2
2016-01-20 06:00:00,71.6684,6,2
2016-01-20 07:00:00,79.1684,7,2
2016-01-20 08:00:00,88.1684,8,2
2016-01-20 09:00:00,99.6684,9,2
2016-01-20 10:00:00,106.668,10,2
2016-01-20 11:00:00,118.168,11,2
2016-01-20 12:00:00,119.168,12,2
2016-01-20 13:00:00,123.168,13,2
2016-01-20 14:00:00,119.168,14,2
2016-01-20 15:00:00,117.668,15,2
2016-01-20 16:00:00,120.168,16,2
2016-01-20 17:00:00,118.168,17,2
2016-01-20 18:00:00,104.168,18,2
2016-01-20 19:00:00,96.1684,19,2
2016-01-20 20:00:00,93.6684,20,2
2016-01-20 21:00:00,88.1684,21,2
2016-01-20 22:00:00,74.1684,22,2
2016-01-20 23:00:00,72.6684,23,2
2016-01-21 00:00:00,64.4592,0,3
2016-01-21 01:00:00,64.5842,1,3
2016-01-21 02:00:00,55.125,2,3
2016-01-21 03:00:00,55.375,3,3
2016-01-21 04:00:00,54.75,4,3
2016-01-21 05:00:00,57.25,5,3
2016-01-21 06:00:00,59.75,6,3
2016-01-21 07:00:00,71.25,7,3
2016-01-21 08:00:00,80.0,8,3
2016-01-21 09:00:00,101.125,9,3
2016-01-21 10:00:00,114.25,10,3
2016-01-21 11:00:00,134.5,11,3
2016-01-21 12:00:00,140.5,12,3
2016-01-21 13:00:00,143.75,13,3
2016-01-21 14:00:00,141.625,14,3
2016-01-21 15:00:00,139.625,15,3
2016-01-21 16:00:00,144.875,16,3
2016-01-21 17:00:00,144.375,17,3
2016-01-21 18:00:00,115.375,18,3
2016-01-21 19:00:00,98.75,19,3
2016-01-21 20:00:00,93.0,20,3
2016-01-21 21:00:00,86.375,21,3
2016-01-21 22:00:00,75.625,22,3
2016-01-21 23:00:00,64.5,23,3
2016-01-22 00:00:00,54.625,0,4
2016-01-22 01:00:00,50.5,1,4
2016-01-22 02:00:00,49.25,2,4
2016-01-22 03:00:00,47.375,3,4
2016-01-22 04:00:00,47.5,4,4
2016-01-22 05:00:00,47.125,5,4
2016-01-22 06:00:00,52.125,6,4
2016-01-22 07:00:00,62.0,7,4
2016-01-22 08:00:00,72.125,8,4
2016-01-22 09:00:00,89.375,9,4
2016-01-22 10:00:00,112.875,10,4
2016-01-22 11:00:00,133.375,11,4
2016-01-22 12:00:00,142.375,12,4
2016-01-22 13:00:00,150.5,13,4
2016-01-22 14:00:00,146.0,14,4
2016-01-22 15:00:00,147.5,15,4
2016-01-22 16:00:00,145.875,16,4
2016-01-22 17:00:00,132.5,17,4
2016-01-22 18:00:00,116.125,18,4
2016-01-22 19:00:00,96.375,19,4
2016-01-22 20:00:00,90.5,20,4
2016-01-22 21:00:00,77.875,21,4
2016-01-22 22:00:00,63.0,22,4
2016-01-22 23:00:00,60.0,23,4
2016-01-23 00:00:00,51.875,0,5
2016-01-23 01:00:00,51.875,1,5
2016-01-23 02:00:00,50.875,2,5
2016-01-23 03:00:00,50.625,3,5
2016-01-23 04:00:00,49.25,4,5
2016-01-23 05:00:00,49.125,5,5
2016-01-23 06:00:00,49.0,6,5
2016-01-23 07:00:00,49.5,7,5
2016-01-23 08:00:00,53.125,8,5
2016-01-23 09:00:00,55.625,9,5
2016-01-23 10:00:00,56.0,10,5
2016-01-23 11:00:00,59.875,11,5
2016-01-23 12:00:00,62.125,12,5
2016-01-23 13:00:00,63.125,13,5
2016-01-23 14:00:00,63.625,14,5
2016-01-23 15:00:00,62.75,15,5
2016-01-23 16:00:00,68.875,16,5
2016-01-23 17:00:00,70.75,17,5
2016-01-23 18:00:00,68.625,18,5
2016-01-23 19:00:00,64.0,19,5
2016-01-23 20:00:00,58.25,20,5
2016-01-23 21:00:00,54.125,21,5
2016-01-23 22:00:00,50.5,22,5
2016-01-23 23:00:00,49.375,23,5
2016-01-24 00:00:00,52.625,0,6
2016-01-24 01:00:00,49.5,1,6
2016-01-24 02:00:00,48.75,2,6
2016-01-24 03:00:00,48.375,3,6
2016-01-24 04:00:00,48.25,4,6
2016-01-24 05:00:00,47.5,5,6
2016-01-24 06:00:00,47.0,6,6
2016-01-24 07:00:00,48.375,7,6
2016-01-24 08:00:00,49.75,8,6
2016-01-24 09:00:00,51.75,9,6
2016-01-24 10:00:00,52.375,10,6
2016-01-24 11:00:00,55.75,11,6
2016-01-24 12:00:00,67.0,12,6
2016-01-24 13:00:00,68.375,13,6
2016-01-24 14:00:00,69.0,14,6
2016-01-24 15:00:00,67.375,15,6
2016-01-24 16:00:00,67.125,16,6
2016-01-24 17:00:00,68.5,17,6
2016-01-24 18:00:00,69.0,18,6
2016-01-24 19:00:00,67.625,19,6
2016-01-24 20:00:00,67.0,20,6
2016-01-24 21:00:00,60.25,21,6
2016-01-24 22:00:00,59.375,22,6
2016-01-24 23:00:00,59.875,23,6
2016-01-25 00:00:00,55.5,0,0
2016-01-25 01:00:00,55.625,1,0
2016-01-25 02:00:00,55.25,2,0
2016-01-25 03:00:00,55.0,3,0
2016-01-25 04:00:00,54.875,4,0
2016-01-25 05:00:00,55.75,5,0
2016-01-25 06:00:00,56.25,6,0
2016-01-25 07:00:00,68.875,7,0
2016-01-25 08:00:00,79.5,8,0
2016-01-25 09:00:00,97.875,9,0
2016-01-25 10:00:00,117.75,10,0
2016-01-25 11:00:00,127.25,11,0
2016-01-25 12:00:00,134.875,12,0
2016-01-25 13:00:00,142.75,13,0
2016-01-25 14:00:00,144.5,14,0
2016-01-25 15:00:00,146.75,15,0
2016-01-25 16:00:00,149.375,16,0
2016-01-25 17:00:00,139.375,17,0
2016-01-25 18:00:00,121.375,18,0
2016-01-25 19:00:00,106.0,19,0
2016-01-25 20:00:00,96.875,20,0
2016-01-25 21:00:00,88.125,21,0
2016-01-25 22:00:00,70.0,22,0
2016-01-25 23:00:00,64.875,23,0
2016-01-26 00:00:00,55.125,0,1
2016-01-26 01:00:00,53.5,1,1
2016-01-26 02:00:00,52.5,2,1
2016-01-26 03:00:00,51.75,3,1
2016-01-26 04:00:00,51.625,4,1
2016-01-26 05:00:00,51.375,5,1
2016-01-26 06:00:00,56.0,6,1
2016-01-26 07:00:00,70.125,7,1
2016-01-26 08:00:00,76.125,8,1
2016-01-26 09:00:00,92.375,9,1
2016-01-26 10:00:00,109.0,10,1
2016-01-26 11:00:00,125.875,11,1
2016-01-26 12:00:00,130.625,12,1
2016-01-26 13:00:00,136.875,13,1
2016-01-26 14:00:00,142.5,14,1
2016-01-26 15:00:00,142.5,15,1
2016-01-26 16:00:00,142.875,16,1
2016-01-26 17:00:00,138.625,17,1
2016-01-26 18:00:00,120.625,18,1
2016-01-26 19:00:00,106.875,19,1
2016-01-26 20:00:00,93.0,20,1
2016-01-26 21:00:00,85.5,21,1
2016-01-26 22:00:00,70.875,22,1
2016-01-26 23:00:00,62.875,23,1
2016-01-27 00:00:00,53.875,0,2
2016-01-27 01:00:00,54.0,1,2
2016-01-27 02:00:00,54.25,2,2
2016-01-27 03:00:00,53.75,3,2
2016-01-27 04:00:00,53.75,4,2
2016-01-27 05:00:00,53.5,5,2
2016-01-27 06:00:00,57.5,6,2
2016-01-27 07:00:00,69.125,7,2
2016-01-27 08:00:00,77.625,8,2
2016-01-27 09:00:00,97.75,9,2
2016-01-27 10:00:00,116.375,10,2
2016-01-27 11:00:00,128.25,11,2
2016-01-27 12:00:00,139.5,12,2
2016-01-27 13:00:00,140.625,13,2
2016-01-27 14:00:00,140.625,14,2
2016-01-27 15:00:00,140.5,15,2
2016-01-27 16:00:00,138.875,16,2
2016-01-27 17:00:00,132.0,17,2
2016-01-27 18:00:00,118.375,18,2
2016-01-27 19:00:00,99.75,19,2
2016-01-27 20:00:00,91.125,20,2
2016-01-27 21:00:00,82.5,21,2
2016-01-27 22:00:00,68.75,22,2
2016-01-27 23:00:00,58.75,23,2
2016-01-28 00:00:00,55.25,0,3
2016-01-28 01:00:00,51.0,1,3
2016-01-28 02:00:00,49.5,2,3
2016-01-28 03:00:00,48.0,3,3
2016-01-28 04:00:00,48.25,4,3
2016-01-28 05:00:00,47.125,5,3
2016-01-28 06:00:00,51.375,6,3
2016-01-28 07:00:00,65.625,7,3
2016-01-28 08:00:00,75.5,8,3
2016-01-28 09:00:00,95.25,9,3
2016-01-28 10:00:00,112.625,10,3
2016-01-28 11:00:00,128.5,11,3
2016-01-28 12:00:00,131.125,12,3
2016-01-28 13:00:00,126.375,13,3
2016-01-28 14:00:00,130.875,14,3
2016-01-28 15:00:00,136.75,15,3
2016-01-28 16:00:00,140.375,16,3
2016-01-28 17:00:00,129.875,17,3
2016-01-28 18:00:00,113.875,18,3
2016-01-28 19:00:00,97.625,19,3
2016-01-28 20:00:00,86.25,20,3
2016-01-28 21:00:00,82.0,21,3
2016-01-28 22:00:00,72.25,22,3
2016-01-28 23:00:00,62.125,23,3
2016-01-29 00:00:00,55.5,0,4
2016-01-29 01:00:00,58.5,1,4
2016-01-29 02:00:00,59.0,2,4
2016-01-29 03:00:00,56.25,3,4
2016-01-29 04:00:00,56.75,4,4
2016-01-29 05:00:00,57.0,5,4
2016-01-29 06:00:00,60.125,6,4
2016-01-29 07:00:00,72.375,7,4
2016-01-29 08:00:00,79.75,8,4
2016-01-29 09:00:00,99.125,9,4
2016-01-29 10:00:00,114.75,10,4
2016-01-29 11:00:00,126.0,11,4
2016-01-29 12:00:00,134.875,12,4
2016-01-29 13:00:00,135.375,13,4
2016-01-29 14:00:00,135.625,14,4
2016-01-29 15:00:00,133.25,15,4
2016-01-29 16:00:00,134.75,16,4
2016-01-29 17:00:00,125.75,17,4
2016-01-29 18:00:00,104.5,18,4
2016-01-29 19:00:00,87.375,19,4
2016-01-29 20:00:00,81.125,20,4
2016-01-29 21:00:00,71.5,21,4
2016-01-29 22:00:00,64.75,22,4
2016-01-29 23:00:00,57.75,23,4
2016-01-30 00:00:00,49.75,0,5
2016-01-30 01:00:00,52.75,1,5
2016-01-30 02:00:00,51.625,2,5
2016-01-30 03:00:00,50.875,3,5
2016-01-30 04:00:00,49.75,4,5
2016-01-30 05:00:00,49.375,5,5
2016-01-30 06:00:00,50.75,6,5
2016-01-30 07:00:00,53.75,7,5
2016-01-30 08:00:00,55.625,8,5
2016-01-30 09:00:00,56.25,9,5
2016-01-30 10:00:00,58.375,10,5
2016-01-30 11:00:00,60.5,11,5
2016-01-30 12:00:00,63.5,12,5
2016-01-30 13:00:00,64.0,13,5
2016-01-30 14:00:00,63.5,14,5
2016-01-30 15:00:00,63.0,15,5
2016-01-30 16:00:00,65.25,16,5
2016-01-30 17:00:00,65.0,17,5
2016-01-30 18:00:00,65.75,18,5
2016-01-30 19:00:00,64.5,19,5
2016-01-30 20:00:00,62.125,20,5
2016-01-30 21:00:00,53.625,21,5
2016-01-30 22:00:00,50.0,22,5
2016-01-30 23:00:00,49.375,23,5
2016-01-31 00:00:00,46.375,0,6
2016-01-31 01:00:00,46.5,1,6
2016-01-31 02:00:00,47.25,2,6
2016-01-31 03:00:00,46.125,3,6
2016-01-31 04:00:00,45.875,4,6
2016-01-31 05:00:00,45.5,5,6
2016-01-31 06:00:00,46.125,6,6
2016-01-31 07:00:00,46.0,7,6
2016-01-31 08:00:00,46.875,8,6
2016-01-31 09:00:00,49.0,9,6
2016-01-31 10:00:00,53.25,10,6
2016-01-31 11:00:00,58.5,11,6
2016-01-31 12:00:00,59.625,12,6
2016-01-31 13:00:00,55.875,13,6
2016-01-31 14:00:00,57.875,14,6
2016-01-31 15:00:00,59.625,15,6
2016-01-31 16:00:00,59.625,16,6
2016-01-31 17:00:00,59.625,17,6
2016-01-31 18:00:00,61.875,18,6
2016-01-31 19:00:00,60.875,19,6
2016-01-31 20:00:00,61.5,20,6
2016-01-31 21:00:00,53.125,21,6
2016-01-31 22:00:00,50.625,22,6
2016-01-31 23:00:00,49.125,23,6
2016-02-01 00:00:00,50.625,0,0
2016-02-01 01:00:00,47.625,1,0
2016-02-01 02:00:00,47.5,2,0
2016-02-01 03:00:00,46.125,3,0
2016-02-01 04:00:00,47.0,4,0
2016-02-01 05:00:00,46.875,5,0
2016-02-01 06:00:00,52.375,6,0
2016-02-01 07:00:00,66.625,7,0
2016-02-01 08:00:00,76.125,8,0
2016-02-01 09:00:00,98.125,9,0
2016-02-01 10:00:00,116.0,10,0
2016-02-01 11:00:00,129.5,11,0
2016-02-01 12:00:00,132.125,12,0
2016-02-01 13:00:00,139.0,13,0
2016-02-01 14:00:00,143.875,14,0
2016-02-01 15:00:00,145.125,15,0
2016-02-01 16:00:00,141.5,16,0
2016-02-01 17:00:00,134.75,17,0
2016-02-01 18:00:00,115.875,18,0
2016-02-01 19:00:00,97.0,19,0
2016-02-01 20:00:00,86.625,20,0
2016-02-01 21:00:00,82.5,21,0
2016-02-01 22:00:00,71.875,22,0
2016-02-01 23:00:00,65.125,23,0
2016-02-02 00:00:00,50.625,0,1
2016-02-02 01:00:00,48.5,1,1
2016-02-02 02:00:00,48.25,2,1
2016-02-02 03:00:00,46.25,3,1
2016-02-02 04:00:00,46.25,4,1
2016-02-02 05:00:00,46.75,5,1
2016-02-02 06:00:00,48.625,6,1
2016-02-02 07:00:00,64.625,7,1
2016-02-02 08:00:00,73.625,8,1
2016-02-02 09:00:00,92.25,9,1
2016-02-02 10:00:00,114.375,10,1
2016-02-02 11:00:00,124.0,11,1
2016-02-02 12:00:00,126.5,12,1
2016-02-02 13:00:00,134.25,13,1
2016-02-02 14:00:00,131.75,14,1
2016-02-02 15:00:00,137.75,15,1
2016-02-02 16:00:00,132.0,16,1
2016-02-02 17:00:00,129.5,17,1
2016-02-02 18:00:00,112.75,18,1
2016-02-02 19:00:00,99.875,19,1
2016-02-02 20:00:00,89.875,20,1
2016-02-02 21:00:00,81.375,21,1
2016-02-02 22:00:00,73.25,22,1
2016-02-02 23:00:00,54.625,23,1
2016-02-03 00:00:00,51.0,0,2
2016-02-03 01:00:00,50.0,1,2
2016-02-03 02:00:00,48.0,2,2
2016-02-03 03:00:00,48.25,3,2
2016-02-03 04:00:00,48.625,4,2
2016-02-03 05:00:00,48.75,5,2
2016-02-03 06:00:00,53.75,6,2
2016-02-03 07:00:00,64.625,7,2
2016-02-03 08:00:00,73.125,8,2
2016-02-03 09:00:00,94.75,9,2
2016-02-03 10:00:00,113.625,10,2
2016-02-03 11:00:00,138.625,11,2
2016-02-03 12:00:00,145.625,12,2
2016-02-03 13:00:00,148.0,13,2
2016-02-03 14:00:00,147.75,14,2
2016-02-03 15:00:00,144.125,15,2
2016-02-03 16:00:00,150.0,16,2
2016-02-03 17:00:00,140.0,17,2
2016-02-03 18:00:00,122.5,18,2
2016-02-03 19:00:00,104.5,19,2
2016-02-03 20:00:00,91.0,20,2
2016-02-03 21:00:00,83.75,21,2
2016-02-03 22:00:00,67.875,22,2
2016-02-03 23:00:00,56.375,23,2
2016-02-04 00:00:00,53.0,0,3
2016-02-04 01:00:00,52.125,1,3
2016-02-04 02:00:00,50.5,2,3
2016-02-04 03:00:00,49.375,3,3
2016-02-04 04:00:00,48.375,4,3
2016-02-04 05:00:00,49.75,5,3
2016-02-04 06:00:00,52.625,6,3
2016-02-04 07:00:00,64.0,7,3
2016-02-04 08:00:00,73.875,8,3
2016-02-04 09:00:00,99.0,9,3
2016-02-04 10:00:00,124.75,10,3
2016-02-04 11:00:00,140.25,11,3
2016-02-04 12:00:00,148.0,12,3
2016-02-04 13:00:00,151.5,13,3
2016-02-04 14:00:00,152.125,14,3
2016-02-04 15:00:00,154.25,15,3
2016-02-04 16:00:00,153.625,16,3
2016-02-04 17:00:00,138.5,17,3
2016-02-04 18:00:00,117.5,18,3
2016-02-04 19:00:00,103.375,19,3
2016-02-04 20:00:00,91.5,20,3
2016-02-04 21:00:00,87.5,21,3
2016-02-04 22:00:00,77.25,22,3
2016-02-04 23:00:00,60.5,23,3
2016-02-05 00:00:00,55.875,0,4
2016-02-05 01:00:00,53.125,1,4
2016-02-05 02:00:00,52.0,2,4
2016-02-05 03:00:00,52.375,3,4
2016-02-05 04:00:00,52.375,4,4
2016-02-05 05:00:00,52.125,5,4
2016-02-05 06:00:00,55.5,6,4
2016-02-05 07:00:00,68.5,7,4
2016-02-05 08:00:00,73.625,8,4
2016-02-05 09:00:00,90.625,9,4
2016-02-05 10:00:00,115.625,10,4
2016-02-05 11:00:00,134.5,11,4
2016-02-05 12:00:00,137.875,12,4
2016-02-05 13:00:00,139.375,13,4
2016-02-05 14:00:00,144.875,14,4
2016-02-05 15:00:00,143.75,15,4
2016-02-05 16:00:00,144.25,16,4
2016-02-05 17:00:00,131.0,17,4
2016-02-05 18:00:00,111.0,18,4
2016-02-05 19:00:00,103.5,19,4
2016-02-05 20:00:00,90.625,20,4
2016-02-05 21:00:00,83.75,21,4
2016-02-05 22:00:00,68.625,22,4
2016-02-05 23:00:00,62.125,23,4
2016-02-06 00:00:00,52.023,0,5
2016-02-06 01:00:00,58.7959,1,5
2016-02-06 02:00:00,58.2959,2,5
2016-02-06 03:00:00,56.2959,3,5
2016-02-06 04:00:00,54.7959,4,5
2016-02-06 05:00:00,54.7959,5,5
2016-02-06 06:00:00,56.2959,6,5
2016-02-06 07:00:00,57.2959,7,5
2016-02-06 08:00:00,58.2959,8,5
2016-02-06 09:00:00,58.2959,9,5
2016-02-06 10:00:00,60.2959,10,5
2016-02-06 11:00:00,60.2959,11,5
2016-02-06 12:00:00,61.2959,12,5
2016-02-06 13:00:00,62.2959,13,5
2016-02-06 14:00:00,62.2959,14,5
2016-02-06 15:00:00,62.2959,15,5
2016-02-06 16:00:00,61.7959,16,5
2016-02-06 17:00:00,62.7959,17,5
2016-02-06 18:00:00,62.2959,18,5
2016-02-06 19:00:00,62.2959,19,5
2016-02-06 20:00:00,61.7959,20,5
2016-02-06 21:00:00,60.7959,21,5
2016-02-06 22:00:00,59.7959,22,5
2016-02-06 23:00:00,57.2959,23,5
2016-02-07 00:00:00,51.523,0,6
2016-02-07 01:00:00,53.898,1,6
2016-02-07 02:00:00,49.375,2,6
2016-02-07 03:00:00,48.625,3,6
2016-02-07 04:00:00,48.625,4,6
2016-02-07 05:00:00,47.875,5,6
2016-02-07 06:00:00,48.375,6,6
2016-02-07 07:00:00,49.5,7,6
2016-02-07 08:00:00,50.625,8,6
2016-02-07 09:00:00,53.0,9,6
2016-02-07 10:00:00,56.125,10,6
2016-02-07 11:00:00,61.0,11,6
2016-02-07 12:00:00,61.375,12,6
2016-02-07 13:00:00,61.5,13,6
2016-02-07 14:00:00,63.375,14,6
2016-02-07 15:00:00,64.75,15,6
2016-02-07 16:00:00,65.125,16,6
2016-02-07 17:00:00,67.5,17,6
2016-02-07 18:00:00,65.625,18,6
2016-02-07 19:00:00,64.0,19,6
2016-02-07 20:00:00,62.0,20,6
2016-02-07 21:00:00,55.25,21,6
2016-02-07 22:00:00,54.125,22,6
2016-02-07 23:00:00,48.625,23,6
2016-02-08 00:00:00,50.75,0,0
2016-02-08 01:00:00,47.5,1,0
2016-02-08 02:00:00,46.25,2,0
2016-02-08 03:00:00,45.625,3,0
2016-02-08 04:00:00,44.375,4,0
2016-02-08 05:00:00,45.125,5,0
2016-02-08 06:00:00,48.125,6,0
2016-02-08 07:00:00,59.5,7,0
2016-02-08 08:00:00,69.0,8,0
2016-02-08 09:00:00,89.25,9,0
2016-02-08 10:00:00,110.25,10,0
2016-02-08 11:00:00,127.125,11,0
2016-02-08 12:00:00,136.25,12,0
2016-02-08 13:00:00,139.125,13,0
2016-02-08 14:00:00,143.25,14,0
2016-02-08 15:00:00,143.875,15,0
2016-02-08 16:00:00,140.125,16,0
2016-02-08 17:00:00,131.625,17,0
2016-02-08 18:00:00,116.75,18,0
2016-02-08 19:00:00,101.375,19,0
2016-02-08 20:00:00,86.375,20,0
2016-02-08 21:00:00,79.25,21,0
2016-02-08 22:00:00,71.125,22,0
2016-02-08 23:00:00,58.5,23,0
2016-02-09 00:00:00,54.75,0,1
2016-02-09 01:00:00,53.375,1,1
2016-02-09 02:00:00,51.25,2,1
2016-02-09 03:00:00,49.625,3,1
2016-02-09 04:00:00,49.25,4,1
2016-02-09 05:00:00,49.375,5,1
2016-02-09 06:00:00,53.0,6,1
2016-02-09 07:00:00,66.25,7,1
2016-02-09 08:00:00,72.0,8,1
2016-02-09 09:00:00,93.625,9,1
2016-02-09 10:00:00,109.5,10,1
2016-02-09 11:00:00,126.75,11,1
2016-02-09 12:00:00,128.75,12,1
2016-02-09 13:00:00,131.0,13,1
2016-02-09 14:00:00,134.125,14,1
2016-02-09 15:00:00,131.25,15,1
2016-02-09 16:00:00,131.125,16,1
2016-02-09 17:00:00,132.0,17,1
2016-02-09 18:00:00,113.25,18,1
2016-02-09 19:00:00,90.875,19,1
2016-02-09 20:00:00,81.875,20,1
2016-02-09 21:00:00,77.0,21,1
2016-02-09 22:00:00,70.125,22,1
2016-02-09 23:00:00,64.0,23,1
2016-02-10 00:00:00,57.0,0,2
2016-02-10 01:00:00,55.75,1,2
2016-02-10 02:00:00,54.375,2,2
2016-02-10 03:00:00,53.625,3,2
2016-02-10 04:00:00,54.25,4,2
2016-02-10 05:00:00,53.625,5,2
2016-02-10 06:00:00,55.875,6,2
2016-02-10 07:00:00,67.0,7,2
2016-02-10 08:00:00,77.875,8,2
2016-02-10 09:00:00,100.25,9,2
2016-02-10 10:00:00,122.0,10,2
2016-02-10 11:00:00,128.375,11,2
2016-02-10 12:00:00,131.25,12,2
2016-02-10 13:00:00,134.5,13,2
2016-02-10 14:00:00,128.875,14,2
2016-02-10 15:00:00,133.75,15,2
2016-02-10 16:00:00,138.0,16,2
2016-02-10 17:00:00,132.5,17,2
2016-02-10 18:00:00,114.625,18,2
2016-02-10 19:00:00,96.25,19,2
2016-02-10 20:00:00,88.625,20,2
2016-02-10 21:00:00,79.25,21,2
2016-02-10 22:00:00,70.75,22,2
2016-02-10 23:00:00,66.125,23,2
2016-02-11 00:00:00,55.125,0,3
2016-02-11 01:00:00,54.375,1,3
2016-02-11 02:00:00,53.125,2,3
2016-02-11 03:00:00,52.0,3,3
2016-02-11 04:00:00,52.625,4,3
2016-02-11 05:00:00,52.375,5,3
2016-02-11 06:00:00,54.125,6,3
2016-02-11 07:00:00,65.625,7,3
2016-02-11 08:00:00,73.625,8,3
2016-02-11 09:00:00,99.5,9,3
2016-02-11 10:00:00,117.875,10,3
2016-02-11 11:00:00,132.125,11,3
2016-02-11 12:00:00,135.625,12,3
2016-02-11 13:00:00,137.75,13,3
2016-02-11 14:00:00,134.625,14,3
2016-02-11 15:00:00,137.5,15,3
2016-02-11 16:00:00,138.875,16,3
2016-02-11 17:00:00,135.0,17,3
2016-02-11 18:00:00,114.875,18,3
2016-02-11 19:00:00,104.125,19,3
2016-02-11 20:00:00,96.5,20,3
2016-02-11 21:00:00,90.0,21,3
2016-02-11 22:00:00,71.125,22,3
2016-02-11 23:00:00,63.5,23,3
2016-02-12 00:00:00,53.5,0,4
2016-02-12 01:00:00,53.0,1,4
2016-02-12 02:00:00,52.5,2,4
2016-02-12 03:00:00,53.0,3,4
2016-02-12 04:00:00,51.125,4,4
2016-02-12 05:00:00,51.625,5,4
2016-02-12 06:00:00,53.5,6,4
2016-02-12 07:00:00,62.5,7,4
2016-02-12 08:00:00,72.375,8,4
2016-02-12 09:00:00,90.875,9,4
2016-02-12 10:00:00,107.375,10,4
2016-02-12 11:00:00,128.375,11,4
2016-02-12 12:00:00,138.125,12,4
2016-02-12 13:00:00,138.375,13,4
2016-02-12 14:00:00,135.875,14,4
2016-02-12 15:00:00,138.125,15,4
2016-02-12 16:00:00,138.375,16,4
2016-02-12 17:00:00,124.375,17,4
2016-02-12 18:00:00,115.25,18,4
2016-02-12 19:00:00,100.0,19,4
2016-02-12 20:00:00,91.75,20,4
2016-02-12 21:00:00,85.875,21,4
2016-02-12 22:00:00,68.375,22,4
2016-02-12 23:00:00,57.25,23,4
2016-02-13 00:00:00,47.125,0,5
2016-02-13 01:00:00,54.625,1,5
2016-02-13 02:00:00,49.125,2,5
2016-02-13 03:00:00,50.0,3,5
2016-02-13 04:00:00,50.0,4,5
2016-02-13 05:00:00,48.125,5,5
2016-02-13 06:00:00,47.125,6,5
2016-02-13 07:00:00,48.625,7,5
2016-02-13 08:00:00,51.75,8,5
2016-02-13 09:00:00,51.75,9,5
2016-02-13 10:00:00,55.375,10,5
2016-02-13 11:00:00,56.0,11,5
2016-02-13 12:00:00,61.5,12,5
2016-02-13 13:00:00,61.5,13,5
2016-02-13 14:00:00,65.75,14,5
2016-02-13 15:00:00,71.25,15,5
2016-02-13 16:00:00,69.75,16,5
2016-02-13 17:00:00,69.5,17,5
2016-02-13 18:00:00,66.875,18,5
2016-02-13 19:00:00,62.5,19,5
2016-02-13 20:00:00,59.875,20,5
2016-02-13 21:00:00,56.875,21,5
2016-02-13 22:00:00,55.625,22,5
2016-02-13 23:00:00,55.0,23,5
2016-02-14 00:00:00,50.75,0,6
2016-02-14 01:00:00,50.625,1,6
2016-02-14 02:00:00,49.5,2,6
2016-02-14 03:00:00,49.875,3,6
2016-02-14 04:00:00,49.625,4,6
2016-02-14 05:00:00,49.375,5,6
2016-02-14 06:00:00,48.5,6,6
2016-02-14 07:00:00,49.5,7,6
2016-02-14 08:00:00,49.25,8,6
2016-02-14 09:00:00,52.5,9,6
2016-02-14 10:00:00,55.625,10,6
2016-02-14 11:00:00,56.25,11,6
2016-02-14 12:00:00,60.75,12,6
2016-02-14 13:00:00,67.625,13,6
2016-02-14 14:00:00,69.375,14,6
2016-02-14 15:00:00,67.75,15,6
2016-02-14 16:00:00,69.375,16,6
2016-02-14 17:00:00,67.375,17,6
2016-02-14 18:00:00,67.75,18,6
2016-02-14 19:00:00,70.875,19,6
2016-02-14 20:00:00,64.375,20,6
2016-02-14 21:00:00,58.5,21,6
2016-02-14 22:00:00,54.125,22,6
2016-02-14 23:00:00,52.625,23,6
2016-02-15 00:00:00,53.5,0,0
2016-02-15 01:00:00,48.875,1,0
2016-02-15 02:00:00,47.0,2,0
2016-02-15 03:00:00,46.0,3,0
2016-02-15 04:00:00,46.0,4,0
2016-02-15 05:00:00,46.875,5,0
2016-02-15 06:00:00,49.625,6,0
2016-02-15 07:00:00,63.125,7,0
2016-02-15 08:00:00,71.125,8,0
2016-02-15 09:00:00,92.25,9,0
2016-02-15 10:00:00,110.75,10,0
2016-02-15 11:00:00,126.75,11,0
2016-02-15 12:00:00,132.5,12,0
2016-02-15 13:00:00,137.625,13,0
2016-02-15 14:00:00,134.625,14,0
2016-02-15 15:00:00,134.0,15,0
2016-02-15 16:00:00,135.75,16,0
2016-02-15 17:00:00,132.375,17,0
2016-02-15 18:00:00,114.75,18,0
2016-02-15 19:00:00,97.5,19,0
2016-02-15 20:00:00,84.75,20,0
2016-02-15 21:00:00,71.375,21,0
2016-02-15 22:00:00,63.125,22,0
2016-02-15 23:00:00,61.0,23,0
2016-02-16 00:00:00,58.875,0,1
2016-02-16 01:00:00,53.625,1,1
2016-02-16 02:00:00,51.875,2,1
2016-02-16 03:00:00,50.375,3,1
2016-02-16 04:00:00,51.0,4,1
2016-02-16 05:00:00,50.5,5,1
2016-02-16 06:00:00,55.125,6,1
2016-02-16 07:00:00,66.125,7,1
2016-02-16 08:00:00,72.0,8,1
2016-02-16 09:00:00,96.0,9,1
2016-02-16 10:00:00,116.5,10,1
2016-02-16 11:00:00,119.5,11,1
2016-02-16 12:00:00,125.75,12,1
2016-02-16 13:00:00,132.875,13,1
2016-02-16 14:00:00,134.125,14,1
2016-02-16 15:00:00,140.25,15,1
2016-02-16 16:00:00,141.125,16,1
2016-02-16 17:00:00,134.125,17,1
2016-02-16 18:00:00,116.875,18,1
2016-02-16 19:00:00,101.0,19,1
2016-02-16 20:00:00,93.0,20,1
2016-02-16 21:00:00,79.0,21,1
2016-02-16 22:00:00,72.625,22,1
2016-02-16 23:00:00,71.25,23,1
2016-02-17 00:00:00,56.875,0,2
2016-02-17 01:00:00,58.75,1,2
2016-02-17 02:00:00,57.0,2,2
2016-02-17 03:00:00,55.875,3,2
2016-02-17 04:00:00,55.125,4,2
2016-02-17 05:00:00,54.25,5,2
2016-02-17 06:00:00,58.375,6,2
2016-02-17 07:00:00,69.25,7,2
2016-02-17 08:00:00,74.25,8,2
2016-02-17 09:00:00,95.25,9,2
2016-02-17 10:00:00,112.0,10,2
2016-02-17 11:00:00,123.5,11,2
2016-02-17 12:00:00,120.25,12,2
2016-02-17 13:00:00,129.375,13,2
2016-02-17 14:00:00,128.75,14,2
2016-02-17 15:00:00,123.25,15,2
2016-02-17 16:00:00,126.25,16,2
2016-02-17 17:00:00,129.375,17,2
2016-02-17 18:00:00,110.625,18,2
2016-02-17 19:00:00,99.375,19,2
2016-02-17 20:00:00,90.625,20,2
2016-02-17 21:00:00,71.125,21,2
2016-02-17 22:00:00,60.25,22,2
2016-02-17 23:00:00,56.625,23,2
2016-02-18 00:00:00,54.0,0,3
2016-02-18 01:00:00,50.625,1,3
2016-02-18 02:00:00,50.25,2,3
2016-02-18 03:00:00,49.625,3,3
2016-02-18 04:00:00,49.375,4,3
2016-02-18 05:00:00,48.375,5,3
2016-02-18 06:00:00,51.875,6,3
2016-02-18 07:00:00,64.625,7,3
2016-02-18 08:00:00,69.875,8,3
2016-02-18 09:00:00,87.75,9,3
2016-02-18 10:00:00,105.625,10,3
2016-02-18 11:00:00,117.375,11,3
2016-02-18 12:00:00,123.5,12,3
2016-02-18 13:00:00,128.5,13,3
2016-02-18 14:00:00,128.125,14,3
2016-02-18 15:00:00,122.5,15,3
2016-02-18 16:00:00,129.75,16,3
2016-02-18 17:00:00,127.0,17,3
2016-02-18 18:00:00,107.0,18,3
2016-02-18 19:00:00,97.75,19,3
2016-02-18 20:00:00,84.25,20,3
2016-02-18 21:00:00,68.375,21,3
2016-02-18 22:00:00,57.625,22,3
2016-02-18 23:00:00,54.875,23,3
2016-02-19 00:00:00,54.375,0,4
2016-02-19 01:00:00,51.0,1,4
2016-02-19 02:00:00,49.25,2,4
2016-02-19 03:00:00,47.0,3,4
2016-02-19 04:00:00,46.875,4,4
2016-02-19 05:00:00,46.375,5,4
2016-02-19 06:00:00,50.5,6,4
2016-02-19 07:00:00,62.125,7,4
2016-02-19 08:00:00,71.875,8,4
2016-02-19 09:00:00,89.375,9,4
2016-02-19 10:00:00,102.875,10,4
2016-02-19 11:00:00,115.875,11,4
2016-02-19 12:00:00,124.75,12,4
2016-02-19 13:00:00,124.5,13,4
2016-02-19 14:00:00,133.625,14,4
2016-02-19 15:00:00,132.5,15,4
2016-02-19 16:00:00,129.0,16,4
2016-02-19 17:00:00,116.75,17,4
2016-02-19 18:00:00,100.375,18,4
2016-02-19 19:00:00,95.875,19,4
2016-02-19 20:00:00,91.75,20,4
2016-02-19 21:00:00,72.875,21,4
2016-02-19 22:00:00,61.625,22,4
2016-02-19 23:00:00,59.125,23,4
2016-02-20 00:00:00,53.875,0,5
2016-02-20 01:00:00,56.5,1,5
2016-02-20 02:00:00,55.75,2,5
2016-02-20 03:00:00,55.125,3,5
2016-02-20 04:00:00,55.375,4,5
2016-02-20 05:00:00,54.625,5,5
2016-02-20 06:00:00,52.875,6,5
2016-02-20 07:00:00,55.125,7,5
2016-02-20 08:00:00,57.375,8,5
2016-02-20 09:00:00,57.625,9,5
2016-02-20 10:00:00,58.375,10,5
2016-02-20 11:00:00,60.375,11,5
2016-02-20 12:00:00,64.75,12,5
2016-02-20 13:00:00,65.25,13,5
2016-02-20 14:00:00,62.75,14,5
2016-02-20 15:00:00,66.375,15,5
2016-02-20 16:00:00,68.875,16,5
2016-02-20 17:00:00,69.0,17,5
2016-02-20 18:00:00,70.25,18,5
2016-02-20 19:00:00,67.0,19,5
2016-02-20 20:00:00,64.0,20,5
2016-02-20 21:00:00,64.375,21,5
2016-02-20 22:00:00,59.375,22,5
2016-02-20 23:00:00,51.875,23,5
2016-02-21 00:00:00,50.625,0,6
2016-02-21 01:00:00,51.25,1,6
2016-02-21 02:00:00,52.0,2,6
2016-02-21 03:00:00,51.875,3,6
2016-02-21 04:00:00,51.0,4,6
2016-02-21 05:00:00,51.125,5,6
2016-02-21 06:00:00,51.125,6,6
2016-02-21 07:00:00,52.0,7,6
2016-02-21 08:00:00,52.625,8,6
2016-02-21 09:00:00,52.0,9,6
2016-02-21 10:00:00,54.125,10,6
2016-02-21 11:00:00,56.25,11,6
2016-02-21 12:00:00,61.125,12,6
2016-02-21 13:00:00,62.75,13,6
2016-02-21 14:00:00,63.125,14,6
2016-02-21 15:00:00,61.375,15,6
2016-02-21 16:00:00,63.0,16,6
2016-02-21 17:00:00,63.375,17,6
2016-02-21 18:00:00,61.125,18,6
2016-02-21 19:00:00,60.625,19,6
2016-02-21 20:00:00,57.375,20,6
2016-02-21 21:00:00,53.25,21,6
2016-02-21 22:00:00,49.5,22,6
2016-02-21 23:00:00,49.375,23,6
2016-02-22 00:00:00,53.375,0,0
2016-02-22 01:00:00,49.625,1,0
2016-02-22 02:00:00,48.375,2,0
2016-02-22 03:00:00,49.0,3,0
2016-02-22 04:00:00,49.75,4,0
2016-02-22 05:00:00,49.875,5,0
2016-02-22 06:00:00,53.75,6,0
2016-02-22 07:00:00,64.875,7,0
2016-02-22 08:00:00,71.875,8,0
2016-02-22 09:00:00,96.0,9,0
2016-02-22 10:00:00,119.5,10,0
2016-02-22 11:00:00,132.125,11,0
2016-02-22 12:00:00,133.875,12,0
2016-02-22 13:00:00,134.5,13,0
2016-02-22 14:00:00,137.25,14,0
2016-02-22 15:00:00,134.625,15,0
2016-02-22 16:00:00,137.375,16,0
2016-02-22 17:00:00,133.0,17,0
2016-02-22 18:00:00,122.125,18,0
2016-02-22 19:00:00,106.0,19,0
2016-02-22 20:00:00,101.5,20,0
2016-02-22 21:00:00,90.125,21,0
2016-02-22 22:00:00,80.5,22,0
2016-02-22 23:00:00,65.25,23,0
2016-02-23 00:00:00,55.375,0,1
2016-02-23 01:00:00,57.125,1,1
2016-02-23 02:00:00,54.875,2,1
2016-02-23 03:00:00,55.25,3,1
2016-02-23 04:00:00,54.875,4,1
2016-02-23 05:00:00,55.75,5,1
2016-02-23 06:00:00,57.5,6,1
2016-02-23 07:00:00,69.625,7,1
2016-02-23 08:00:00,75.625,8,1
2016-02-23 09:00:00,93.875,9,1
2016-02-23 10:00:00,113.0,10,1
2016-02-23 11:00:00,129.125,11,1
2016-02-23 12:00:00,137.5,12,1
2016-02-23 13:00:00,142.625,13,1
2016-02-23 14:00:00,138.625,14,1
2016-02-23 15:00:00,134.625,15,1
2016-02-23 16:00:00,138.375,16,1
2016-02-23 17:00:00,132.5,17,1
2016-02-23 18:00:00,121.0,18,1
2016-02-23 19:00:00,105.375,19,1
2016-02-23 20:00:00,98.875,20,1
2016-02-23 21:00:00,85.375,21,1
2016-02-23 22:00:00,64.5,22,1
2016-02-23 23:00:00,57.125,23,1
2016-02-24 00:00:00,73.4031,0,2
2016-02-24 01:00:00,91.8061,1,2
2016-02-24 02:00:00,91.8061,2,2
2016-02-24 03:00:00,91.8061,3,2
2016-02-24 04:00:00,91.8061,4,2
2016-02-24 05:00:00,91.8061,5,2
2016-02-24 06:00:00,91.8061,6,2
2016-02-24 07:00:00,91.8061,7,2
2016-02-24 08:00:00,91.8061,8,2
2016-02-24 09:00:00,91.8061,9,2
2016-02-24 10:00:00,91.8061,10,2
2016-02-24 11:00:00,91.8061,11,2
2016-02-24 12:00:00,91.8061,12,2
2016-02-24 13:00:00,91.8061,13,2
2016-02-24 14:00:00,91.8061,14,2
2016-02-24 15:00:00,91.8061,15,2
2016-02-24 16:00:00,91.8061,16,2
2016-02-24 17:00:00,91.8061,17,2
2016-02-24 18:00:00,91.8061,18,2
2016-02-24 19:00:00,91.8061,19,2
2016-02-24 20:00:00,91.8061,20,2
2016-02-24 21:00:00,91.8061,21,2
2016-02-24 22:00:00,91.8061,22,2
2016-02-24 23:00:00,91.8061,23,2
2016-02-25 00:00:00,74.5281,0,3
2016-02-25 01:00:00,73.4031,1,3
2016-02-25 02:00:00,54.0,2,3
2016-02-25 03:00:00,52.375,3,3
2016-02-25 04:00:00,49.875,4,3
2016-02-25 05:00:00,50.0,5,3
2016-02-25 06:00:00,53.25,6,3
2016-02-25 07:00:00,67.375,7,3
2016-02-25 08:00:00,73.375,8,3
2016-02-25 09:00:00,96.75,9,3
2016-02-25 10:00:00,117.375,10,3
2016-02-25 11:00:00,134.125,11,3
2016-02-25 12:00:00,139.375,12,3
2016-02-25 13:00:00,145.0,13,3
2016-02-25 14:00:00,144.375,14,3
2016-02-25 15:00:00,145.0,15,3
2016-02-25 16:00:00,145.75,16,3
2016-02-25 17:00:00,137.125,17,3
2016-02-25 18:00:00,118.5,18,3
2016-02-25 19:00:00,105.25,19,3
2016-02-25 20:00:00,95.5,20,3
2016-02-25 21:00:00,82.5,21,3
2016-02-25 22:00:00,76.875,22,3
2016-02-25 23:00:00,65.875,23,3
2016-02-26 00:00:00,55.75,0,4
2016-02-26 01:00:00,56.0,1,4
2016-02-26 02:00:00,53.125,2,4
2016-02-26 03:00:00,50.625,3,4
2016-02-26 04:00:00,50.25,4,4
2016-02-26 05:00:00,50.875,5,4
2016-02-26 06:00:00,52.5,6,4
2016-02-26 07:00:00,65.25,7,4
2016-02-26 08:00:00,75.75,8,4
2016-02-26 09:00:00,95.0,9,4
2016-02-26 10:00:00,116.75,10,4
2016-02-26 11:00:00,128.0,11,4
2016-02-26 12:00:00,132.375,12,4
2016-02-26 13:00:00,139.0,13,4
2016-02-26 14:00:00,136.875,14,4
2016-02-26 15:00:00,139.375,15,4
2016-02-26 16:00:00,135.875,16,4
2016-02-26 17:00:00,123.875,17,4
2016-02-26 18:00:00,114.25,18,4
2016-02-26 19:00:00,99.125,19,4
2016-02-26 20:00:00,87.25,20,4
2016-02-26 21:00:00,80.5,21,4
2016-02-26 22:00:00,65.375,22,4
2016-02-26 23:00:00,59.25,23,4
2016-02-27 00:00:00,53.75,0,5
2016-02-27 01:00:00,52.0,1,5
2016-02-27 02:00:00,51.0,2,5
2016-02-27 03:00:00,52.25,3,5
2016-02-27 04:00:00,51.0,4,5
2016-02-27 05:00:00,50.75,5,5
2016-02-27 06:00:00,50.5,6,5
2016-02-27 07:00:00,50.0,7,5
2016-02-27 08:00:00,54.125,8,5
2016-02-27 09:00:00,52.375,9,5
2016-02-27 10:00:00,55.625,10,5
2016-02-27 11:00:00,58.625,11,5
2016-02-27 12:00:00,63.0,12,5
2016-02-27 13:00:00,66.75,13,5
2016-02-27 14:00:00,65.625,14,5
2016-02-27 15:00:00,66.125,15,5
2016-02-27 16:00:00,65.125,16,5
2016-02-27 17:00:00,66.375,17,5
2016-02-27 18:00:00,66.75,18,5
2016-02-27 19:00:00,66.5,19,5
2016-02-27 20:00:00,67.25,20,5
2016-02-27 21:00:00,64.75,21,5
2016-02-27 22:00:00,61.5,22,5
2016-02-27 23:00:00,53.375,23,5
2016-02-28 00:00:00,52.0,0,6
2016-02-28 01:00:00,54.75,1,6
2016-02-28 02:00:00,53.125,2,6
2016-02-28 03:00:00,52.375,3,6
2016-02-28 04:00:00,49.25,4,6
2016-02-28 05:00:00,49.75,5,6
2016-02-28 06:00:00,48.375,6,6
2016-02-28 07:00:00,49.75,7,6
2016-02-28 08:00:00,50.25,8,6
2016-02-28 09:00:00,50.875,9,6
2016-02-28 10:00:00,51.625,10,6
2016-02-28 11:00:00,51.75,11,6
2016-02-28 12:00:00,58.625,12,6
2016-02-28 13:00:00,61.25,13,6
2016-02-28 14:00:00,63.375,14,6
2016-02-28 15:00:00,61.875,15,6
2016-02-28 16:00:00,64.0,16,6
2016-02-28 17:00:00,65.875,17,6
2016-02-28 18:00:00,64.875,18,6
2016-02-28 19:00:00,65.25,19,6
2016-02-28 20:00:00,61.875,20,6
2016-02-28 21:00:00,60.25,21,6
2016-02-28 22:00:00,58.875,22,6
2016-02-28 23:00:00,54.125,23,6
2016-02-29 00:00:00,54.25,0,0
2016-02-29 01:00:00,49.75,1,0
2016-02-29 02:00:00,50.75,2,0
2016-02-29 03:00:00,49.75,3,0
2016-02-29 04:00:00,49.625,4,0
2016-02-29 05:00:00,49.625,5,0
2016-02-29 06:00:00,52.375,6,0
2016-02-29 07:00:00,65.875,7,0
2016-02-29 08:00:00,76.25,8,0
2016-02-29 09:00:00,94.375,9,0
2016-02-29 10:00:00,114.375,10,0
2016-02-29 11:00:00,133.25,11,0
2016-02-29 12:00:00,137.375,12,0
2016-02-29 13:00:00,141.875,13,0
2016-02-29 14:00:00,138.5,14,0
2016-02-29 15:00:00,142.25,15,0
2016-02-29 16:00:00,138.5,16,0
2016-02-29 17:00:00,135.625,17,0
2016-02-29 18:00:00,119.75,18,0
2016-02-29 19:00:00,106.625,19,0
2016-02-29 20:00:00,101.375,20,0
2016-02-29 21:00:00,95.375,21,0
2016-02-29 22:00:00,69.0,22,0
2016-02-29 23:00:00,63.75,23,0
2016-03-01 00:00:00,57.5,0,1
2016-03-01 01:00:00,57.125,1,1
2016-03-01 02:00:00,55.375,2,1
2016-03-01 03:00:00,55.125,3,1
2016-03-01 04:00:00,54.375,4,1
2016-03-01 05:00:00,54.25,5,1
2016-03-01 06:00:00,57.75,6,1
2016-03-01 07:00:00,68.0,7,1
2016-03-01 08:00:00,80.5,8,1
2016-03-01 09:00:00,95.5,9,1
2016-03-01 10:00:00,123.5,10,1
2016-03-01 11:00:00,136.125,11,1
2016-03-01 12:00:00,137.375,12,1
2016-03-01 13:00:00,139.0,13,1
2016-03-01 14:00:00,137.125,14,1
2016-03-01 15:00:00,140.75,15,1
2016-03-01 16:00:00,143.875,16,1
2016-03-01 17:00:00,139.375,17,1
2016-03-01 18:00:00,116.125,18,1
2016-03-01 19:00:00,100.75,19,1
2016-03-01 20:00:00,90.75,20,1
2016-03-01 21:00:00,80.875,21,1
2016-03-01 22:00:00,69.125,22,1
2016-03-01 23:00:00,62.375,23,1
2016-03-02 00:00:00,57.0,0,2
2016-03-02 01:00:00,55.875,1,2
2016-03-02 02:00:00,55.5,2,2
2016-03-02 03:00:00,55.5,3,2
2016-03-02 04:00:00,53.5,4,2
2016-03-02 05:00:00,54.25,5,2
2016-03-02 06:00:00,57.0,6,2
2016-03-02 07:00:00,68.0,7,2
2016-03-02 08:00:00,77.0,8,2
2016-03-02 09:00:00,100.125,9,2
2016-03-02 10:00:00,122.25,10,2
2016-03-02 11:00:00,133.875,11,2
2016-03-02 12:00:00,137.0,12,2
2016-03-02 13:00:00,137.375,13,2
2016-03-02 14:00:00,136.625,14,2
2016-03-02 15:00:00,135.125,15,2
2016-03-02 16:00:00,136.625,16,2
2016-03-02 17:00:00,129.5,17,2
2016-03-02 18:00:00,118.0,18,2
2016-03-02 19:00:00,101.875,19,2
2016-03-02 20:00:00,90.0,20,2
2016-03-02 21:00:00,81.25,21,2
2016-03-02 22:00:00,65.75,22,2
2016-03-02 23:00:00,59.5,23,2
2016-03-03 00:00:00,53.875,0,3
2016-03-03 01:00:00,54.875,1,3
2016-03-03 02:00:00,53.375,2,3
2016-03-03 03:00:00,53.125,3,3
2016-03-03 04:00:00,52.375,4,3
2016-03-03 05:00:00,51.25,5,3
2016-03-03 06:00:00,53.75,6,3
2016-03-03 07:00:00,66.375,7,3
2016-03-03 08:00:00,75.75,8,3
2016-03-03 09:00:00,96.625,9,3
2016-03-03 10:00:00,117.375,10,3
2016-03-03 11:00:00,132.375,11,3
2016-03-03 12:00:00,139.875,12,3
2016-03-03 13:00:00,147.375,13,3
2016-03-03 14:00:00,141.75,14,3
2016-03-03 15:00:00,145.75,15,3
2016-03-03 16:00:00,143.5,16,3
2016-03-03 17:00:00,132.625,17,3
2016-03-03 18:00:00,115.125,18,3
2016-03-03 19:00:00,101.5,19,3
2016-03-03 20:00:00,89.75,20,3
2016-03-03 21:00:00,81.5,21,3
2016-03-03 22:00:00,67.5,22,3
2016-03-03 23:00:00,60.75,23,3
2016-03-04 00:00:00,53.875,0,4
2016-03-04 01:00:00,52.375,1,4
2016-03-04 02:00:00,52.375,2,4
2016-03-04 03:00:00,50.625,3,4
2016-03-04 04:00:00,49.375,4,4
2016-03-04 05:00:00,49.375,5,4
2016-03-04 06:00:00,52.375,6,4
2016-03-04 07:00:00,64.5,7,4
2016-03-04 08:00:00,74.0,8,4
2016-03-04 09:00:00,92.5,9,4
2016-03-04 10:00:00,109.75,10,4
2016-03-04 11:00:00,128.0,11,4
2016-03-04 12:00:00,134.875,12,4
2016-03-04 13:00:00,136.625,13,4
2016-03-04 14:00:00,141.875,14,4
2016-03-04 15:00:00,144.0,15,4
2016-03-04 16:00:00,141.25,16,4
2016-03-04 17:00:00,127.625,17,4
2016-03-04 18:00:00,109.75,18,4
2016-03-04 19:00:00,97.25,19,4
2016-03-04 20:00:00,86.625,20,4
2016-03-04 21:00:00,78.625,21,4
2016-03-04 22:00:00,67.375,22,4
2016-03-04 23:00:00,60.125,23,4
2016-03-05 00:00:00,53.375,0,5
2016-03-05 01:00:00,53.875,1,5
2016-03-05 02:00:00,52.0,2,5
2016-03-05 03:00:00,52.5,3,5
2016-03-05 04:00:00,53.125,4,5
2016-03-05 05:00:00,50.625,5,5
2016-03-05 06:00:00,51.875,6,5
2016-03-05 07:00:00,52.375,7,5
2016-03-05 08:00:00,54.0,8,5
2016-03-05 09:00:00,54.25,9,5
2016-03-05 10:00:00,57.0,10,5
2016-03-05 11:00:00,61.75,11,5
2016-03-05 12:00:00,65.75,12,5
2016-03-05 13:00:00,66.5,13,5
2016-03-05 14:00:00,74.0,14,5
2016-03-05 15:00:00,71.625,15,5
2016-03-05 16:00:00,71.0,16,5
2016-03-05 17:00:00,70.5,17,5
2016-03-05 18:00:00,70.0,18,5
2016-03-05 19:00:00,66.25,19,5
2016-03-05 20:00:00,60.5,20,5
2016-03-05 21:00:00,56.625,21,5
2016-03-05 22:00:00,54.875,22,5
2016-03-05 23:00:00,51.25,23,5
2016-03-06 00:00:00,50.75,0,6
2016-03-06 01:00:00,48.25,1,6
2016-03-06 02:00:00,48.0,2,6
2016-03-06 03:00:00,46.125,3,6
2016-03-06 04:00:00,44.25,4,6
2016-03-06 05:00:00,46.125,5,6
2016-03-06 06:00:00,45.5,6,6
2016-03-06 07:00:00,45.625,7,6
2016-03-06 08:00:00,45.875,8,6
2016-03-06 09:00:00,45.75,9,6
2016-03-06 10:00:00,48.25,10,6
2016-03-06 11:00:00,56.125,11,6
2016-03-06 12:00:00,58.5,12,6
2016-03-06 13:00:00,61.0,13,6
2016-03-06 14:00:00,60.875,14,6
2016-03-06 15:00:00,65.25,15,6
2016-03-06 16:00:00,66.75,16,6
2016-03-06 17:00:00,66.625,17,6
2016-03-06 18:00:00,67.25,18,6
2016-03-06 19:00:00,66.5,19,6
2016-03-06 20:00:00,62.125,20,6
2016-03-06 21:00:00,60.5,21,6
2016-03-06 22:00:00,55.75,22,6
2016-03-06 23:00:00,53.125,23,6
2016-03-07 00:00:00,52.5,0,0
2016-03-07 01:00:00,50.375,1,0
2016-03-07 02:00:00,48.25,2,0
2016-03-07 03:00:00,48.625,3,0
2016-03-07 04:00:00,47.875,4,0
2016-03-07 05:00:00,47.875,5,0
2016-03-07 06:00:00,53.625,6,0
2016-03-07 07:00:00,67.875,7,0
2016-03-07 08:00:00,74.625,8,0
2016-03-07 09:00:00,97.875,9,0
2016-03-07 10:00:00,118.125,10,0
2016-03-07 11:00:00,134.5,11,0
2016-03-07 12:00:00,142.75,12,0
2016-03-07 13:00:00,143.875,13,0
2016-03-07 14:00:00,146.0,14,0
2016-03-07 15:00:00,144.75,15,0
2016-03-07 16:00:00,143.5,16,0
2016-03-07 17:00:00,136.0,17,0
2016-03-07 18:00:00,119.25,18,0
2016-03-07 19:00:00,100.875,19,0
2016-03-07 20:00:00,91.25,20,0
2016-03-07 21:00:00,84.875,21,0
2016-03-07 22:00:00,71.5,22,0
2016-03-07 23:00:00,58.25,23,0
2016-03-08 00:00:00,66.3075,0,1
2016-03-08 01:00:00,55.625,1,1
2016-03-08 02:00:00,53.75,2,1
2016-03-08 03:00:00,52.25,3,1
2016-03-08 04:00:00,51.5,4,1
2016-03-08 05:00:00,51.375,5,1
2016-03-08 06:00:00,57.25,6,1
2016-03-08 07:00:00,70.375,7,1
2016-03-08 08:00:00,77.75,8,1
2016-03-08 09:00:00,92.625,9,1
2016-03-08 10:00:00,110.5,10,1
2016-03-08 11:00:00,127.125,11,1
2016-03-08 12:00:00,105.058,12,1
2016-03-08 13:00:00,75.1151,13,1
2016-03-08 14:00:00,75.1151,14,1
2016-03-08 15:00:00,75.1151,15,1
2016-03-08 16:00:00,75.1151,16,1
2016-03-08 17:00:00,75.1151,17,1
2016-03-08 18:00:00,75.1151,18,1
2016-03-08 19:00:00,75.1151,19,1
2016-03-08 20:00:00,75.1151,20,1
2016-03-08 21:00:00,75.1151,21,1
2016-03-08 22:00:00,75.1151,22,1
2016-03-08 23:00:00,75.1151,23,1
2016-03-09 00:00:00,75.1151,0,2
2016-03-09 01:00:00,75.1151,1,2
2016-03-09 02:00:00,75.1151,2,2
2016-03-09 03:00:00,75.1151,3,2
2016-03-09 04:00:00,75.1151,4,2
2016-03-09 05:00:00,75.1151,5,2
2016-03-09 06:00:00,75.1151,6,2
2016-03-09 07:00:00,75.1151,7,2
2016-03-09 08:00:00,75.1151,8,2
2016-03-09 09:00:00,75.1151,9,2
2016-03-09 10:00:00,75.1151,10,2
2016-03-09 11:00:00,75.1151,11,2
2016-03-09 12:00:00,75.1151,12,2
2016-03-09 13:00:00,75.1151,13,2
2016-03-09 14:00:00,75.1151,14,2
2016-03-09 15:00:00,75.1151,15,2
2016-03-09 16:00:00,75.1151,16,2
2016-03-09 17:00:00,75.1151,17,2
2016-03-09 18:00:00,75.1151,18,2
2016-03-09 19:00:00,75.1151,19,2
2016-03-09 20:00:00,75.1151,20,2
2016-03-09 21:00:00,75.1151,21,2
2016-03-09 22:00:00,75.1151,22,2
2016-03-09 23:00:00,75.1151,23,2
2016-03-10 00:00:00,75.1151,0,3
2016-03-10 01:00:00,75.1151,1,3
2016-03-10 02:00:00,75.1151,2,3
2016-03-10 03:00:00,75.1151,3,3
2016-03-10 04:00:00,75.1151,4,3
2016-03-10 05:00:00,75.1151,5,3
2016-03-10 06:00:00,75.1151,6,3
2016-03-10 07:00:00,75.1151,7,3
2016-03-10 08:00:00,75.1151,8,3
2016-03-10 09:00:00,75.1151,9,3
2016-03-10 10:00:00,75.1151,10,3
2016-03-10 11:00:00,75.1151,11,3
2016-03-10 12:00:00,75.1151,12,3
2016-03-10 13:00:00,75.1151,13,3
2016-03-10 14:00:00,75.1151,14,3
2016-03-10 15:00:00,75.1151,15,3
2016-03-10 16:00:00,75.1151,16,3
2016-03-10 17:00:00,75.1151,17,3
2016-03-10 18:00:00,75.1151,18,3
2016-03-10 19:00:00,75.1151,19,3
2016-03-10 20:00:00,75.1151,20,3
2016-03-10 21:00:00,75.1151,21,3
2016-03-10 22:00:00,75.1151,22,3
2016-03-10 23:00:00,75.1151,23,3
2016-03-11 00:00:00,75.1151,0,4
2016-03-11 01:00:00,75.1151,1,4
2016-03-11 02:00:00,75.1151,2,4
2016-03-11 03:00:00,75.1151,3,4
2016-03-11 04:00:00,75.1151,4,4
2016-03-11 05:00:00,75.1151,5,4
2016-03-11 06:00:00,75.1151,6,4
2016-03-11 07:00:00,75.1151,7,4
2016-03-11 08:00:00,75.1151,8,4
2016-03-11 09:00:00,75.1151,9,4
2016-03-11 10:00:00,75.1151,10,4
2016-03-11 11:00:00,75.1151,11,4
2016-03-11 12:00:00,75.1151,12,4
2016-03-11 13:00:00,75.1151,13,4
2016-03-11 14:00:00,75.1151,14,4
2016-03-11 15:00:00,75.1151,15,4
2016-03-11 16:00:00,75.1151,16,4
2016-03-11 17:00:00,75.1151,17,4
2016-03-11 18:00:00,75.1151,18,4
2016-03-11 19:00:00,75.1151,19,4
2016-03-11 20:00:00,75.1151,20,4
2016-03-11 21:00:00,75.1151,21,4
2016-03-11 22:00:00,75.1151,22,4
2016-03-11 23:00:00,75.1151,23,4
2016-03-12 00:00:00,75.1151,0,5
2016-03-12 01:00:00,75.1151,1,5
2016-03-12 02:00:00,75.1151,2,5
2016-03-12 03:00:00,75.1151,3,5
2016-03-12 04:00:00,75.1151,4,5
2016-03-12 05:00:00,75.1151,5,5
2016-03-12 06:00:00,75.1151,6,5
2016-03-12 07:00:00,75.1151,7,5
2016-03-12 08:00:00,75.1151,8,5
2016-03-12 09:00:00,75.1151,9,5
2016-03-12 10:00:00,75.1151,10,5
2016-03-12 11:00:00,75.1151,11,5
2016-03-12 12:00:00,75.1151,12,5
2016-03-12 13:00:00,75.1151,13,5
2016-03-12 14:00:00,75.1151,14,5
2016-03-12 15:00:00,75.1151,15,5
2016-03-12 16:00:00,75.1151,16,5
2016-03-12 17:00:00,75.1151,17,5
2016-03-12 18:00:00,75.1151,18,5
2016-03-12 19:00:00,75.1151,19,5
2016-03-12 20:00:00,75.1151,20,5
2016-03-12 21:00:00,75.1151,21,5
2016-03-12 22:00:00,75.1151,22,5
2016-03-12 23:00:00,75.1151,23,5
2016-03-13 00:00:00,75.1151,0,6
2016-03-13 01:00:00,75.1151,1,6
2016-03-13 02:00:00,75.1151,2,6
2016-03-13 03:00:00,75.1151,3,6
2016-03-13 04:00:00,75.1151,4,6
2016-03-13 05:00:00,75.1151,5,6
2016-03-13 06:00:00,75.1151,6,6
2016-03-13 07:00:00,75.1151,7,6
2016-03-13 08:00:00,75.1151,8,6
2016-03-13 09:00:00,75.1151,9,6
2016-03-13 10:00:00,75.1151,10,6
2016-03-13 11:00:00,75.1151,11,6
2016-03-13 12:00:00,75.1151,12,6
2016-03-13 13:00:00,75.1151,13,6
2016-03-13 14:00:00,75.1151,14,6
2016-03-13 15:00:00,75.1151,15,6
2016-03-13 16:00:00,75.1151,16,6
2016-03-13 17:00:00,75.1151,17,6
2016-03-13 18:00:00,75.1151,18,6
2016-03-13 19:00:00,75.1151,19,6
2016-03-13 20:00:00,75.1151,20,6
2016-03-13 21:00:00,75.1151,21,6
2016-03-13 22:00:00,75.1151,22,6
2016-03-13 23:00:00,75.1151,23,6
2016-03-14 00:00:00,75.1151,0,0
2016-03-14 01:00:00,75.1151,1,0
2016-03-14 02:00:00,75.1151,2,0
2016-03-14 03:00:00,75.1151,3,0
2016-03-14 04:00:00,75.1151,4,0
2016-03-14 05:00:00,75.1151,5,0
2016-03-14 06:00:00,75.1151,6,0
2016-03-14 07:00:00,75.1151,7,0
2016-03-14 08:00:00,75.1151,8,0
2016-03-14 09:00:00,75.1151,9,0
2016-03-14 10:00:00,75.1151,10,0
2016-03-14 11:00:00,75.1151,11,0
2016-03-14 12:00:00,75.1151,12,0
2016-03-14 13:00:00,75.1151,13,0
2016-03-14 14:00:00,75.1151,14,0
2016-03-14 15:00:00,75.1151,15,0
2016-03-14 16:00:00,75.1151,16,0
2016-03-14 17:00:00,75.1151,17,0
2016-03-14 18:00:00,75.1151,18,0
2016-03-14 19:00:00,75.1151,19,0
2016-03-14 20:00:00,75.1151,20,0
2016-03-14 21:00:00,75.1151,21,0
2016-03-14 22:00:00,75.1151,22,0
2016-03-14 23:00:00,75.1151,23,0
2016-03-15 00:00:00,75.1151,0,1
2016-03-15 01:00:00,75.1151,1,1
2016-03-15 02:00:00,75.1151,2,1
2016-03-15 03:00:00,75.1151,3,1
2016-03-15 04:00:00,75.1151,4,1
2016-03-15 05:00:00,75.1151,5,1
2016-03-15 06:00:00,75.1151,6,1
2016-03-15 07:00:00,75.1151,7,1
2016-03-15 08:00:00,75.1151,8,1
2016-03-15 09:00:00,75.1151,9,1
2016-03-15 10:00:00,75.1151,10,1
2016-03-15 11:00:00,75.1151,11,1
2016-03-15 12:00:00,75.1151,12,1
2016-03-15 13:00:00,75.1151,13,1
2016-03-15 14:00:00,75.1151,14,1
2016-03-15 15:00:00,75.1151,15,1
2016-03-15 16:00:00,75.1151,16,1
2016-03-15 17:00:00,75.1151,17,1
2016-03-15 18:00:00,75.1151,18,1
2016-03-15 19:00:00,75.1151,19,1
2016-03-15 20:00:00,75.1151,20,1
2016-03-15 21:00:00,75.1151,21,1
2016-03-15 22:00:00,75.1151,22,1
2016-03-15 23:00:00,75.1151,23,1
2016-03-16 00:00:00,75.1151,0,2
2016-03-16 01:00:00,75.1151,1,2
2016-03-16 02:00:00,75.1151,2,2
2016-03-16 03:00:00,75.1151,3,2
2016-03-16 04:00:00,75.1151,4,2
2016-03-16 05:00:00,75.1151,5,2
2016-03-16 06:00:00,75.1151,6,2
2016-03-16 07:00:00,75.1151,7,2
2016-03-16 08:00:00,75.1151,8,2
2016-03-16 09:00:00,75.1151,9,2
2016-03-16 10:00:00,75.1151,10,2
2016-03-16 11:00:00,75.1151,11,2
2016-03-16 12:00:00,75.1151,12,2
2016-03-16 13:00:00,75.1151,13,2
2016-03-16 14:00:00,75.1151,14,2
2016-03-16 15:00:00,75.1151,15,2
2016-03-16 16:00:00,75.1151,16,2
2016-03-16 17:00:00,75.1151,17,2
2016-03-16 18:00:00,75.1151,18,2
2016-03-16 19:00:00,75.1151,19,2
2016-03-16 20:00:00,75.1151,20,2
2016-03-16 21:00:00,75.1151,21,2
2016-03-16 22:00:00,75.1151,22,2
2016-03-16 23:00:00,75.1151,23,2
2016-03-17 00:00:00,75.1151,0,3
2016-03-17 01:00:00,75.1151,1,3
2016-03-17 02:00:00,75.1151,2,3
2016-03-17 03:00:00,75.1151,3,3
2016-03-17 04:00:00,75.1151,4,3
2016-03-17 05:00:00,75.1151,5,3
2016-03-17 06:00:00,75.1151,6,3
2016-03-17 07:00:00,75.1151,7,3
2016-03-17 08:00:00,75.1151,8,3
2016-03-17 09:00:00,75.1151,9,3
2016-03-17 10:00:00,75.1151,10,3
2016-03-17 11:00:00,75.1151,11,3
2016-03-17 12:00:00,75.1151,12,3
2016-03-17 13:00:00,75.1151,13,3
2016-03-17 14:00:00,75.1151,14,3
2016-03-17 15:00:00,75.1151,15,3
2016-03-17 16:00:00,75.1151,16,3
2016-03-17 17:00:00,75.1151,17,3
2016-03-17 18:00:00,75.1151,18,3
2016-03-17 19:00:00,75.1151,19,3
2016-03-17 20:00:00,75.1151,20,3
2016-03-17 21:00:00,75.1151,21,3
2016-03-17 22:00:00,75.1151,22,3
2016-03-17 23:00:00,75.1151,23,3
2016-03-18 00:00:00,75.1151,0,4
2016-03-18 01:00:00,75.1151,1,4
2016-03-18 02:00:00,75.1151,2,4
2016-03-18 03:00:00,75.1151,3,4
2016-03-18 04:00:00,75.1151,4,4
2016-03-18 05:00:00,75.1151,5,4
2016-03-18 06:00:00,75.1151,6,4
2016-03-18 07:00:00,75.1151,7,4
2016-03-18 08:00:00,75.1151,8,4
2016-03-18 09:00:00,75.1151,9,4
2016-03-18 10:00:00,75.1151,10,4
2016-03-18 11:00:00,75.1151,11,4
2016-03-18 12:00:00,75.1151,12,4
2016-03-18 13:00:00,75.1151,13,4
2016-03-18 14:00:00,75.1151,14,4
2016-03-18 15:00:00,75.1151,15,4
2016-03-18 16:00:00,75.1151,16,4
2016-03-18 17:00:00,75.1151,17,4
2016-03-18 18:00:00,75.1151,18,4
2016-03-18 19:00:00,75.1151,19,4
2016-03-18 20:00:00,75.1151,20,4
2016-03-18 21:00:00,75.1151,21,4
2016-03-18 22:00:00,75.1151,22,4
2016-03-18 23:00:00,75.1151,23,4
2016-03-19 00:00:00,75.1151,0,5
2016-03-19 01:00:00,75.1151,1,5
2016-03-19 02:00:00,75.1151,2,5
2016-03-19 03:00:00,75.1151,3,5
2016-03-19 04:00:00,75.1151,4,5
2016-03-19 05:00:00,75.1151,5,5
2016-03-19 06:00:00,75.1151,6,5
2016-03-19 07:00:00,75.1151,7,5
2016-03-19 08:00:00,75.1151,8,5
2016-03-19 09:00:00,75.1151,9,5
2016-03-19 10:00:00,75.1151,10,5
2016-03-19 11:00:00,75.1151,11,5
2016-03-19 12:00:00,75.1151,12,5
2016-03-19 13:00:00,75.1151,13,5
2016-03-19 14:00:00,75.1151,14,5
2016-03-19 15:00:00,75.1151,15,5
2016-03-19 16:00:00,75.1151,16,5
2016-03-19 17:00:00,75.1151,17,5
2016-03-19 18:00:00,75.1151,18,5
2016-03-19 19:00:00,75.1151,19,5
2016-03-19 20:00:00,75.1151,20,5
2016-03-19 21:00:00,75.1151,21,5
2016-03-19 22:00:00,75.1151,22,5
2016-03-19 23:00:00,75.1151,23,5
2016-03-20 00:00:00,75.1151,0,6
2016-03-20 01:00:00,75.1151,1,6
2016-03-20 02:00:00,75.1151,2,6
2016-03-20 03:00:00,75.1151,3,6
2016-03-20 04:00:00,75.1151,4,6
2016-03-20 05:00:00,75.1151,5,6
2016-03-20 06:00:00,75.1151,6,6
2016-03-20 07:00:00,75.1151,7,6
2016-03-20 08:00:00,75.1151,8,6
2016-03-20 09:00:00,75.1151,9,6
2016-03-20 10:00:00,75.1151,10,6
2016-03-20 11:00:00,75.1151,11,6
2016-03-20 12:00:00,75.1151,12,6
2016-03-20 13:00:00,75.1151,13,6
2016-03-20 14:00:00,75.1151,14,6
2016-03-20 15:00:00,75.1151,15,6
2016-03-20 16:00:00,75.1151,16,6
2016-03-20 17:00:00,75.1151,17,6
2016-03-20 18:00:00,75.1151,18,6
2016-03-20 19:00:00,75.1151,19,6
2016-03-20 20:00:00,75.1151,20,6
2016-03-20 21:00:00,75.1151,21,6
2016-03-20 22:00:00,75.1151,22,6
2016-03-20 23:00:00,75.1151,23,6
2016-03-21 00:00:00,75.1151,0,0
2016-03-21 01:00:00,75.1151,1,0
2016-03-21 02:00:00,75.1151,2,0
2016-03-21 03:00:00,75.1151,3,0
2016-03-21 04:00:00,75.1151,4,0
2016-03-21 05:00:00,75.1151,5,0
2016-03-21 06:00:00,75.1151,6,0
2016-03-21 07:00:00,75.1151,7,0
2016-03-21 08:00:00,75.1151,8,0
2016-03-21 09:00:00,75.1151,9,0
2016-03-21 10:00:00,75.1151,10,0
2016-03-21 11:00:00,75.1151,11,0
2016-03-21 12:00:00,75.1151,12,0
2016-03-21 13:00:00,75.1151,13,0
2016-03-21 14:00:00,75.1151,14,0
2016-03-21 15:00:00,75.1151,15,0
2016-03-21 16:00:00,75.1151,16,0
2016-03-21 17:00:00,75.1151,17,0
2016-03-21 18:00:00,75.1151,18,0
2016-03-21 19:00:00,75.1151,19,0
2016-03-21 20:00:00,75.1151,20,0
2016-03-21 21:00:00,75.1151,21,0
2016-03-21 22:00:00,75.1151,22,0
2016-03-21 23:00:00,75.1151,23,0
2016-03-22 00:00:00,75.1151,0,1
2016-03-22 01:00:00,75.1151,1,1
2016-03-22 02:00:00,75.1151,2,1
2016-03-22 03:00:00,75.1151,3,1
2016-03-22 04:00:00,75.1151,4,1
2016-03-22 05:00:00,75.1151,5,1
2016-03-22 06:00:00,75.1151,6,1
2016-03-22 07:00:00,75.1151,7,1
2016-03-22 08:00:00,75.1151,8,1
2016-03-22 09:00:00,75.1151,9,1
2016-03-22 10:00:00,75.1151,10,1
2016-03-22 11:00:00,75.1151,11,1
2016-03-22 12:00:00,75.1151,12,1
2016-03-22 13:00:00,75.1151,13,1
2016-03-22 14:00:00,75.1151,14,1
2016-03-22 15:00:00,75.1151,15,1
2016-03-22 16:00:00,75.1151,16,1
2016-03-22 17:00:00,75.1151,17,1
2016-03-22 18:00:00,75.1151,18,1
2016-03-22 19:00:00,75.1151,19,1
2016-03-22 20:00:00,75.1151,20,1
2016-03-22 21:00:00,75.1151,21,1
2016-03-22 22:00:00,75.1151,22,1
2016-03-22 23:00:00,75.1151,23,1
2016-03-23 00:00:00,75.1151,0,2
2016-03-23 01:00:00,75.1151,1,2
2016-03-23 02:00:00,75.1151,2,2
2016-03-23 03:00:00,75.1151,3,2
2016-03-23 04:00:00,75.1151,4,2
2016-03-23 05:00:00,75.1151,5,2
2016-03-23 06:00:00,75.1151,6,2
2016-03-23 07:00:00,75.1151,7,2
2016-03-23 08:00:00,75.1151,8,2
2016-03-23 09:00:00,75.1151,9,2
2016-03-23 10:00:00,75.1151,10,2
2016-03-23 11:00:00,75.1151,11,2
2016-03-23 12:00:00,75.1151,12,2
2016-03-23 13:00:00,75.1151,13,2
2016-03-23 14:00:00,75.1151,14,2
2016-03-23 15:00:00,75.1151,15,2
2016-03-23 16:00:00,75.1151,16,2
2016-03-23 17:00:00,75.1151,17,2
2016-03-23 18:00:00,75.1151,18,2
2016-03-23 19:00:00,75.1151,19,2
2016-03-23 20:00:00,75.1151,20,2
2016-03-23 21:00:00,75.1151,21,2
2016-03-23 22:00:00,75.1151,22,2
2016-03-23 23:00:00,75.1151,23,2
2016-03-24 00:00:00,75.1151,0,3
2016-03-24 01:00:00,75.1151,1,3
2016-03-24 02:00:00,75.1151,2,3
2016-03-24 03:00:00,75.1151,3,3
2016-03-24 04:00:00,75.1151,4,3
2016-03-24 05:00:00,75.1151,5,3
2016-03-24 06:00:00,75.1151,6,3
2016-03-24 07:00:00,75.1151,7,3
2016-03-24 08:00:00,75.1151,8,3
2016-03-24 09:00:00,75.1151,9,3
2016-03-24 10:00:00,75.1151,10,3
2016-03-24 11:00:00,75.1151,11,3
2016-03-24 12:00:00,75.1151,12,3
2016-03-24 13:00:00,75.1151,13,3
2016-03-24 14:00:00,75.1151,14,3
2016-03-24 15:00:00,75.1151,15,3
2016-03-24 16:00:00,75.1151,16,3
2016-03-24 17:00:00,75.1151,17,3
2016-03-24 18:00:00,75.1151,18,3
2016-03-24 19:00:00,75.1151,19,3
2016-03-24 20:00:00,75.1151,20,3
2016-03-24 21:00:00,75.1151,21,3
2016-03-24 22:00:00,75.1151,22,3
2016-03-24 23:00:00,75.1151,23,3
2016-03-25 00:00:00,75.1151,0,4
2016-03-25 01:00:00,75.1151,1,4
2016-03-25 02:00:00,75.1151,2,4
2016-03-25 03:00:00,75.1151,3,4
2016-03-25 04:00:00,75.1151,4,4
2016-03-25 05:00:00,75.1151,5,4
2016-03-25 06:00:00,75.1151,6,4
2016-03-25 07:00:00,75.1151,7,4
2016-03-25 08:00:00,75.1151,8,4
2016-03-25 09:00:00,75.1151,9,4
2016-03-25 10:00:00,75.1151,10,4
2016-03-25 11:00:00,75.1151,11,4
2016-03-25 12:00:00,75.1151,12,4
2016-03-25 13:00:00,75.1151,13,4
2016-03-25 14:00:00,75.1151,14,4
2016-03-25 15:00:00,75.1151,15,4
2016-03-25 16:00:00,75.1151,16,4
2016-03-25 17:00:00,75.1151,17,4
2016-03-25 18:00:00,75.1151,18,4
2016-03-25 19:00:00,75.1151,19,4
2016-03-25 20:00:00,75.1151,20,4
2016-03-25 21:00:00,75.1151,21,4
2016-03-25 22:00:00,75.1151,22,4
2016-03-25 23:00:00,75.1151,23,4
2016-03-26 00:00:00,75.1151,0,5
2016-03-26 01:00:00,75.1151,1,5
2016-03-26 02:00:00,75.1151,2,5
2016-03-26 03:00:00,75.1151,3,5
2016-03-26 04:00:00,75.1151,4,5
2016-03-26 05:00:00,75.1151,5,5
2016-03-26 06:00:00,75.1151,6,5
2016-03-26 07:00:00,75.1151,7,5
2016-03-26 08:00:00,75.1151,8,5
2016-03-26 09:00:00,75.1151,9,5
2016-03-26 10:00:00,75.1151,10,5
2016-03-26 11:00:00,75.1151,11,5
2016-03-26 12:00:00,75.1151,12,5
2016-03-26 13:00:00,75.1151,13,5
2016-03-26 14:00:00,75.1151,14,5
2016-03-26 15:00:00,75.1151,15,5
2016-03-26 16:00:00,75.1151,16,5
2016-03-26 17:00:00,75.1151,17,5
2016-03-26 18:00:00,75.1151,18,5
2016-03-26 19:00:00,75.1151,19,5
2016-03-26 20:00:00,75.1151,20,5
2016-03-26 21:00:00,75.1151,21,5
2016-03-26 22:00:00,75.1151,22,5
2016-03-26 23:00:00,75.1151,23,5
2016-03-27 00:00:00,75.1151,0,6
2016-03-27 01:00:00,75.1151,1,6
2016-03-27 02:00:00,75.1151,2,6
2016-03-27 03:00:00,75.1151,3,6
2016-03-27 04:00:00,75.1151,4,6
2016-03-27 05:00:00,75.1151,5,6
2016-03-27 06:00:00,75.1151,6,6
2016-03-27 07:00:00,75.1151,7,6
2016-03-27 08:00:00,75.1151,8,6
2016-03-27 09:00:00,75.1151,9,6
2016-03-27 10:00:00,75.1151,10,6
2016-03-27 11:00:00,75.1151,11,6
2016-03-27 12:00:00,75.1151,12,6
2016-03-27 13:00:00,75.1151,13,6
2016-03-27 14:00:00,75.1151,14,6
2016-03-27 15:00:00,75.1151,15,6
2016-03-27 16:00:00,75.1151,16,6
2016-03-27 17:00:00,75.1151,17,6
2016-03-27 18:00:00,75.1151,18,6
2016-03-27 19:00:00,75.1151,19,6
2016-03-27 20:00:00,75.1151,20,6
2016-03-27 21:00:00,75.1151,21,6
2016-03-27 22:00:00,75.1151,22,6
2016-03-27 23:00:00,75.1151,23,6
2016-03-28 00:00:00,75.1151,0,0
2016-03-28 01:00:00,75.1151,1,0
2016-03-28 02:00:00,75.1151,2,0
2016-03-28 03:00:00,75.1151,3,0
2016-03-28 04:00:00,75.1151,4,0
2016-03-28 05:00:00,75.1151,5,0
2016-03-28 06:00:00,75.1151,6,0
2016-03-28 07:00:00,75.1151,7,0
2016-03-28 08:00:00,75.1151,8,0
2016-03-28 09:00:00,75.1151,9,0
2016-03-28 10:00:00,75.1151,10,0
2016-03-28 11:00:00,75.1151,11,0
2016-03-28 12:00:00,75.1151,12,0
2016-03-28 13:00:00,75.1151,13,0
2016-03-28 14:00:00,75.1151,14,0
2016-03-28 15:00:00,75.1151,15,0
2016-03-28 16:00:00,75.1151,16,0
2016-03-28 17:00:00,75.1151,17,0
2016-03-28 18:00:00,75.1151,18,0
2016-03-28 19:00:00,75.1151,19,0
2016-03-28 20:00:00,75.1151,20,0
2016-03-28 21:00:00,75.1151,21,0
2016-03-28 22:00:00,75.1151,22,0
2016-03-28 23:00:00,75.1151,23,0
2016-03-29 00:00:00,75.1151,0,1
2016-03-29 01:00:00,75.1151,1,1
2016-03-29 02:00:00,75.1151,2,1
2016-03-29 03:00:00,75.1151,3,1
2016-03-29 04:00:00,75.1151,4,1
2016-03-29 05:00:00,75.1151,5,1
2016-03-29 06:00:00,75.1151,6,1
2016-03-29 07:00:00,75.1151,7,1
2016-03-29 08:00:00,75.1151,8,1
2016-03-29 09:00:00,75.1151,9,1
2016-03-29 10:00:00,75.1151,10,1
2016-03-29 11:00:00,75.1151,11,1
2016-03-29 12:00:00,75.1151,12,1
2016-03-29 13:00:00,75.1151,13,1
2016-03-29 14:00:00,75.1151,14,1
2016-03-29 15:00:00,75.1151,15,1
2016-03-29 16:00:00,75.1151,16,1
2016-03-29 17:00:00,75.1151,17,1
2016-03-29 18:00:00,75.1151,18,1
2016-03-29 19:00:00,75.1151,19,1
2016-03-29 20:00:00,75.1151,20,1
2016-03-29 21:00:00,75.1151,21,1
2016-03-29 22:00:00,75.1151,22,1
2016-03-29 23:00:00,75.1151,23,1
2016-03-30 00:00:00,75.1151,0,2
2016-03-30 01:00:00,75.1151,1,2
2016-03-30 02:00:00,75.1151,2,2
2016-03-30 03:00:00,75.1151,3,2
2016-03-30 04:00:00,75.1151,4,2
2016-03-30 05:00:00,75.1151,5,2
2016-03-30 06:00:00,75.1151,6,2
2016-03-30 07:00:00,75.1151,7,2
2016-03-30 08:00:00,75.1151,8,2
2016-03-30 09:00:00,75.1151,9,2
2016-03-30 10:00:00,75.1151,10,2
2016-03-30 11:00:00,75.1151,11,2
2016-03-30 12:00:00,75.1151,12,2
2016-03-30 13:00:00,75.1151,13,2
2016-03-30 14:00:00,75.1151,14,2
2016-03-30 15:00:00,75.1151,15,2
2016-03-30 16:00:00,75.1151,16,2
2016-03-30 17:00:00,75.1151,17,2
2016-03-30 18:00:00,75.1151,18,2
2016-03-30 19:00:00,75.1151,19,2
2016-03-30 20:00:00,75.1151,20,2
2016-03-30 21:00:00,75.1151,21,2
2016-03-30 22:00:00,75.1151,22,2
2016-03-30 23:00:00,75.1151,23,2
2016-03-31 00:00:00,75.1151,0,3
2016-03-31 01:00:00,75.1151,1,3
2016-03-31 02:00:00,75.1151,2,3
2016-03-31 03:00:00,75.1151,3,3
2016-03-31 04:00:00,75.1151,4,3
2016-03-31 05:00:00,75.1151,5,3
2016-03-31 06:00:00,75.1151,6,3
2016-03-31 07:00:00,75.1151,7,3
2016-03-31 08:00:00,75.1151,8,3
2016-03-31 09:00:00,75.1151,9,3
2016-03-31 10:00:00,75.1151,10,3
2016-03-31 11:00:00,75.1151,11,3
2016-03-31 12:00:00,75.1151,12,3
2016-03-31 13:00:00,75.1151,13,3
2016-03-31 14:00:00,75.1151,14,3
2016-03-31 15:00:00,75.1151,15,3
2016-03-31 16:00:00,75.1151,16,3
2016-03-31 17:00:00,75.1151,17,3
2016-03-31 18:00:00,75.1151,18,3
2016-03-31 19:00:00,75.1151,19,3
2016-03-31 20:00:00,75.1151,20,3
2016-03-31 21:00:00,75.1151,21,3
2016-03-31 22:00:00,75.1151,22,3
2016-03-31 23:00:00,75.1151,23,3
2016-04-01 00:00:00,75.1151,0,4
2016-04-01 01:00:00,75.1151,1,4
2016-04-01 02:00:00,75.1151,2,4
2016-04-01 03:00:00,75.1151,3,4
2016-04-01 04:00:00,75.1151,4,4
2016-04-01 05:00:00,75.1151,5,4
2016-04-01 06:00:00,75.1151,6,4
2016-04-01 07:00:00,75.1151,7,4
2016-04-01 08:00:00,75.1151,8,4
2016-04-01 09:00:00,75.1151,9,4
2016-04-01 10:00:00,75.1151,10,4
2016-04-01 11:00:00,75.1151,11,4
2016-04-01 12:00:00,75.1151,12,4
2016-04-01 13:00:00,75.1151,13,4
2016-04-01 14:00:00,75.1151,14,4
2016-04-01 15:00:00,75.1151,15,4
2016-04-01 16:00:00,75.1151,16,4
2016-04-01 17:00:00,75.1151,17,4
2016-04-01 18:00:00,75.1151,18,4
2016-04-01 19:00:00,75.1151,19,4
2016-04-01 20:00:00,75.1151,20,4
2016-04-01 21:00:00,75.1151,21,4
2016-04-01 22:00:00,75.1151,22,4
2016-04-01 23:00:00,75.1151,23,4
2016-04-02 00:00:00,75.1151,0,5
2016-04-02 01:00:00,75.1151,1,5
2016-04-02 02:00:00,75.1151,2,5
2016-04-02 03:00:00,75.1151,3,5
2016-04-02 04:00:00,75.1151,4,5
2016-04-02 05:00:00,75.1151,5,5
2016-04-02 06:00:00,75.1151,6,5
2016-04-02 07:00:00,75.1151,7,5
2016-04-02 08:00:00,75.1151,8,5
2016-04-02 09:00:00,75.1151,9,5
2016-04-02 10:00:00,75.1151,10,5
2016-04-02 11:00:00,75.1151,11,5
2016-04-02 12:00:00,75.1151,12,5
2016-04-02 13:00:00,75.1151,13,5
2016-04-02 14:00:00,75.1151,14,5
2016-04-02 15:00:00,75.1151,15,5
2016-04-02 16:00:00,75.1151,16,5
2016-04-02 17:00:00,75.1151,17,5
2016-04-02 18:00:00,75.1151,18,5
2016-04-02 19:00:00,75.1151,19,5
2016-04-02 20:00:00,75.1151,20,5
2016-04-02 21:00:00,75.1151,21,5
2016-04-02 22:00:00,75.1151,22,5
2016-04-02 23:00:00,75.1151,23,5
2016-04-03 00:00:00,75.1151,0,6
2016-04-03 01:00:00,75.1151,1,6
2016-04-03 02:00:00,75.1151,2,6
2016-04-03 03:00:00,75.1151,3,6
2016-04-03 04:00:00,75.1151,4,6
2016-04-03 05:00:00,75.1151,5,6
2016-04-03 06:00:00,75.1151,6,6
2016-04-03 07:00:00,75.1151,7,6
2016-04-03 08:00:00,75.1151,8,6
2016-04-03 09:00:00,75.1151,9,6
2016-04-03 10:00:00,75.1151,10,6
2016-04-03 11:00:00,75.1151,11,6
2016-04-03 12:00:00,75.1151,12,6
2016-04-03 13:00:00,75.1151,13,6
2016-04-03 14:00:00,75.1151,14,6
2016-04-03 15:00:00,75.1151,15,6
2016-04-03 16:00:00,75.1151,16,6
2016-04-03 17:00:00,75.1151,17,6
2016-04-03 18:00:00,75.1151,18,6
2016-04-03 19:00:00,75.1151,19,6
2016-04-03 20:00:00,75.1151,20,6
2016-04-03 21:00:00,75.1151,21,6
2016-04-03 22:00:00,75.1151,22,6
2016-04-03 23:00:00,75.1151,23,6
2016-04-04 00:00:00,75.1151,0,0
2016-04-04 01:00:00,75.1151,1,0
2016-04-04 02:00:00,75.1151,2,0
2016-04-04 03:00:00,75.1151,3,0
2016-04-04 04:00:00,75.1151,4,0
2016-04-04 05:00:00,75.1151,5,0
2016-04-04 06:00:00,75.1151,6,0
2016-04-04 07:00:00,75.1151,7,0
2016-04-04 08:00:00,75.1151,8,0
2016-04-04 09:00:00,75.1151,9,0
2016-04-04 10:00:00,75.1151,10,0
2016-04-04 11:00:00,75.1151,11,0
2016-04-04 12:00:00,75.1151,12,0
2016-04-04 13:00:00,75.1151,13,0
2016-04-04 14:00:00,75.1151,14,0
2016-04-04 15:00:00,75.1151,15,0
2016-04-04 16:00:00,75.1151,16,0
2016-04-04 17:00:00,75.1151,17,0
2016-04-04 18:00:00,75.1151,18,0
2016-04-04 19:00:00,75.1151,19,0
2016-04-04 20:00:00,75.1151,20,0
2016-04-04 21:00:00,75.1151,21,0
2016-04-04 22:00:00,75.1151,22,0
2016-04-04 23:00:00,75.1151,23,0
2016-04-05 00:00:00,75.1151,0,1
2016-04-05 01:00:00,75.1151,1,1
2016-04-05 02:00:00,75.1151,2,1
2016-04-05 03:00:00,75.1151,3,1
2016-04-05 04:00:00,75.1151,4,1
2016-04-05 05:00:00,75.1151,5,1
2016-04-05 06:00:00,75.1151,6,1
2016-04-05 07:00:00,75.1151,7,1
2016-04-05 08:00:00,75.1151,8,1
2016-04-05 09:00:00,75.1151,9,1
2016-04-05 10:00:00,75.1151,10,1
2016-04-05 11:00:00,75.1151,11,1
2016-04-05 12:00:00,75.1151,12,1
2016-04-05 13:00:00,75.1151,13,1
2016-04-05 14:00:00,75.1151,14,1
2016-04-05 15:00:00,75.1151,15,1
2016-04-05 16:00:00,75.1151,16,1
2016-04-05 17:00:00,75.1151,17,1
2016-04-05 18:00:00,75.1151,18,1
2016-04-05 19:00:00,75.1151,19,1
2016-04-05 20:00:00,75.1151,20,1
2016-04-05 21:00:00,75.1151,21,1
2016-04-05 22:00:00,75.1151,22,1
2016-04-05 23:00:00,75.1151,23,1
2016-04-06 00:00:00,75.1151,0,2
2016-04-06 01:00:00,75.1151,1,2
2016-04-06 02:00:00,75.1151,2,2
2016-04-06 03:00:00,75.1151,3,2
2016-04-06 04:00:00,75.1151,4,2
2016-04-06 05:00:00,75.1151,5,2
2016-04-06 06:00:00,75.1151,6,2
2016-04-06 07:00:00,75.1151,7,2
2016-04-06 08:00:00,75.1151,8,2
2016-04-06 09:00:00,75.1151,9,2
2016-04-06 10:00:00,75.1151,10,2
2016-04-06 11:00:00,75.1151,11,2
2016-04-06 12:00:00,75.1151,12,2
2016-04-06 13:00:00,75.1151,13,2
2016-04-06 14:00:00,75.1151,14,2
2016-04-06 15:00:00,75.1151,15,2
2016-04-06 16:00:00,75.1151,16,2
2016-04-06 17:00:00,75.1151,17,2
2016-04-06 18:00:00,75.1151,18,2
2016-04-06 19:00:00,75.1151,19,2
2016-04-06 20:00:00,75.1151,20,2
2016-04-06 21:00:00,75.1151,21,2
2016-04-06 22:00:00,75.1151,22,2
2016-04-06 23:00:00,75.1151,23,2
2016-04-07 00:00:00,75.1151,0,3
2016-04-07 01:00:00,75.1151,1,3
2016-04-07 02:00:00,75.1151,2,3
2016-04-07 03:00:00,75.1151,3,3
2016-04-07 04:00:00,75.1151,4,3
2016-04-07 05:00:00,75.1151,5,3
2016-04-07 06:00:00,75.1151,6,3
2016-04-07 07:00:00,75.1151,7,3
2016-04-07 08:00:00,75.1151,8,3
2016-04-07 09:00:00,75.1151,9,3
2016-04-07 10:00:00,75.1151,10,3
2016-04-07 11:00:00,75.1151,11,3
2016-04-07 12:00:00,75.1151,12,3
2016-04-07 13:00:00,75.1151,13,3
2016-04-07 14:00:00,75.1151,14,3
2016-04-07 15:00:00,75.1151,15,3
2016-04-07 16:00:00,75.1151,16,3
2016-04-07 17:00:00,75.1151,17,3
2016-04-07 18:00:00,75.1151,18,3
2016-04-07 19:00:00,75.1151,19,3
2016-04-07 20:00:00,75.1151,20,3
2016-04-07 21:00:00,75.1151,21,3
2016-04-07 22:00:00,75.1151,22,3
2016-04-07 23:00:00,75.1151,23,3
2016-04-08 00:00:00,75.1151,0,4
2016-04-08 01:00:00,75.1151,1,4
2016-04-08 02:00:00,75.1151,2,4
2016-04-08 03:00:00,75.1151,3,4
2016-04-08 04:00:00,75.1151,4,4
2016-04-08 05:00:00,75.1151,5,4
2016-04-08 06:00:00,75.1151,6,4
2016-04-08 07:00:00,75.1151,7,4
2016-04-08 08:00:00,75.1151,8,4
2016-04-08 09:00:00,75.1151,9,4
2016-04-08 10:00:00,75.1151,10,4
2016-04-08 11:00:00,75.1151,11,4
2016-04-08 12:00:00,75.1151,12,4
2016-04-08 13:00:00,75.1151,13,4
2016-04-08 14:00:00,75.1151,14,4
2016-04-08 15:00:00,75.1151,15,4
2016-04-08 16:00:00,75.1151,16,4
2016-04-08 17:00:00,75.1151,17,4
2016-04-08 18:00:00,75.1151,18,4
2016-04-08 19:00:00,75.1151,19,4
2016-04-08 20:00:00,75.1151,20,4
2016-04-08 21:00:00,75.1151,21,4
2016-04-08 22:00:00,75.1151,22,4
2016-04-08 23:00:00,75.1151,23,4
2016-04-09 00:00:00,75.1151,0,5
2016-04-09 01:00:00,75.1151,1,5
2016-04-09 02:00:00,75.1151,2,5
2016-04-09 03:00:00,75.1151,3,5
2016-04-09 04:00:00,75.1151,4,5
2016-04-09 05:00:00,75.1151,5,5
2016-04-09 06:00:00,75.1151,6,5
2016-04-09 07:00:00,75.1151,7,5
2016-04-09 08:00:00,75.1151,8,5
2016-04-09 09:00:00,75.1151,9,5
2016-04-09 10:00:00,75.1151,10,5
2016-04-09 11:00:00,75.1151,11,5
2016-04-09 12:00:00,75.1151,12,5
2016-04-09 13:00:00,75.1151,13,5
2016-04-09 14:00:00,75.1151,14,5
2016-04-09 15:00:00,75.1151,15,5
2016-04-09 16:00:00,75.1151,16,5
2016-04-09 17:00:00,75.1151,17,5
2016-04-09 18:00:00,75.1151,18,5
2016-04-09 19:00:00,75.1151,19,5
2016-04-09 20:00:00,75.1151,20,5
2016-04-09 21:00:00,75.1151,21,5
2016-04-09 22:00:00,75.1151,22,5
2016-04-09 23:00:00,75.1151,23,5
2016-04-10 00:00:00,75.1151,0,6
2016-04-10 01:00:00,75.1151,1,6
2016-04-10 02:00:00,75.1151,2,6
2016-04-10 03:00:00,75.1151,3,6
2016-04-10 04:00:00,75.1151,4,6
2016-04-10 05:00:00,75.1151,5,6
2016-04-10 06:00:00,75.1151,6,6
2016-04-10 07:00:00,75.1151,7,6
2016-04-10 08:00:00,75.1151,8,6
2016-04-10 09:00:00,75.1151,9,6
2016-04-10 10:00:00,75.1151,10,6
2016-04-10 11:00:00,75.1151,11,6
2016-04-10 12:00:00,75.1151,12,6
2016-04-10 13:00:00,75.1151,13,6
2016-04-10 14:00:00,75.1151,14,6
2016-04-10 15:00:00,75.1151,15,6
2016-04-10 16:00:00,75.1151,16,6
2016-04-10 17:00:00,75.1151,17,6
2016-04-10 18:00:00,75.1151,18,6
2016-04-10 19:00:00,75.1151,19,6
2016-04-10 20:00:00,75.1151,20,6
2016-04-10 21:00:00,75.1151,21,6
2016-04-10 22:00:00,75.1151,22,6
2016-04-10 23:00:00,75.1151,23,6
2016-04-11 00:00:00,75.1151,0,0
2016-04-11 01:00:00,75.1151,1,0
2016-04-11 02:00:00,75.1151,2,0
2016-04-11 03:00:00,75.1151,3,0
2016-04-11 04:00:00,75.1151,4,0
2016-04-11 05:00:00,75.1151,5,0
2016-04-11 06:00:00,75.1151,6,0
2016-04-11 07:00:00,75.1151,7,0
2016-04-11 08:00:00,75.1151,8,0
2016-04-11 09:00:00,75.1151,9,0
2016-04-11 10:00:00,75.1151,10,0
2016-04-11 11:00:00,75.1151,11,0
2016-04-11 12:00:00,75.1151,12,0
2016-04-11 13:00:00,75.1151,13,0
2016-04-11 14:00:00,75.1151,14,0
2016-04-11 15:00:00,75.1151,15,0
2016-04-11 16:00:00,75.1151,16,0
2016-04-11 17:00:00,75.1151,17,0
2016-04-11 18:00:00,75.1151,18,0
2016-04-11 19:00:00,75.1151,19,0
2016-04-11 20:00:00,75.1151,20,0
2016-04-11 21:00:00,75.1151,21,0
2016-04-11 22:00:00,75.1151,22,0
2016-04-11 23:00:00,75.1151,23,0
2016-04-12 00:00:00,75.1151,0,1
2016-04-12 01:00:00,75.1151,1,1
2016-04-12 02:00:00,75.1151,2,1
2016-04-12 03:00:00,75.1151,3,1
2016-04-12 04:00:00,75.1151,4,1
2016-04-12 05:00:00,75.1151,5,1
2016-04-12 06:00:00,75.1151,6,1
2016-04-12 07:00:00,75.1151,7,1
2016-04-12 08:00:00,75.1151,8,1
2016-04-12 09:00:00,75.1151,9,1
2016-04-12 10:00:00,75.1151,10,1
2016-04-12 11:00:00,75.1151,11,1
2016-04-12 12:00:00,75.1151,12,1
2016-04-12 13:00:00,75.1151,13,1
2016-04-12 14:00:00,75.1151,14,1
2016-04-12 15:00:00,75.1151,15,1
2016-04-12 16:00:00,75.1151,16,1
2016-04-12 17:00:00,75.1151,17,1
2016-04-12 18:00:00,75.1151,18,1
2016-04-12 19:00:00,75.1151,19,1
2016-04-12 20:00:00,75.1151,20,1
2016-04-12 21:00:00,75.1151,21,1
2016-04-12 22:00:00,75.1151,22,1
2016-04-12 23:00:00,75.1151,23,1
2016-04-13 00:00:00,75.1151,0,2
2016-04-13 01:00:00,75.1151,1,2
2016-04-13 02:00:00,75.1151,2,2
2016-04-13 03:00:00,75.1151,3,2
2016-04-13 04:00:00,75.1151,4,2
2016-04-13 05:00:00,75.1151,5,2
2016-04-13 06:00:00,75.1151,6,2
2016-04-13 07:00:00,75.1151,7,2
2016-04-13 08:00:00,75.1151,8,2
2016-04-13 09:00:00,75.1151,9,2
2016-04-13 10:00:00,75.1151,10,2
2016-04-13 11:00:00,75.1151,11,2
2016-04-13 12:00:00,75.1151,12,2
2016-04-13 13:00:00,75.1151,13,2
2016-04-13 14:00:00,75.1151,14,2
2016-04-13 15:00:00,75.1151,15,2
2016-04-13 16:00:00,75.1151,16,2
2016-04-13 17:00:00,75.1151,17,2
2016-04-13 18:00:00,75.1151,18,2
2016-04-13 19:00:00,75.1151,19,2
2016-04-13 20:00:00,75.1151,20,2
2016-04-13 21:00:00,75.1151,21,2
2016-04-13 22:00:00,75.1151,22,2
2016-04-13 23:00:00,75.1151,23,2
2016-04-14 00:00:00,75.1151,0,3
2016-04-14 01:00:00,75.1151,1,3
2016-04-14 02:00:00,75.1151,2,3
2016-04-14 03:00:00,75.1151,3,3
2016-04-14 04:00:00,75.1151,4,3
2016-04-14 05:00:00,75.1151,5,3
2016-04-14 06:00:00,75.1151,6,3
2016-04-14 07:00:00,75.1151,7,3
2016-04-14 08:00:00,75.1151,8,3
2016-04-14 09:00:00,75.1151,9,3
2016-04-14 10:00:00,75.1151,10,3
2016-04-14 11:00:00,75.1151,11,3
2016-04-14 12:00:00,75.1151,12,3
2016-04-14 13:00:00,75.1151,13,3
2016-04-14 14:00:00,75.1151,14,3
2016-04-14 15:00:00,75.1151,15,3
2016-04-14 16:00:00,75.1151,16,3
2016-04-14 17:00:00,75.1151,17,3
2016-04-14 18:00:00,75.1151,18,3
2016-04-14 19:00:00,75.1151,19,3
2016-04-14 20:00:00,75.1151,20,3
2016-04-14 21:00:00,75.1151,21,3
2016-04-14 22:00:00,75.1151,22,3
2016-04-14 23:00:00,75.1151,23,3
2016-04-15 00:00:00,75.1151,0,4
2016-04-15 01:00:00,75.1151,1,4
2016-04-15 02:00:00,75.1151,2,4
2016-04-15 03:00:00,75.1151,3,4
2016-04-15 04:00:00,75.1151,4,4
2016-04-15 05:00:00,75.1151,5,4
2016-04-15 06:00:00,75.1151,6,4
2016-04-15 07:00:00,75.1151,7,4
2016-04-15 08:00:00,75.1151,8,4
2016-04-15 09:00:00,75.1151,9,4
2016-04-15 10:00:00,75.1151,10,4
2016-04-15 11:00:00,75.1151,11,4
2016-04-15 12:00:00,75.1151,12,4
2016-04-15 13:00:00,75.1151,13,4
2016-04-15 14:00:00,75.1151,14,4
2016-04-15 15:00:00,75.1151,15,4
2016-04-15 16:00:00,75.1151,16,4
2016-04-15 17:00:00,75.1151,17,4
2016-04-15 18:00:00,75.1151,18,4
2016-04-15 19:00:00,75.1151,19,4
2016-04-15 20:00:00,75.1151,20,4
2016-04-15 21:00:00,75.1151,21,4
2016-04-15 22:00:00,75.1151,22,4
2016-04-15 23:00:00,75.1151,23,4
2016-04-16 00:00:00,75.1151,0,5
2016-04-16 01:00:00,75.1151,1,5
2016-04-16 02:00:00,75.1151,2,5
2016-04-16 03:00:00,75.1151,3,5
2016-04-16 04:00:00,75.1151,4,5
2016-04-16 05:00:00,75.1151,5,5
2016-04-16 06:00:00,75.1151,6,5
2016-04-16 07:00:00,75.1151,7,5
2016-04-16 08:00:00,75.1151,8,5
2016-04-16 09:00:00,75.1151,9,5
2016-04-16 10:00:00,75.1151,10,5
2016-04-16 11:00:00,75.1151,11,5
2016-04-16 12:00:00,75.1151,12,5
2016-04-16 13:00:00,75.1151,13,5
2016-04-16 14:00:00,75.1151,14,5
2016-04-16 15:00:00,75.1151,15,5
2016-04-16 16:00:00,75.1151,16,5
2016-04-16 17:00:00,75.1151,17,5
2016-04-16 18:00:00,75.1151,18,5
2016-04-16 19:00:00,75.1151,19,5
2016-04-16 20:00:00,75.1151,20,5
2016-04-16 21:00:00,75.1151,21,5
2016-04-16 22:00:00,75.1151,22,5
2016-04-16 23:00:00,75.1151,23,5
2016-04-17 00:00:00,75.1151,0,6
2016-04-17 01:00:00,75.1151,1,6
2016-04-17 02:00:00,75.1151,2,6
2016-04-17 03:00:00,75.1151,3,6
2016-04-17 04:00:00,75.1151,4,6
2016-04-17 05:00:00,75.1151,5,6
2016-04-17 06:00:00,75.1151,6,6
2016-04-17 07:00:00,75.1151,7,6
2016-04-17 08:00:00,75.1151,8,6
2016-04-17 09:00:00,75.1151,9,6
2016-04-17 10:00:00,75.1151,10,6
2016-04-17 11:00:00,75.1151,11,6
2016-04-17 12:00:00,75.1151,12,6
2016-04-17 13:00:00,75.1151,13,6
2016-04-17 14:00:00,75.1151,14,6
2016-04-17 15:00:00,75.1151,15,6
2016-04-17 16:00:00,75.1151,16,6
2016-04-17 17:00:00,75.1151,17,6
2016-04-17 18:00:00,75.1151,18,6
2016-04-17 19:00:00,75.1151,19,6
2016-04-17 20:00:00,75.1151,20,6
2016-04-17 21:00:00,75.1151,21,6
2016-04-17 22:00:00,75.1151,22,6
2016-04-17 23:00:00,75.1151,23,6
2016-04-18 00:00:00,75.1151,0,0
2016-04-18 01:00:00,75.1151,1,0
2016-04-18 02:00:00,75.1151,2,0
2016-04-18 03:00:00,75.1151,3,0
2016-04-18 04:00:00,75.1151,4,0
2016-04-18 05:00:00,75.1151,5,0
2016-04-18 06:00:00,75.1151,6,0
2016-04-18 07:00:00,75.1151,7,0
2016-04-18 08:00:00,75.1151,8,0
2016-04-18 09:00:00,75.1151,9,0
2016-04-18 10:00:00,75.1151,10,0
2016-04-18 11:00:00,75.1151,11,0
2016-04-18 12:00:00,75.1151,12,0
2016-04-18 13:00:00,75.1151,13,0
2016-04-18 14:00:00,75.1151,14,0
2016-04-18 15:00:00,75.1151,15,0
2016-04-18 16:00:00,75.1151,16,0
2016-04-18 17:00:00,75.1151,17,0
2016-04-18 18:00:00,75.1151,18,0
2016-04-18 19:00:00,75.1151,19,0
2016-04-18 20:00:00,75.1151,20,0
2016-04-18 21:00:00,75.1151,21,0
2016-04-18 22:00:00,75.1151,22,0
2016-04-18 23:00:00,75.1151,23,0
2016-04-19 00:00:00,75.1151,0,1
2016-04-19 01:00:00,75.1151,1,1
2016-04-19 02:00:00,75.1151,2,1
2016-04-19 03:00:00,75.1151,3,1
2016-04-19 04:00:00,75.1151,4,1
2016-04-19 05:00:00,75.1151,5,1
2016-04-19 06:00:00,75.1151,6,1
2016-04-19 07:00:00,75.1151,7,1
2016-04-19 08:00:00,75.1151,8,1
2016-04-19 09:00:00,75.1151,9,1
2016-04-19 10:00:00,75.1151,10,1
2016-04-19 11:00:00,75.1151,11,1
2016-04-19 12:00:00,75.1151,12,1
2016-04-19 13:00:00,75.1151,13,1
2016-04-19 14:00:00,75.1151,14,1
2016-04-19 15:00:00,75.1151,15,1
2016-04-19 16:00:00,75.1151,16,1
2016-04-19 17:00:00,75.1151,17,1
2016-04-19 18:00:00,75.1151,18,1
2016-04-19 19:00:00,75.1151,19,1
2016-04-19 20:00:00,75.1151,20,1
2016-04-19 21:00:00,75.1151,21,1
2016-04-19 22:00:00,75.1151,22,1
2016-04-19 23:00:00,75.1151,23,1
2016-04-20 00:00:00,75.1151,0,2
2016-04-20 01:00:00,75.1151,1,2
2016-04-20 02:00:00,75.1151,2,2
2016-04-20 03:00:00,75.1151,3,2
2016-04-20 04:00:00,75.1151,4,2
2016-04-20 05:00:00,75.1151,5,2
2016-04-20 06:00:00,75.1151,6,2
2016-04-20 07:00:00,75.1151,7,2
2016-04-20 08:00:00,75.1151,8,2
2016-04-20 09:00:00,75.1151,9,2
2016-04-20 10:00:00,75.1151,10,2
2016-04-20 11:00:00,75.1151,11,2
2016-04-20 12:00:00,75.1151,12,2
2016-04-20 13:00:00,75.1151,13,2
2016-04-20 14:00:00,75.1151,14,2
2016-04-20 15:00:00,75.1151,15,2
2016-04-20 16:00:00,75.1151,16,2
2016-04-20 17:00:00,75.1151,17,2
2016-04-20 18:00:00,75.1151,18,2
2016-04-20 19:00:00,75.1151,19,2
2016-04-20 20:00:00,75.1151,20,2
2016-04-20 21:00:00,75.1151,21,2
2016-04-20 22:00:00,75.1151,22,2
2016-04-20 23:00:00,75.1151,23,2
2016-04-21 00:00:00,75.1151,0,3
2016-04-21 01:00:00,75.1151,1,3
2016-04-21 02:00:00,75.1151,2,3
2016-04-21 03:00:00,75.1151,3,3
2016-04-21 04:00:00,75.1151,4,3
2016-04-21 05:00:00,75.1151,5,3
2016-04-21 06:00:00,75.1151,6,3
2016-04-21 07:00:00,75.1151,7,3
2016-04-21 08:00:00,75.1151,8,3
2016-04-21 09:00:00,75.1151,9,3
2016-04-21 10:00:00,75.1151,10,3
2016-04-21 11:00:00,75.1151,11,3
2016-04-21 12:00:00,75.1151,12,3
2016-04-21 13:00:00,75.1151,13,3
2016-04-21 14:00:00,75.1151,14,3
2016-04-21 15:00:00,75.1151,15,3
2016-04-21 16:00:00,75.1151,16,3
2016-04-21 17:00:00,75.1151,17,3
2016-04-21 18:00:00,75.1151,18,3
2016-04-21 19:00:00,75.1151,19,3
2016-04-21 20:00:00,75.1151,20,3
2016-04-21 21:00:00,75.1151,21,3
2016-04-21 22:00:00,75.1151,22,3
2016-04-21 23:00:00,75.1151,23,3
2016-04-22 00:00:00,75.1151,0,4
2016-04-22 01:00:00,75.1151,1,4
2016-04-22 02:00:00,75.1151,2,4
2016-04-22 03:00:00,75.1151,3,4
2016-04-22 04:00:00,75.1151,4,4
2016-04-22 05:00:00,75.1151,5,4
2016-04-22 06:00:00,75.1151,6,4
2016-04-22 07:00:00,75.1151,7,4
2016-04-22 08:00:00,75.1151,8,4
2016-04-22 09:00:00,75.1151,9,4
2016-04-22 10:00:00,75.1151,10,4
2016-04-22 11:00:00,75.1151,11,4
2016-04-22 12:00:00,75.1151,12,4
2016-04-22 13:00:00,75.1151,13,4
2016-04-22 14:00:00,75.1151,14,4
2016-04-22 15:00:00,75.1151,15,4
2016-04-22 16:00:00,75.1151,16,4
2016-04-22 17:00:00,75.1151,17,4
2016-04-22 18:00:00,75.1151,18,4
2016-04-22 19:00:00,75.1151,19,4
2016-04-22 20:00:00,75.1151,20,4
2016-04-22 21:00:00,75.1151,21,4
2016-04-22 22:00:00,75.1151,22,4
2016-04-22 23:00:00,75.1151,23,4
2016-04-23 00:00:00,63.0575,0,5
2016-04-23 01:00:00,61.4325,1,5
2016-04-23 02:00:00,48.125,2,5
2016-04-23 03:00:00,48.75,3,5
2016-04-23 04:00:00,47.75,4,5
2016-04-23 05:00:00,49.5,5,5
2016-04-23 06:00:00,46.625,6,5
2016-04-23 07:00:00,47.5,7,5
2016-04-23 08:00:00,48.5,8,5
2016-04-23 09:00:00,49.75,9,5
2016-04-23 10:00:00,52.75,10,5
2016-04-23 11:00:00,54.875,11,5
2016-04-23 12:00:00,61.5,12,5
2016-04-23 13:00:00,66.75,13,5
2016-04-23 14:00:00,66.0,14,5
2016-04-23 15:00:00,63.75,15,5
2016-04-23 16:00:00,65.0,16,5
2016-04-23 17:00:00,64.875,17,5
2016-04-23 18:00:00,66.375,18,5
2016-04-23 19:00:00,64.75,19,5
2016-04-23 20:00:00,65.375,20,5
2016-04-23 21:00:00,62.0,21,5
2016-04-23 22:00:00,56.75,22,5
2016-04-23 23:00:00,51.875,23,5
2016-04-24 00:00:00,48.625,0,6
2016-04-24 01:00:00,50.125,1,6
2016-04-24 02:00:00,49.75,2,6
2016-04-24 03:00:00,50.625,3,6
2016-04-24 04:00:00,48.125,4,6
2016-04-24 05:00:00,48.625,5,6
2016-04-24 06:00:00,48.125,6,6
2016-04-24 07:00:00,46.375,7,6
2016-04-24 08:00:00,46.25,8,6
2016-04-24 09:00:00,48.5,9,6
2016-04-24 10:00:00,48.625,10,6
2016-04-24 11:00:00,53.75,11,6
2016-04-24 12:00:00,60.375,12,6
2016-04-24 13:00:00,63.0,13,6
2016-04-24 14:00:00,66.0,14,6
2016-04-24 15:00:00,66.625,15,6
2016-04-24 16:00:00,63.75,16,6
2016-04-24 17:00:00,64.125,17,6
2016-04-24 18:00:00,66.75,18,6
2016-04-24 19:00:00,63.0,19,6
2016-04-24 20:00:00,59.25,20,6
2016-04-24 21:00:00,50.0,21,6
2016-04-24 22:00:00,49.875,22,6
2016-04-24 23:00:00,48.25,23,6
2016-04-25 00:00:00,57.7982,0,0
2016-04-25 01:00:00,47.0,1,0
2016-04-25 02:00:00,46.25,2,0
2016-04-25 03:00:00,45.625,3,0
2016-04-25 04:00:00,46.0,4,0
2016-04-25 05:00:00,46.625,5,0
2016-04-25 06:00:00,49.0,6,0
2016-04-25 07:00:00,60.125,7,0
2016-04-25 08:00:00,70.125,8,0
2016-04-25 09:00:00,88.0,9,0
2016-04-25 10:00:00,102.5,10,0
2016-04-25 11:00:00,119.875,11,0
2016-04-25 12:00:00,123.5,12,0
2016-04-25 13:00:00,129.75,13,0
2016-04-25 14:00:00,133.375,14,0
2016-04-25 15:00:00,133.125,15,0
2016-04-25 16:00:00,131.375,16,0
2016-04-25 17:00:00,123.625,17,0
2016-04-25 18:00:00,100.423,18,0
2016-04-25 19:00:00,85.3464,19,0
2016-04-25 20:00:00,81.7214,20,0
2016-04-25 21:00:00,82.7214,21,0
2016-04-25 22:00:00,75.7214,22,0
2016-04-25 23:00:00,70.3464,23,0
2016-04-26 00:00:00,72.0964,0,1
2016-04-26 01:00:00,67.0964,1,1
2016-04-26 02:00:00,67.8464,2,1
2016-04-26 03:00:00,66.0964,3,1
2016-04-26 04:00:00,65.9714,4,1
2016-04-26 05:00:00,66.0964,5,1
2016-04-26 06:00:00,65.8464,6,1
2016-04-26 07:00:00,67.5964,7,1
2016-04-26 08:00:00,68.9714,8,1
2016-04-26 09:00:00,75.2214,9,1
2016-04-26 10:00:00,87.8464,10,1
2016-04-26 11:00:00,93.5964,11,1
2016-04-26 12:00:00,96.4714,12,1
2016-04-26 13:00:00,98.3464,13,1
2016-04-26 14:00:00,98.7214,14,1
2016-04-26 15:00:00,105.221,15,1
2016-04-26 16:00:00,101.596,16,1
2016-04-26 17:00:00,99.5964,17,1
2016-04-26 18:00:00,94.2214,18,1
2016-04-26 19:00:00,89.5964,19,1
2016-04-26 20:00:00,86.9714,20,1
2016-04-26 21:00:00,78.9714,21,1
2016-04-26 22:00:00,84.2214,22,1
2016-04-26 23:00:00,80.8464,23,1
2016-04-27 00:00:00,74.2214,0,2
2016-04-27 01:00:00,73.3464,1,2
2016-04-27 02:00:00,71.7214,2,2
2016-04-27 03:00:00,70.9714,3,2
2016-04-27 04:00:00,70.3464,4,2
2016-04-27 05:00:00,70.3464,5,2
2016-04-27 06:00:00,70.4714,6,2
2016-04-27 07:00:00,72.3464,7,2
2016-04-27 08:00:00,69.8464,8,2
2016-04-27 09:00:00,78.4714,9,2
2016-04-27 10:00:00,85.7214,10,2
2016-04-27 11:00:00,93.7214,11,2
2016-04-27 12:00:00,98.5964,12,2
2016-04-27 13:00:00,101.596,13,2
2016-04-27 14:00:00,102.971,14,2
2016-04-27 15:00:00,101.846,15,2
2016-04-27 16:00:00,94.4714,16,2
2016-04-27 17:00:00,94.7214,17,2
2016-04-27 18:00:00,90.0964,18,2
2016-04-27 19:00:00,86.0964,19,2
2016-04-27 20:00:00,83.0964,20,2
2016-04-27 21:00:00,79.2214,21,2
2016-04-27 22:00:00,76.9714,22,2
2016-04-27 23:00:00,75.9714,23,2
2016-04-28 00:00:00,74.8499,0,3
2016-04-28 01:00:00,70.4714,1,3
2016-04-28 02:00:00,69.9714,2,3
2016-04-28 03:00:00,67.4714,3,3
2016-04-28 04:00:00,67.2214,4,3
2016-04-28 05:00:00,67.8464,5,3
2016-04-28 06:00:00,68.5964,6,3
2016-04-28 07:00:00,74.5999,7,3
2016-04-28 08:00:00,77.6035,8,3
2016-04-28 09:00:00,77.6035,9,3
2016-04-28 10:00:00,77.6035,10,3
2016-04-28 11:00:00,77.6035,11,3
2016-04-28 12:00:00,77.6035,12,3
2016-04-28 13:00:00,77.6035,13,3
2016-04-28 14:00:00,77.6035,14,3
2016-04-28 15:00:00,77.6035,15,3
2016-04-28 16:00:00,77.6035,16,3
2016-04-28 17:00:00,77.6035,17,3
2016-04-28 18:00:00,77.6035,18,3
2016-04-28 19:00:00,77.6035,19,3
2016-04-28 20:00:00,77.6035,20,3
2016-04-28 21:00:00,77.6035,21,3
2016-04-28 22:00:00,77.6035,22,3
2016-04-28 23:00:00,77.6035,23,3
2016-04-29 00:00:00,77.6035,0,4
2016-04-29 01:00:00,77.6035,1,4
2016-04-29 02:00:00,77.6035,2,4
2016-04-29 03:00:00,77.6035,3,4
2016-04-29 04:00:00,77.6035,4,4
2016-04-29 05:00:00,77.6035,5,4
2016-04-29 06:00:00,77.6035,6,4
2016-04-29 07:00:00,77.6035,7,4
2016-04-29 08:00:00,77.6035,8,4
2016-04-29 09:00:00,77.6035,9,4
2016-04-29 10:00:00,77.6035,10,4
2016-04-29 11:00:00,77.6035,11,4
2016-04-29 12:00:00,77.6035,12,4
2016-04-29 13:00:00,77.6035,13,4
2016-04-29 14:00:00,77.6035,14,4
2016-04-29 15:00:00,77.6035,15,4
2016-04-29 16:00:00,77.6035,16,4
2016-04-29 17:00:00,77.6035,17,4
2016-04-29 18:00:00,77.6035,18,4
2016-04-29 19:00:00,77.6035,19,4
2016-04-29 20:00:00,77.6035,20,4
2016-04-29 21:00:00,77.6035,21,4
2016-04-29 22:00:00,77.6035,22,4
2016-04-29 23:00:00,77.6035,23,4
2016-04-30 00:00:00,77.6035,0,5
2016-04-30 01:00:00,77.6035,1,5
2016-04-30 02:00:00,77.6035,2,5
2016-04-30 03:00:00,77.6035,3,5
2016-04-30 04:00:00,77.6035,4,5
2016-04-30 05:00:00,77.6035,5,5
2016-04-30 06:00:00,77.6035,6,5
2016-04-30 07:00:00,77.6035,7,5
2016-04-30 08:00:00,77.6035,8,5
2016-04-30 09:00:00,77.6035,9,5
2016-04-30 10:00:00,77.6035,10,5
2016-04-30 11:00:00,77.6035,11,5
2016-04-30 12:00:00,77.6035,12,5
2016-04-30 13:00:00,77.6035,13,5
2016-04-30 14:00:00,77.6035,14,5
2016-04-30 15:00:00,77.6035,15,5
2016-04-30 16:00:00,77.6035,16,5
2016-04-30 17:00:00,77.6035,17,5
2016-04-30 18:00:00,77.6035,18,5
2016-04-30 19:00:00,77.6035,19,5
2016-04-30 20:00:00,77.6035,20,5
2016-04-30 21:00:00,77.6035,21,5
2016-04-30 22:00:00,77.6035,22,5
2016-04-30 23:00:00,77.6035,23,5
2016-05-01 00:00:00,77.6035,0,6
2016-05-01 01:00:00,77.6035,1,6
2016-05-01 02:00:00,77.6035,2,6
2016-05-01 03:00:00,77.6035,3,6
2016-05-01 04:00:00,77.6035,4,6
2016-05-01 05:00:00,77.6035,5,6
2016-05-01 06:00:00,77.6035,6,6
2016-05-01 07:00:00,77.6035,7,6
2016-05-01 08:00:00,77.6035,8,6
2016-05-01 09:00:00,77.6035,9,6
2016-05-01 10:00:00,77.6035,10,6
2016-05-01 11:00:00,77.6035,11,6
2016-05-01 12:00:00,77.6035,12,6
2016-05-01 13:00:00,77.6035,13,6
2016-05-01 14:00:00,77.6035,14,6
2016-05-01 15:00:00,77.6035,15,6
2016-05-01 16:00:00,77.6035,16,6
2016-05-01 17:00:00,77.6035,17,6
2016-05-01 18:00:00,77.6035,18,6
2016-05-01 19:00:00,77.6035,19,6
2016-05-01 20:00:00,77.6035,20,6
2016-05-01 21:00:00,77.6035,21,6
2016-05-01 22:00:00,77.6035,22,6
2016-05-01 23:00:00,77.6035,23,6
2016-05-02 00:00:00,77.6035,0,0
2016-05-02 01:00:00,77.6035,1,0
2016-05-02 02:00:00,77.6035,2,0
2016-05-02 03:00:00,77.6035,3,0
2016-05-02 04:00:00,77.6035,4,0
2016-05-02 05:00:00,77.6035,5,0
2016-05-02 06:00:00,77.6035,6,0
2016-05-02 07:00:00,77.6035,7,0
2016-05-02 08:00:00,77.6035,8,0
2016-05-02 09:00:00,77.6035,9,0
2016-05-02 10:00:00,77.6035,10,0
2016-05-02 11:00:00,77.6035,11,0
2016-05-02 12:00:00,77.6035,12,0
2016-05-02 13:00:00,77.6035,13,0
2016-05-02 14:00:00,77.6035,14,0
2016-05-02 15:00:00,77.6035,15,0
2016-05-02 16:00:00,77.6035,16,0
2016-05-02 17:00:00,77.6035,17,0
2016-05-02 18:00:00,77.6035,18,0
2016-05-02 19:00:00,77.6035,19,0
2016-05-02 20:00:00,77.6035,20,0
2016-05-02 21:00:00,77.6035,21,0
2016-05-02 22:00:00,77.6035,22,0
2016-05-02 23:00:00,77.6035,23,0
2016-05-03 00:00:00,77.6035,0,1
2016-05-03 01:00:00,77.6035,1,1
2016-05-03 02:00:00,77.6035,2,1
2016-05-03 03:00:00,77.6035,3,1
2016-05-03 04:00:00,77.6035,4,1
2016-05-03 05:00:00,77.6035,5,1
2016-05-03 06:00:00,77.6035,6,1
2016-05-03 07:00:00,77.6035,7,1
2016-05-03 08:00:00,77.6035,8,1
2016-05-03 09:00:00,77.6035,9,1
2016-05-03 10:00:00,77.6035,10,1
2016-05-03 11:00:00,77.6035,11,1
2016-05-03 12:00:00,77.6035,12,1
2016-05-03 13:00:00,77.6035,13,1
2016-05-03 14:00:00,77.6035,14,1
2016-05-03 15:00:00,77.6035,15,1
2016-05-03 16:00:00,77.6035,16,1
2016-05-03 17:00:00,77.6035,17,1
2016-05-03 18:00:00,77.6035,18,1
2016-05-03 19:00:00,77.6035,19,1
2016-05-03 20:00:00,77.6035,20,1
2016-05-03 21:00:00,77.6035,21,1
2016-05-03 22:00:00,77.6035,22,1
2016-05-03 23:00:00,77.6035,23,1
2016-05-04 00:00:00,77.6035,0,2
2016-05-04 01:00:00,77.6035,1,2
2016-05-04 02:00:00,77.6035,2,2
2016-05-04 03:00:00,77.6035,3,2
2016-05-04 04:00:00,77.6035,4,2
2016-05-04 05:00:00,77.6035,5,2
2016-05-04 06:00:00,77.6035,6,2
2016-05-04 07:00:00,77.6035,7,2
2016-05-04 08:00:00,77.6035,8,2
2016-05-04 09:00:00,77.6035,9,2
2016-05-04 10:00:00,77.6035,10,2
2016-05-04 11:00:00,77.6035,11,2
2016-05-04 12:00:00,77.6035,12,2
2016-05-04 13:00:00,77.6035,13,2
2016-05-04 14:00:00,77.6035,14,2
2016-05-04 15:00:00,77.6035,15,2
2016-05-04 16:00:00,77.6035,16,2
2016-05-04 17:00:00,77.6035,17,2
2016-05-04 18:00:00,77.6035,18,2
2016-05-04 19:00:00,77.6035,19,2
2016-05-04 20:00:00,77.6035,20,2
2016-05-04 21:00:00,77.6035,21,2
2016-05-04 22:00:00,77.6035,22,2
2016-05-04 23:00:00,77.6035,23,2
2016-05-05 00:00:00,77.6035,0,3
2016-05-05 01:00:00,77.6035,1,3
2016-05-05 02:00:00,77.6035,2,3
2016-05-05 03:00:00,77.6035,3,3
2016-05-05 04:00:00,77.6035,4,3
2016-05-05 05:00:00,77.6035,5,3
2016-05-05 06:00:00,77.6035,6,3
2016-05-05 07:00:00,77.6035,7,3
2016-05-05 08:00:00,77.6035,8,3
2016-05-05 09:00:00,77.6035,9,3
2016-05-05 10:00:00,77.6035,10,3
2016-05-05 11:00:00,77.6035,11,3
2016-05-05 12:00:00,77.6035,12,3
2016-05-05 13:00:00,77.6035,13,3
2016-05-05 14:00:00,77.6035,14,3
2016-05-05 15:00:00,77.6035,15,3
2016-05-05 16:00:00,77.6035,16,3
2016-05-05 17:00:00,77.6035,17,3
2016-05-05 18:00:00,77.6035,18,3
2016-05-05 19:00:00,77.6035,19,3
2016-05-05 20:00:00,77.6035,20,3
2016-05-05 21:00:00,77.6035,21,3
2016-05-05 22:00:00,77.6035,22,3
2016-05-05 23:00:00,77.6035,23,3
2016-05-06 00:00:00,77.6035,0,4
2016-05-06 01:00:00,77.6035,1,4
2016-05-06 02:00:00,77.6035,2,4
2016-05-06 03:00:00,77.6035,3,4
2016-05-06 04:00:00,77.6035,4,4
2016-05-06 05:00:00,77.6035,5,4
2016-05-06 06:00:00,77.6035,6,4
2016-05-06 07:00:00,77.6035,7,4
2016-05-06 08:00:00,77.6035,8,4
2016-05-06 09:00:00,77.6035,9,4
2016-05-06 10:00:00,77.6035,10,4
2016-05-06 11:00:00,77.6035,11,4
2016-05-06 12:00:00,77.6035,12,4
2016-05-06 13:00:00,77.6035,13,4
2016-05-06 14:00:00,77.6035,14,4
2016-05-06 15:00:00,77.6035,15,4
2016-05-06 16:00:00,77.6035,16,4
2016-05-06 17:00:00,77.6035,17,4
2016-05-06 18:00:00,77.6035,18,4
2016-05-06 19:00:00,77.6035,19,4
2016-05-06 20:00:00,77.6035,20,4
2016-05-06 21:00:00,77.6035,21,4
2016-05-06 22:00:00,77.6035,22,4
2016-05-06 23:00:00,77.6035,23,4
2016-05-07 00:00:00,77.6035,0,5
2016-05-07 01:00:00,77.6035,1,5
2016-05-07 02:00:00,77.6035,2,5
2016-05-07 03:00:00,77.6035,3,5
2016-05-07 04:00:00,77.6035,4,5
2016-05-07 05:00:00,77.6035,5,5
2016-05-07 06:00:00,77.6035,6,5
2016-05-07 07:00:00,77.6035,7,5
2016-05-07 08:00:00,77.6035,8,5
2016-05-07 09:00:00,77.6035,9,5
2016-05-07 10:00:00,77.6035,10,5
2016-05-07 11:00:00,77.6035,11,5
2016-05-07 12:00:00,77.6035,12,5
2016-05-07 13:00:00,77.6035,13,5
2016-05-07 14:00:00,77.6035,14,5
2016-05-07 15:00:00,77.6035,15,5
2016-05-07 16:00:00,77.6035,16,5
2016-05-07 17:00:00,77.6035,17,5
2016-05-07 18:00:00,77.6035,18,5
2016-05-07 19:00:00,77.6035,19,5
2016-05-07 20:00:00,77.6035,20,5
2016-05-07 21:00:00,77.6035,21,5
2016-05-07 22:00:00,77.6035,22,5
2016-05-07 23:00:00,77.6035,23,5
2016-05-08 00:00:00,77.6035,0,6
2016-05-08 01:00:00,77.6035,1,6
2016-05-08 02:00:00,77.6035,2,6
2016-05-08 03:00:00,77.6035,3,6
2016-05-08 04:00:00,77.6035,4,6
2016-05-08 05:00:00,77.6035,5,6
2016-05-08 06:00:00,77.6035,6,6
2016-05-08 07:00:00,77.6035,7,6
2016-05-08 08:00:00,77.6035,8,6
2016-05-08 09:00:00,77.6035,9,6
2016-05-08 10:00:00,77.6035,10,6
2016-05-08 11:00:00,77.6035,11,6
2016-05-08 12:00:00,77.6035,12,6
2016-05-08 13:00:00,77.6035,13,6
2016-05-08 14:00:00,77.6035,14,6
2016-05-08 15:00:00,77.6035,15,6
2016-05-08 16:00:00,77.6035,16,6
2016-05-08 17:00:00,77.6035,17,6
2016-05-08 18:00:00,77.6035,18,6
2016-05-08 19:00:00,77.6035,19,6
2016-05-08 20:00:00,77.6035,20,6
2016-05-08 21:00:00,77.6035,21,6
2016-05-08 22:00:00,77.6035,22,6
2016-05-08 23:00:00,77.6035,23,6
2016-05-09 00:00:00,77.6035,0,0
2016-05-09 01:00:00,77.6035,1,0
2016-05-09 02:00:00,77.6035,2,0
2016-05-09 03:00:00,77.6035,3,0
2016-05-09 04:00:00,77.6035,4,0
2016-05-09 05:00:00,77.6035,5,0
2016-05-09 06:00:00,77.6035,6,0
2016-05-09 07:00:00,77.6035,7,0
2016-05-09 08:00:00,77.6035,8,0
2016-05-09 09:00:00,77.6035,9,0
2016-05-09 10:00:00,77.6035,10,0
2016-05-09 11:00:00,77.6035,11,0
2016-05-09 12:00:00,77.6035,12,0
2016-05-09 13:00:00,77.6035,13,0
2016-05-09 14:00:00,77.6035,14,0
2016-05-09 15:00:00,77.6035,15,0
2016-05-09 16:00:00,77.6035,16,0
2016-05-09 17:00:00,77.6035,17,0
2016-05-09 18:00:00,77.6035,18,0
2016-05-09 19:00:00,77.6035,19,0
2016-05-09 20:00:00,77.6035,20,0
2016-05-09 21:00:00,77.6035,21,0
2016-05-09 22:00:00,77.6035,22,0
2016-05-09 23:00:00,77.6035,23,0
2016-05-10 00:00:00,72.8499,0,1
2016-05-10 01:00:00,73.4749,1,1
2016-05-10 02:00:00,69.7214,2,1
2016-05-10 03:00:00,70.9714,3,1
2016-05-10 04:00:00,68.8464,4,1
2016-05-10 05:00:00,70.0964,5,1
2016-05-10 06:00:00,69.9714,6,1
2016-05-10 07:00:00,69.9714,7,1
2016-05-10 08:00:00,72.8464,8,1
2016-05-10 09:00:00,76.8464,9,1
2016-05-10 10:00:00,92.0964,10,1
2016-05-10 11:00:00,105.221,11,1
2016-05-10 12:00:00,101.096,12,1
2016-05-10 13:00:00,98.3464,13,1
2016-05-10 14:00:00,103.221,14,1
2016-05-10 15:00:00,98.0964,15,1
2016-05-10 16:00:00,93.8464,16,1
2016-05-10 17:00:00,89.4714,17,1
2016-05-10 18:00:00,84.7214,18,1
2016-05-10 19:00:00,81.7214,19,1
2016-05-10 20:00:00,78.0964,20,1
2016-05-10 21:00:00,75.2214,21,1
2016-05-10 22:00:00,73.3464,22,1
2016-05-10 23:00:00,70.3464,23,1
2016-05-11 00:00:00,69.0964,0,2
2016-05-11 01:00:00,68.3464,1,2
2016-05-11 02:00:00,68.0964,2,2
2016-05-11 03:00:00,68.0964,3,2
2016-05-11 04:00:00,68.2214,4,2
2016-05-11 05:00:00,67.9714,5,2
2016-05-11 06:00:00,67.9714,6,2
2016-05-11 07:00:00,70.0964,7,2
2016-05-11 08:00:00,70.7214,8,2
2016-05-11 09:00:00,80.7214,9,2
2016-05-11 10:00:00,85.9714,10,2
2016-05-11 11:00:00,93.0964,11,2
2016-05-11 12:00:00,97.7214,12,2
2016-05-11 13:00:00,99.0964,13,2
2016-05-11 14:00:00,97.9714,14,2
2016-05-11 15:00:00,97.0964,15,2
2016-05-11 16:00:00,91.5964,16,2
2016-05-11 17:00:00,94.2214,17,2
2016-05-11 18:00:00,85.9714,18,2
2016-05-11 19:00:00,81.0964,19,2
2016-05-11 20:00:00,78.3464,20,2
2016-05-11 21:00:00,76.4714,21,2
2016-05-11 22:00:00,74.2214,22,2
2016-05-11 23:00:00,72.5964,23,2
2016-05-12 00:00:00,73.1778,0,3
2016-05-12 01:00:00,68.5964,1,3
2016-05-12 02:00:00,68.3464,2,3
2016-05-12 03:00:00,67.5964,3,3
2016-05-12 04:00:00,68.8464,4,3
2016-05-12 05:00:00,68.5964,5,3
2016-05-12 06:00:00,68.8464,6,3
2016-05-12 07:00:00,70.5964,7,3
2016-05-12 08:00:00,70.7214,8,3
2016-05-12 09:00:00,70.4714,9,3
2016-05-12 10:00:00,77.7592,10,3
2016-05-12 11:00:00,77.7592,11,3
2016-05-12 12:00:00,77.7592,12,3
2016-05-12 13:00:00,77.7592,13,3
2016-05-12 14:00:00,77.7592,14,3
2016-05-12 15:00:00,77.7592,15,3
2016-05-12 16:00:00,77.7592,16,3
2016-05-12 17:00:00,77.7592,17,3
2016-05-12 18:00:00,77.7592,18,3
2016-05-12 19:00:00,77.7592,19,3
2016-05-12 20:00:00,77.7592,20,3
2016-05-12 21:00:00,77.7592,21,3
2016-05-12 22:00:00,77.7592,22,3
2016-05-12 23:00:00,77.7592,23,3
2016-05-13 00:00:00,68.961,0,4
2016-05-13 01:00:00,69.461,1,4
2016-05-13 02:00:00,61.1629,2,4
2016-05-13 03:00:00,60.6629,3,4
2016-05-13 04:00:00,59.6629,4,4
2016-05-13 05:00:00,60.6629,5,4
2016-05-13 06:00:00,65.6629,6,4
2016-05-13 07:00:00,77.1629,7,4
2016-05-13 08:00:00,84.1629,8,4
2016-05-13 09:00:00,93.6629,9,4
2016-05-13 10:00:00,101.663,10,4
2016-05-13 11:00:00,108.163,11,4
2016-05-13 12:00:00,110.163,12,4
2016-05-13 13:00:00,111.663,13,4
2016-05-13 14:00:00,111.663,14,4
2016-05-13 15:00:00,112.663,15,4
2016-05-13 16:00:00,110.163,16,4
2016-05-13 17:00:00,101.163,17,4
2016-05-13 18:00:00,92.1629,18,4
2016-05-13 19:00:00,83.6629,19,4
2016-05-13 20:00:00,79.1629,20,4
2016-05-13 21:00:00,75.6629,21,4
2016-05-13 22:00:00,65.6629,22,4
2016-05-13 23:00:00,61.6629,23,4
2016-05-14 00:00:00,57.6629,0,5
2016-05-14 01:00:00,58.6629,1,5
2016-05-14 02:00:00,58.1629,2,5
2016-05-14 03:00:00,58.1629,3,5
2016-05-14 04:00:00,58.1629,4,5
2016-05-14 05:00:00,57.6629,5,5
2016-05-14 06:00:00,57.1629,6,5
2016-05-14 07:00:00,56.6629,7,5
2016-05-14 08:00:00,57.6629,8,5
2016-05-14 09:00:00,57.6629,9,5
2016-05-14 10:00:00,59.6629,10,5
2016-05-14 11:00:00,60.6629,11,5
2016-05-14 12:00:00,63.1629,12,5
2016-05-14 13:00:00,64.1629,13,5
2016-05-14 14:00:00,65.1629,14,5
2016-05-14 15:00:00,65.1629,15,5
2016-05-14 16:00:00,65.6629,16,5
2016-05-14 17:00:00,65.6629,17,5
2016-05-14 18:00:00,66.1629,18,5
2016-05-14 19:00:00,64.6629,19,5
2016-05-14 20:00:00,63.6629,20,5
2016-05-14 21:00:00,60.6629,21,5
2016-05-14 22:00:00,60.1629,22,5
2016-05-14 23:00:00,59.6629,23,5
2016-05-15 00:00:00,60.1629,0,6
2016-05-15 01:00:00,58.6629,1,6
2016-05-15 02:00:00,57.6629,2,6
2016-05-15 03:00:00,56.6629,3,6
2016-05-15 04:00:00,58.1629,4,6
2016-05-15 05:00:00,57.6629,5,6
2016-05-15 06:00:00,50.1629,6,6
2016-05-15 07:00:00,61.1629,7,6
2016-05-15 08:00:00,61.1629,8,6
2016-05-15 09:00:00,61.1629,9,6
2016-05-15 10:00:00,61.1629,10,6
2016-05-15 11:00:00,61.1629,11,6
2016-05-15 12:00:00,61.1629,12,6
2016-05-15 13:00:00,61.1629,13,6
2016-05-15 14:00:00,61.1629,14,6
2016-05-15 15:00:00,61.1629,15,6
2016-05-15 16:00:00,61.1629,16,6
2016-05-15 17:00:00,61.1629,17,6
2016-05-15 18:00:00,61.1629,18,6
2016-05-15 19:00:00,61.1629,19,6
2016-05-15 20:00:00,61.1629,20,6
2016-05-15 21:00:00,61.1629,21,6
2016-05-15 22:00:00,61.1629,22,6
2016-05-15 23:00:00,61.1629,23,6
2016-05-16 00:00:00,57.8314,0,0
2016-05-16 01:00:00,56.8314,1,0
2016-05-16 02:00:00,51.375,2,0
2016-05-16 03:00:00,50.5,3,0
2016-05-16 04:00:00,50.75,4,0
2016-05-16 05:00:00,50.25,5,0
2016-05-16 06:00:00,53.375,6,0
2016-05-16 07:00:00,68.0,7,0
2016-05-16 08:00:00,77.0,8,0
2016-05-16 09:00:00,92.0,9,0
2016-05-16 10:00:00,111.125,10,0
2016-05-16 11:00:00,121.875,11,0
2016-05-16 12:00:00,127.25,12,0
2016-05-16 13:00:00,128.625,13,0
2016-05-16 14:00:00,129.125,14,0
2016-05-16 15:00:00,127.625,15,0
2016-05-16 16:00:00,128.75,16,0
2016-05-16 17:00:00,121.875,17,0
2016-05-16 18:00:00,103.875,18,0
2016-05-16 19:00:00,92.25,19,0
2016-05-16 20:00:00,82.5,20,0
2016-05-16 21:00:00,76.125,21,0
2016-05-16 22:00:00,64.125,22,0
2016-05-16 23:00:00,57.25,23,0
2016-05-17 00:00:00,54.125,0,1
2016-05-17 01:00:00,53.875,1,1
2016-05-17 02:00:00,51.75,2,1
2016-05-17 03:00:00,52.875,3,1
2016-05-17 04:00:00,51.125,4,1
2016-05-17 05:00:00,51.625,5,1
2016-05-17 06:00:00,55.5,6,1
2016-05-17 07:00:00,69.875,7,1
2016-05-17 08:00:00,77.25,8,1
2016-05-17 09:00:00,93.375,9,1
2016-05-17 10:00:00,107.375,10,1
2016-05-17 11:00:00,116.25,11,1
2016-05-17 12:00:00,119.5,12,1
2016-05-17 13:00:00,122.625,13,1
2016-05-17 14:00:00,127.875,14,1
2016-05-17 15:00:00,125.25,15,1
2016-05-17 16:00:00,120.75,16,1
2016-05-17 17:00:00,113.875,17,1
2016-05-17 18:00:00,99.75,18,1
2016-05-17 19:00:00,91.25,19,1
2016-05-17 20:00:00,81.25,20,1
2016-05-17 21:00:00,73.0,21,1
2016-05-17 22:00:00,63.625,22,1
2016-05-17 23:00:00,58.125,23,1
2016-05-18 00:00:00,54.0,0,2
2016-05-18 01:00:00,53.875,1,2
2016-05-18 02:00:00,52.75,2,2
2016-05-18 03:00:00,50.75,3,2
2016-05-18 04:00:00,50.375,4,2
2016-05-18 05:00:00,51.125,5,2
2016-05-18 06:00:00,55.625,6,2
2016-05-18 07:00:00,71.0,7,2
2016-05-18 08:00:00,77.25,8,2
2016-05-18 09:00:00,94.625,9,2
2016-05-18 10:00:00,108.25,10,2
2016-05-18 11:00:00,119.875,11,2
2016-05-18 12:00:00,125.375,12,2
2016-05-18 13:00:00,133.0,13,2
2016-05-18 14:00:00,132.875,14,2
2016-05-18 15:00:00,137.75,15,2
2016-05-18 16:00:00,134.625,16,2
2016-05-18 17:00:00,127.75,17,2
2016-05-18 18:00:00,108.0,18,2
2016-05-18 19:00:00,96.0,19,2
2016-05-18 20:00:00,83.5,20,2
2016-05-18 21:00:00,73.5,21,2
2016-05-18 22:00:00,64.375,22,2
2016-05-18 23:00:00,58.875,23,2
2016-05-19 00:00:00,54.75,0,3
2016-05-19 01:00:00,51.375,1,3
2016-05-19 02:00:00,53.125,2,3
2016-05-19 03:00:00,53.625,3,3
2016-05-19 04:00:00,51.375,4,3
2016-05-19 05:00:00,51.75,5,3
2016-05-19 06:00:00,55.875,6,3
2016-05-19 07:00:00,68.625,7,3
2016-05-19 08:00:00,76.875,8,3
2016-05-19 09:00:00,93.375,9,3
2016-05-19 10:00:00,110.375,10,3
2016-05-19 11:00:00,117.875,11,3
2016-05-19 12:00:00,124.75,12,3
2016-05-19 13:00:00,123.875,13,3
2016-05-19 14:00:00,124.875,14,3
2016-05-19 15:00:00,127.0,15,3
2016-05-19 16:00:00,129.375,16,3
2016-05-19 17:00:00,119.125,17,3
2016-05-19 18:00:00,103.75,18,3
2016-05-19 19:00:00,94.0,19,3
2016-05-19 20:00:00,86.0,20,3
2016-05-19 21:00:00,74.0,21,3
2016-05-19 22:00:00,65.25,22,3
2016-05-19 23:00:00,62.875,23,3
2016-05-20 00:00:00,54.0,0,4
2016-05-20 01:00:00,52.875,1,4
2016-05-20 02:00:00,51.75,2,4
2016-05-20 03:00:00,50.625,3,4
2016-05-20 04:00:00,50.75,4,4
2016-05-20 05:00:00,51.25,5,4
2016-05-20 06:00:00,57.125,6,4
2016-05-20 07:00:00,67.75,7,4
2016-05-20 08:00:00,78.875,8,4
2016-05-20 09:00:00,95.0,9,4
2016-05-20 10:00:00,110.75,10,4
2016-05-20 11:00:00,119.125,11,4
2016-05-20 12:00:00,127.75,12,4
2016-05-20 13:00:00,131.0,13,4
2016-05-20 14:00:00,130.625,14,4
2016-05-20 15:00:00,132.5,15,4
2016-05-20 16:00:00,123.0,16,4
2016-05-20 17:00:00,109.375,17,4
2016-05-20 18:00:00,96.25,18,4
2016-05-20 19:00:00,89.625,19,4
2016-05-20 20:00:00,80.0,20,4
2016-05-20 21:00:00,72.375,21,4
2016-05-20 22:00:00,62.0,22,4
2016-05-20 23:00:00,57.5,23,4
2016-05-21 00:00:00,52.875,0,5
2016-05-21 01:00:00,52.875,1,5
2016-05-21 02:00:00,52.5,2,5
2016-05-21 03:00:00,53.75,3,5
2016-05-21 04:00:00,51.75,4,5
2016-05-21 05:00:00,52.0,5,5
2016-05-21 06:00:00,52.25,6,5
2016-05-21 07:00:00,52.375,7,5
2016-05-21 08:00:00,52.75,8,5
2016-05-21 09:00:00,58.25,9,5
2016-05-21 10:00:00,58.25,10,5
2016-05-21 11:00:00,58.0,11,5
2016-05-21 12:00:00,57.375,12,5
2016-05-21 13:00:00,58.0,13,5
2016-05-21 14:00:00,57.875,14,5
2016-05-21 15:00:00,59.5,15,5
2016-05-21 16:00:00,61.125,16,5
2016-05-21 17:00:00,59.875,17,5
2016-05-21 18:00:00,59.375,18,5
2016-05-21 19:00:00,60.5,19,5
2016-05-21 20:00:00,58.5,20,5
2016-05-21 21:00:00,57.875,21,5
2016-05-21 22:00:00,55.25,22,5
2016-05-21 23:00:00,52.25,23,5
2016-05-22 00:00:00,53.25,0,6
2016-05-22 01:00:00,52.0,1,6
2016-05-22 02:00:00,52.25,2,6
2016-05-22 03:00:00,51.375,3,6
2016-05-22 04:00:00,50.0,4,6
2016-05-22 05:00:00,48.875,5,6
2016-05-22 06:00:00,50.5,6,6
2016-05-22 07:00:00,48.375,7,6
2016-05-22 08:00:00,49.75,8,6
2016-05-22 09:00:00,51.125,9,6
2016-05-22 10:00:00,52.75,10,6
2016-05-22 11:00:00,55.625,11,6
2016-05-22 12:00:00,59.625,12,6
2016-05-22 13:00:00,60.625,13,6
2016-05-22 14:00:00,60.375,14,6
2016-05-22 15:00:00,60.0,15,6
2016-05-22 16:00:00,61.125,16,6
2016-05-22 17:00:00,60.25,17,6
2016-05-22 18:00:00,60.5,18,6
2016-05-22 19:00:00,59.625,19,6
2016-05-22 20:00:00,60.25,20,6
2016-05-22 21:00:00,56.375,21,6
2016-05-22 22:00:00,56.5,22,6
2016-05-22 23:00:00,54.375,23,6
2016-05-23 00:00:00,54.625,0,0
2016-05-23 01:00:00,52.25,1,0
2016-05-23 02:00:00,53.375,2,0
2016-05-23 03:00:00,54.5,3,0
2016-05-23 04:00:00,52.375,4,0
2016-05-23 05:00:00,53.125,5,0
2016-05-23 06:00:00,56.0,6,0
2016-05-23 07:00:00,64.0,7,0
2016-05-23 08:00:00,80.125,8,0
2016-05-23 09:00:00,94.625,9,0
2016-05-23 10:00:00,109.875,10,0
2016-05-23 11:00:00,122.25,11,0
2016-05-23 12:00:00,122.5,12,0
2016-05-23 13:00:00,127.875,13,0
2016-05-23 14:00:00,133.25,14,0
2016-05-23 15:00:00,125.75,15,0
2016-05-23 16:00:00,124.5,16,0
2016-05-23 17:00:00,115.875,17,0
2016-05-23 18:00:00,102.75,18,0
2016-05-23 19:00:00,90.125,19,0
2016-05-23 20:00:00,78.5,20,0
2016-05-23 21:00:00,67.75,21,0
2016-05-23 22:00:00,59.5,22,0
2016-05-23 23:00:00,56.375,23,0
2016-05-24 00:00:00,53.5,0,1
2016-05-24 01:00:00,52.0,1,1
2016-05-24 02:00:00,51.5,2,1
2016-05-24 03:00:00,51.25,3,1
2016-05-24 04:00:00,49.25,4,1
2016-05-24 05:00:00,50.0,5,1
2016-05-24 06:00:00,57.375,6,1
2016-05-24 07:00:00,69.375,7,1
2016-05-24 08:00:00,76.125,8,1
2016-05-24 09:00:00,90.625,9,1
2016-05-24 10:00:00,112.625,10,1
2016-05-24 11:00:00,126.0,11,1
2016-05-24 12:00:00,131.875,12,1
2016-05-24 13:00:00,135.5,13,1
2016-05-24 14:00:00,140.125,14,1
2016-05-24 15:00:00,140.375,15,1
2016-05-24 16:00:00,145.5,16,1
2016-05-24 17:00:00,128.875,17,1
2016-05-24 18:00:00,102.25,18,1
2016-05-24 19:00:00,91.375,19,1
2016-05-24 20:00:00,79.0,20,1
2016-05-24 21:00:00,67.125,21,1
2016-05-24 22:00:00,60.75,22,1
2016-05-24 23:00:00,54.125,23,1
2016-05-25 00:00:00,51.625,0,2
2016-05-25 01:00:00,51.25,1,2
2016-05-25 02:00:00,51.875,2,2
2016-05-25 03:00:00,50.625,3,2
2016-05-25 04:00:00,50.625,4,2
2016-05-25 05:00:00,50.625,5,2
2016-05-25 06:00:00,54.875,6,2
2016-05-25 07:00:00,68.75,7,2
2016-05-25 08:00:00,75.0,8,2
2016-05-25 09:00:00,89.0,9,2
2016-05-25 10:00:00,108.625,10,2
2016-05-25 11:00:00,115.625,11,2
2016-05-25 12:00:00,123.375,12,2
2016-05-25 13:00:00,124.75,13,2
2016-05-25 14:00:00,119.25,14,2
2016-05-25 15:00:00,119.875,15,2
2016-05-25 16:00:00,127.875,16,2
2016-05-25 17:00:00,118.25,17,2
2016-05-25 18:00:00,94.0,18,2
2016-05-25 19:00:00,82.5,19,2
2016-05-25 20:00:00,72.25,20,2
2016-05-25 21:00:00,65.5,21,2
2016-05-25 22:00:00,59.125,22,2
2016-05-25 23:00:00,55.75,23,2
2016-05-26 00:00:00,50.0,0,3
2016-05-26 01:00:00,49.75,1,3
2016-05-26 02:00:00,48.625,2,3
2016-05-26 03:00:00,50.0,3,3
2016-05-26 04:00:00,47.5,4,3
2016-05-26 05:00:00,48.625,5,3
2016-05-26 06:00:00,54.0,6,3
2016-05-26 07:00:00,66.75,7,3
2016-05-26 08:00:00,73.25,8,3
2016-05-26 09:00:00,88.0,9,3
2016-05-26 10:00:00,105.0,10,3
2016-05-26 11:00:00,114.5,11,3
2016-05-26 12:00:00,120.5,12,3
2016-05-26 13:00:00,125.75,13,3
2016-05-26 14:00:00,127.25,14,3
2016-05-26 15:00:00,128.25,15,3
2016-05-26 16:00:00,126.0,16,3
2016-05-26 17:00:00,121.375,17,3
2016-05-26 18:00:00,102.125,18,3
2016-05-26 19:00:00,87.0,19,3
2016-05-26 20:00:00,75.625,20,3
2016-05-26 21:00:00,68.875,21,3
2016-05-26 22:00:00,62.125,22,3
2016-05-26 23:00:00,59.75,23,3
2016-05-27 00:00:00,51.5,0,4
2016-05-27 01:00:00,49.875,1,4
2016-05-27 02:00:00,50.125,2,4
2016-05-27 03:00:00,50.0,3,4
2016-05-27 04:00:00,49.875,4,4
2016-05-27 05:00:00,49.625,5,4
2016-05-27 06:00:00,54.25,6,4
2016-05-27 07:00:00,66.0,7,4
2016-05-27 08:00:00,72.75,8,4
2016-05-27 09:00:00,80.75,9,4
2016-05-27 10:00:00,93.875,10,4
2016-05-27 11:00:00,106.375,11,4
2016-05-27 12:00:00,114.125,12,4
2016-05-27 13:00:00,118.25,13,4
2016-05-27 14:00:00,120.875,14,4
2016-05-27 15:00:00,120.0,15,4
2016-05-27 16:00:00,115.75,16,4
2016-05-27 17:00:00,102.875,17,4
2016-05-27 18:00:00,101.25,18,4
2016-05-27 19:00:00,88.875,19,4
2016-05-27 20:00:00,79.75,20,4
2016-05-27 21:00:00,67.125,21,4
2016-05-27 22:00:00,56.625,22,4
2016-05-27 23:00:00,55.875,23,4
2016-05-28 00:00:00,58.0,0,5
2016-05-28 01:00:00,51.0,1,5
2016-05-28 02:00:00,51.0,2,5
2016-05-28 03:00:00,51.875,3,5
2016-05-28 04:00:00,50.375,4,5
2016-05-28 05:00:00,50.25,5,5
2016-05-28 06:00:00,50.125,6,5
2016-05-28 07:00:00,50.875,7,5
2016-05-28 08:00:00,51.0,8,5
2016-05-28 09:00:00,54.375,9,5
2016-05-28 10:00:00,54.875,10,5
2016-05-28 11:00:00,56.5,11,5
2016-05-28 12:00:00,58.375,12,5
2016-05-28 13:00:00,62.125,13,5
2016-05-28 14:00:00,62.875,14,5
2016-05-28 15:00:00,61.625,15,5
2016-05-28 16:00:00,63.125,16,5
2016-05-28 17:00:00,61.375,17,5
2016-05-28 18:00:00,64.0,18,5
2016-05-28 19:00:00,60.375,19,5
2016-05-28 20:00:00,58.25,20,5
2016-05-28 21:00:00,56.125,21,5
2016-05-28 22:00:00,58.25,22,5
2016-05-28 23:00:00,61.875,23,5
2016-05-29 00:00:00,53.0,0,6
2016-05-29 01:00:00,62.375,1,6
2016-05-29 02:00:00,60.25,2,6
2016-05-29 03:00:00,60.125,3,6
2016-05-29 04:00:00,55.5,4,6
2016-05-29 05:00:00,53.0,5,6
2016-05-29 06:00:00,50.125,6,6
2016-05-29 07:00:00,49.25,7,6
2016-05-29 08:00:00,48.875,8,6
2016-05-29 09:00:00,49.0,9,6
2016-05-29 10:00:00,49.5,10,6
2016-05-29 11:00:00,50.375,11,6
2016-05-29 12:00:00,52.625,12,6
2016-05-29 13:00:00,54.375,13,6
2016-05-29 14:00:00,60.625,14,6
2016-05-29 15:00:00,62.25,15,6
2016-05-29 16:00:00,57.5,16,6
2016-05-29 17:00:00,57.5,17,6
2016-05-29 18:00:00,56.75,18,6
2016-05-29 19:00:00,57.375,19,6
2016-05-29 20:00:00,55.125,20,6
2016-05-29 21:00:00,51.75,21,6
2016-05-29 22:00:00,49.5,22,6
2016-05-29 23:00:00,48.5,23,6
2016-05-30 00:00:00,48.875,0,0
2016-05-30 01:00:00,48.875,1,0
2016-05-30 02:00:00,46.875,2,0
2016-05-30 03:00:00,47.375,3,0
2016-05-30 04:00:00,47.125,4,0
2016-05-30 05:00:00,46.75,5,0
2016-05-30 06:00:00,46.125,6,0
2016-05-30 07:00:00,46.25,7,0
2016-05-30 08:00:00,47.5,8,0
2016-05-30 09:00:00,59.25,9,0
2016-05-30 10:00:00,63.875,10,0
2016-05-30 11:00:00,66.25,11,0
2016-05-30 12:00:00,69.375,12,0
2016-05-30 13:00:00,71.0,13,0
2016-05-30 14:00:00,71.875,14,0
2016-05-30 15:00:00,73.625,15,0
2016-05-30 16:00:00,70.75,16,0
2016-05-30 17:00:00,69.875,17,0
2016-05-30 18:00:00,67.0,18,0
2016-05-30 19:00:00,65.375,19,0
2016-05-30 20:00:00,58.625,20,0
2016-05-30 21:00:00,57.625,21,0
2016-05-30 22:00:00,54.375,22,0
2016-05-30 23:00:00,52.125,23,0
2016-05-31 00:00:00,50.625,0,1
2016-05-31 01:00:00,48.75,1,1
2016-05-31 02:00:00,47.75,2,1
2016-05-31 03:00:00,46.625,3,1
2016-05-31 04:00:00,46.5,4,1
2016-05-31 05:00:00,47.375,5,1
2016-05-31 06:00:00,50.0,6,1
2016-05-31 07:00:00,64.0,7,1
2016-05-31 08:00:00,72.875,8,1
2016-05-31 09:00:00,95.0,9,1
2016-05-31 10:00:00,118.25,10,1
2016-05-31 11:00:00,131.5,11,1
2016-05-31 12:00:00,135.625,12,1
2016-05-31 13:00:00,145.0,13,1
2016-05-31 14:00:00,142.75,14,1
2016-05-31 15:00:00,143.625,15,1
2016-05-31 16:00:00,140.75,16,1
2016-05-31 17:00:00,136.125,17,1
2016-05-31 18:00:00,117.25,18,1
2016-05-31 19:00:00,103.75,19,1
2016-05-31 20:00:00,89.25,20,1
2016-05-31 21:00:00,68.625,21,1
2016-05-31 22:00:00,59.625,22,1
2016-05-31 23:00:00,55.0,23,1
2016-06-01 00:00:00,52.75,0,2
2016-06-01 01:00:00,53.5,1,2
2016-06-01 02:00:00,52.375,2,2
2016-06-01 03:00:00,51.125,3,2
2016-06-01 04:00:00,50.0,4,2
2016-06-01 05:00:00,51.0,5,2
2016-06-01 06:00:00,55.75,6,2
2016-06-01 07:00:00,68.75,7,2
2016-06-01 08:00:00,77.625,8,2
2016-06-01 09:00:00,94.5,9,2
2016-06-01 10:00:00,116.125,10,2
2016-06-01 11:00:00,127.75,11,2
2016-06-01 12:00:00,135.75,12,2
2016-06-01 13:00:00,143.375,13,2
2016-06-01 14:00:00,146.0,14,2
2016-06-01 15:00:00,144.0,15,2
2016-06-01 16:00:00,143.0,16,2
2016-06-01 17:00:00,132.5,17,2
2016-06-01 18:00:00,114.75,18,2
2016-06-01 19:00:00,96.25,19,2
2016-06-01 20:00:00,88.75,20,2
2016-06-01 21:00:00,80.875,21,2
2016-06-01 22:00:00,71.75,22,2
2016-06-01 23:00:00,63.75,23,2
2016-06-02 00:00:00,54.75,0,3
2016-06-02 01:00:00,52.875,1,3
2016-06-02 02:00:00,52.0,2,3
2016-06-02 03:00:00,50.5,3,3
2016-06-02 04:00:00,49.125,4,3
2016-06-02 05:00:00,50.75,5,3
2016-06-02 06:00:00,56.375,6,3
2016-06-02 07:00:00,67.0,7,3
2016-06-02 08:00:00,77.875,8,3
2016-06-02 09:00:00,94.375,9,3
2016-06-02 10:00:00,116.625,10,3
2016-06-02 11:00:00,133.125,11,3
2016-06-02 12:00:00,133.5,12,3
2016-06-02 13:00:00,136.625,13,3
2016-06-02 14:00:00,125.5,14,3
2016-06-02 15:00:00,132.125,15,3
2016-06-02 16:00:00,135.5,16,3
2016-06-02 17:00:00,129.25,17,3
2016-06-02 18:00:00,101.125,18,3
2016-06-02 19:00:00,92.375,19,3
2016-06-02 20:00:00,88.125,20,3
2016-06-02 21:00:00,75.875,21,3
2016-06-02 22:00:00,68.0,22,3
2016-06-02 23:00:00,62.5,23,3
2016-06-03 00:00:00,56.875,0,4
2016-06-03 01:00:00,54.75,1,4
2016-06-03 02:00:00,53.875,2,4
2016-06-03 03:00:00,52.375,3,4
2016-06-03 04:00:00,50.875,4,4
2016-06-03 05:00:00,51.875,5,4
2016-06-03 06:00:00,56.75,6,4
2016-06-03 07:00:00,69.125,7,4
2016-06-03 08:00:00,74.125,8,4
2016-06-03 09:00:00,90.375,9,4
2016-06-03 10:00:00,103.5,10,4
2016-06-03 11:00:00,116.625,11,4
2016-06-03 12:00:00,130.875,12,4
2016-06-03 13:00:00,132.5,13,4
2016-06-03 14:00:00,127.125,14,4
2016-06-03 15:00:00,124.875,15,4
2016-06-03 16:00:00,123.25,16,4
2016-06-03 17:00:00,116.0,17,4
2016-06-03 18:00:00,110.0,18,4
2016-06-03 19:00:00,98.75,19,4
2016-06-03 20:00:00,87.875,20,4
2016-06-03 21:00:00,79.875,21,4
2016-06-03 22:00:00,65.875,22,4
2016-06-03 23:00:00,60.75,23,4
2016-06-04 00:00:00,53.0,0,5
2016-06-04 01:00:00,53.375,1,5
2016-06-04 02:00:00,52.75,2,5
2016-06-04 03:00:00,54.375,3,5
2016-06-04 04:00:00,53.0,4,5
2016-06-04 05:00:00,51.875,5,5
2016-06-04 06:00:00,52.125,6,5
2016-06-04 07:00:00,51.625,7,5
2016-06-04 08:00:00,52.75,8,5
2016-06-04 09:00:00,59.25,9,5
2016-06-04 10:00:00,56.625,10,5
2016-06-04 11:00:00,56.375,11,5
2016-06-04 12:00:00,60.375,12,5
2016-06-04 13:00:00,59.375,13,5
2016-06-04 14:00:00,62.125,14,5
2016-06-04 15:00:00,63.0,15,5
2016-06-04 16:00:00,63.125,16,5
2016-06-04 17:00:00,62.5,17,5
2016-06-04 18:00:00,64.625,18,5
2016-06-04 19:00:00,65.25,19,5
2016-06-04 20:00:00,63.375,20,5
2016-06-04 21:00:00,57.125,21,5
2016-06-04 22:00:00,52.375,22,5
2016-06-04 23:00:00,51.5,23,5
2016-06-05 00:00:00,51.125,0,6
2016-06-05 01:00:00,50.0,1,6
2016-06-05 02:00:00,50.125,2,6
2016-06-05 03:00:00,49.75,3,6
2016-06-05 04:00:00,49.625,4,6
2016-06-05 05:00:00,49.375,5,6
2016-06-05 06:00:00,49.125,6,6
2016-06-05 07:00:00,49.25,7,6
2016-06-05 08:00:00,50.375,8,6
2016-06-05 09:00:00,52.125,9,6
2016-06-05 10:00:00,53.0,10,6
2016-06-05 11:00:00,56.125,11,6
2016-06-05 12:00:00,59.75,12,6
2016-06-05 13:00:00,60.25,13,6
2016-06-05 14:00:00,59.875,14,6
2016-06-05 15:00:00,64.375,15,6
2016-06-05 16:00:00,65.0,16,6
2016-06-05 17:00:00,63.5,17,6
2016-06-05 18:00:00,61.125,18,6
2016-06-05 19:00:00,59.0,19,6
2016-06-05 20:00:00,56.25,20,6
2016-06-05 21:00:00,55.5,21,6
2016-06-05 22:00:00,51.75,22,6
2016-06-05 23:00:00,50.625,23,6
2016-06-06 00:00:00,50.625,0,0
2016-06-06 01:00:00,51.125,1,0
2016-06-06 02:00:00,50.375,2,0
2016-06-06 03:00:00,49.625,3,0
2016-06-06 04:00:00,49.5,4,0
2016-06-06 05:00:00,50.875,5,0
2016-06-06 06:00:00,54.375,6,0
2016-06-06 07:00:00,59.625,7,0
2016-06-06 08:00:00,76.5,8,0
2016-06-06 09:00:00,94.875,9,0
2016-06-06 10:00:00,115.75,10,0
2016-06-06 11:00:00,124.0,11,0
2016-06-06 12:00:00,128.625,12,0
2016-06-06 13:00:00,134.375,13,0
2016-06-06 14:00:00,128.875,14,0
2016-06-06 15:00:00,131.375,15,0
2016-06-06 16:00:00,130.75,16,0
2016-06-06 17:00:00,123.5,17,0
2016-06-06 18:00:00,101.125,18,0
2016-06-06 19:00:00,88.375,19,0
2016-06-06 20:00:00,77.125,20,0
2016-06-06 21:00:00,62.875,21,0
2016-06-06 22:00:00,56.5,22,0
2016-06-06 23:00:00,55.75,23,0
2016-06-07 00:00:00,50.0,0,1
2016-06-07 01:00:00,48.375,1,1
2016-06-07 02:00:00,47.375,2,1
2016-06-07 03:00:00,47.125,3,1
2016-06-07 04:00:00,47.0,4,1
2016-06-07 05:00:00,47.125,5,1
2016-06-07 06:00:00,50.0,6,1
2016-06-07 07:00:00,63.125,7,1
2016-06-07 08:00:00,72.875,8,1
2016-06-07 09:00:00,89.125,9,1
2016-06-07 10:00:00,106.5,10,1
2016-06-07 11:00:00,115.5,11,1
2016-06-07 12:00:00,122.75,12,1
2016-06-07 13:00:00,125.25,13,1
2016-06-07 14:00:00,132.75,14,1
2016-06-07 15:00:00,130.625,15,1
2016-06-07 16:00:00,128.125,16,1
2016-06-07 17:00:00,126.75,17,1
2016-06-07 18:00:00,114.25,18,1
2016-06-07 19:00:00,96.75,19,1
2016-06-07 20:00:00,79.75,20,1
2016-06-07 21:00:00,70.5,21,1
2016-06-07 22:00:00,59.875,22,1
2016-06-07 23:00:00,55.5,23,1
2016-06-08 00:00:00,52.375,0,2
2016-06-08 01:00:00,51.0,1,2
2016-06-08 02:00:00,49.25,2,2
2016-06-08 03:00:00,48.375,3,2
2016-06-08 04:00:00,48.125,4,2
2016-06-08 05:00:00,48.25,5,2
2016-06-08 06:00:00,52.875,6,2
2016-06-08 07:00:00,66.375,7,2
2016-06-08 08:00:00,77.5,8,2
2016-06-08 09:00:00,89.375,9,2
2016-06-08 10:00:00,110.375,10,2
2016-06-08 11:00:00,123.75,11,2
2016-06-08 12:00:00,132.5,12,2
2016-06-08 13:00:00,142.0,13,2
2016-06-08 14:00:00,144.875,14,2
2016-06-08 15:00:00,152.25,15,2
2016-06-08 16:00:00,152.5,16,2
2016-06-08 17:00:00,147.25,17,2
2016-06-08 18:00:00,114.25,18,2
2016-06-08 19:00:00,94.375,19,2
2016-06-08 20:00:00,84.25,20,2
2016-06-08 21:00:00,70.75,21,2
2016-06-08 22:00:00,63.25,22,2
2016-06-08 23:00:00,58.0,23,2
2016-06-09 00:00:00,53.75,0,3
2016-06-09 01:00:00,52.375,1,3
2016-06-09 02:00:00,52.25,2,3
2016-06-09 03:00:00,50.5,3,3
2016-06-09 04:00:00,48.125,4,3
2016-06-09 05:00:00,49.375,5,3
2016-06-09 06:00:00,55.375,6,3
2016-06-09 07:00:00,67.375,7,3
2016-06-09 08:00:00,77.375,8,3
2016-06-09 09:00:00,93.125,9,3
2016-06-09 10:00:00,108.5,10,3
2016-06-09 11:00:00,136.25,11,3
2016-06-09 12:00:00,146.875,12,3
2016-06-09 13:00:00,146.5,13,3
2016-06-09 14:00:00,150.75,14,3
2016-06-09 15:00:00,145.75,15,3
2016-06-09 16:00:00,141.75,16,3
2016-06-09 17:00:00,129.625,17,3
2016-06-09 18:00:00,105.5,18,3
2016-06-09 19:00:00,90.75,19,3
2016-06-09 20:00:00,80.625,20,3
2016-06-09 21:00:00,67.375,21,3
2016-06-09 22:00:00,59.5,22,3
2016-06-09 23:00:00,55.875,23,3
2016-06-10 00:00:00,55.0,0,4
2016-06-10 01:00:00,53.125,1,4
2016-06-10 02:00:00,51.125,2,4
2016-06-10 03:00:00,49.875,3,4
2016-06-10 04:00:00,48.875,4,4
2016-06-10 05:00:00,49.75,5,4
2016-06-10 06:00:00,54.5,6,4
2016-06-10 07:00:00,68.0,7,4
2016-06-10 08:00:00,74.25,8,4
2016-06-10 09:00:00,93.875,9,4
2016-06-10 10:00:00,103.125,10,4
2016-06-10 11:00:00,120.5,11,4
2016-06-10 12:00:00,129.75,12,4
2016-06-10 13:00:00,135.5,13,4
2016-06-10 14:00:00,133.5,14,4
2016-06-10 15:00:00,135.25,15,4
2016-06-10 16:00:00,134.5,16,4
2016-06-10 17:00:00,115.125,17,4
2016-06-10 18:00:00,106.875,18,4
2016-06-10 19:00:00,94.875,19,4
2016-06-10 20:00:00,86.875,20,4
2016-06-10 21:00:00,77.125,21,4
2016-06-10 22:00:00,61.625,22,4
2016-06-10 23:00:00,58.0,23,4
2016-06-11 00:00:00,55.25,0,5
2016-06-11 01:00:00,56.75,1,5
2016-06-11 02:00:00,54.875,2,5
2016-06-11 03:00:00,55.25,3,5
2016-06-11 04:00:00,53.5,4,5
2016-06-11 05:00:00,51.75,5,5
2016-06-11 06:00:00,50.375,6,5
2016-06-11 07:00:00,51.625,7,5
2016-06-11 08:00:00,50.875,8,5
2016-06-11 09:00:00,53.125,9,5
2016-06-11 10:00:00,55.75,10,5
2016-06-11 11:00:00,59.25,11,5
2016-06-11 12:00:00,60.125,12,5
2016-06-11 13:00:00,63.625,13,5
2016-06-11 14:00:00,62.625,14,5
2016-06-11 15:00:00,61.375,15,5
2016-06-11 16:00:00,59.625,16,5
2016-06-11 17:00:00,62.375,17,5
2016-06-11 18:00:00,61.75,18,5
2016-06-11 19:00:00,62.625,19,5
2016-06-11 20:00:00,60.625,20,5
2016-06-11 21:00:00,57.125,21,5
2016-06-11 22:00:00,52.375,22,5
2016-06-11 23:00:00,54.625,23,5
2016-06-12 00:00:00,51.875,0,6
2016-06-12 01:00:00,51.25,1,6
2016-06-12 02:00:00,51.5,2,6
2016-06-12 03:00:00,49.5,3,6
2016-06-12 04:00:00,50.25,4,6
2016-06-12 05:00:00,50.25,5,6
2016-06-12 06:00:00,49.875,6,6
2016-06-12 07:00:00,49.25,7,6
2016-06-12 08:00:00,49.125,8,6
2016-06-12 09:00:00,49.5,9,6
2016-06-12 10:00:00,51.125,10,6
2016-06-12 11:00:00,52.75,11,6
2016-06-12 12:00:00,55.25,12,6
2016-06-12 13:00:00,56.5,13,6
2016-06-12 14:00:00,57.625,14,6
2016-06-12 15:00:00,55.875,15,6
2016-06-12 16:00:00,58.375,16,6
2016-06-12 17:00:00,56.875,17,6
2016-06-12 18:00:00,56.125,18,6
2016-06-12 19:00:00,56.25,19,6
2016-06-12 20:00:00,53.75,20,6
2016-06-12 21:00:00,52.75,21,6
2016-06-12 22:00:00,50.25,22,6
2016-06-12 23:00:00,48.75,23,6
2016-06-13 00:00:00,51.125,0,0
2016-06-13 01:00:00,51.125,1,0
2016-06-13 02:00:00,50.0,2,0
2016-06-13 03:00:00,49.75,3,0
2016-06-13 04:00:00,48.625,4,0
2016-06-13 05:00:00,50.5,5,0
2016-06-13 06:00:00,55.75,6,0
2016-06-13 07:00:00,70.875,7,0
2016-06-13 08:00:00,76.0,8,0
2016-06-13 09:00:00,91.0,9,0
2016-06-13 10:00:00,105.5,10,0
2016-06-13 11:00:00,118.0,11,0
2016-06-13 12:00:00,123.375,12,0
2016-06-13 13:00:00,124.5,13,0
2016-06-13 14:00:00,122.0,14,0
2016-06-13 15:00:00,121.0,15,0
2016-06-13 16:00:00,124.25,16,0
2016-06-13 17:00:00,117.875,17,0
2016-06-13 18:00:00,100.875,18,0
2016-06-13 19:00:00,85.375,19,0
2016-06-13 20:00:00,75.125,20,0
2016-06-13 21:00:00,65.125,21,0
2016-06-13 22:00:00,57.5,22,0
2016-06-13 23:00:00,53.875,23,0
2016-06-14 00:00:00,51.375,0,1
2016-06-14 01:00:00,51.125,1,1
2016-06-14 02:00:00,51.375,2,1
2016-06-14 03:00:00,49.75,3,1
2016-06-14 04:00:00,48.875,4,1
2016-06-14 05:00:00,48.75,5,1
2016-06-14 06:00:00,54.5,6,1
2016-06-14 07:00:00,67.625,7,1
2016-06-14 08:00:00,80.25,8,1
2016-06-14 09:00:00,92.0,9,1
2016-06-14 10:00:00,107.5,10,1
2016-06-14 11:00:00,126.75,11,1
2016-06-14 12:00:00,135.125,12,1
2016-06-14 13:00:00,136.875,13,1
2016-06-14 14:00:00,132.5,14,1
2016-06-14 15:00:00,129.0,15,1
2016-06-14 16:00:00,134.5,16,1
2016-06-14 17:00:00,128.125,17,1
2016-06-14 18:00:00,102.25,18,1
2016-06-14 19:00:00,87.75,19,1
2016-06-14 20:00:00,78.5,20,1
2016-06-14 21:00:00,64.0,21,1
2016-06-14 22:00:00,60.375,22,1
2016-06-14 23:00:00,58.0,23,1
2016-06-15 00:00:00,52.0,0,2
2016-06-15 01:00:00,53.5,1,2
2016-06-15 02:00:00,52.875,2,2
2016-06-15 03:00:00,52.25,3,2
2016-06-15 04:00:00,51.0,4,2
2016-06-15 05:00:00,51.375,5,2
2016-06-15 06:00:00,57.75,6,2
2016-06-15 07:00:00,71.625,7,2
2016-06-15 08:00:00,77.75,8,2
2016-06-15 09:00:00,93.25,9,2
2016-06-15 10:00:00,105.25,10,2
2016-06-15 11:00:00,118.75,11,2
2016-06-15 12:00:00,127.75,12,2
2016-06-15 13:00:00,135.375,13,2
2016-06-15 14:00:00,133.125,14,2
2016-06-15 15:00:00,131.875,15,2
2016-06-15 16:00:00,131.5,16,2
2016-06-15 17:00:00,124.375,17,2
2016-06-15 18:00:00,95.375,18,2
2016-06-15 19:00:00,86.875,19,2
2016-06-15 20:00:00,77.625,20,2
2016-06-15 21:00:00,63.25,21,2
2016-06-15 22:00:00,59.125,22,2
2016-06-15 23:00:00,54.75,23,2
2016-06-16 00:00:00,51.875,0,3
2016-06-16 01:00:00,49.5,1,3
2016-06-16 02:00:00,50.875,2,3
2016-06-16 03:00:00,49.375,3,3
2016-06-16 04:00:00,48.25,4,3
2016-06-16 05:00:00,49.625,5,3
2016-06-16 06:00:00,54.875,6,3
2016-06-16 07:00:00,68.25,7,3
2016-06-16 08:00:00,77.75,8,3
2016-06-16 09:00:00,93.125,9,3
2016-06-16 10:00:00,106.625,10,3
2016-06-16 11:00:00,120.875,11,3
2016-06-16 12:00:00,127.625,12,3
2016-06-16 13:00:00,132.375,13,3
2016-06-16 14:00:00,132.625,14,3
2016-06-16 15:00:00,131.5,15,3
2016-06-16 16:00:00,128.375,16,3
2016-06-16 17:00:00,121.375,17,3
2016-06-16 18:00:00,94.25,18,3
2016-06-16 19:00:00,85.0,19,3
2016-06-16 20:00:00,78.625,20,3
2016-06-16 21:00:00,65.75,21,3
2016-06-16 22:00:00,57.125,22,3
2016-06-16 23:00:00,53.875,23,3
2016-06-17 00:00:00,52.5,0,4
2016-06-17 01:00:00,51.625,1,4
2016-06-17 02:00:00,53.125,2,4
2016-06-17 03:00:00,51.125,3,4
2016-06-17 04:00:00,50.75,4,4
2016-06-17 05:00:00,52.25,5,4
2016-06-17 06:00:00,54.75,6,4
2016-06-17 07:00:00,67.625,7,4
2016-06-17 08:00:00,78.625,8,4
2016-06-17 09:00:00,89.125,9,4
2016-06-17 10:00:00,113.25,10,4
2016-06-17 11:00:00,131.25,11,4
2016-06-17 12:00:00,140.25,12,4
2016-06-17 13:00:00,142.375,13,4
2016-06-17 14:00:00,136.125,14,4
2016-06-17 15:00:00,134.5,15,4
2016-06-17 16:00:00,122.375,16,4
2016-06-17 17:00:00,106.875,17,4
2016-06-17 18:00:00,94.625,18,4
2016-06-17 19:00:00,81.0,19,4
2016-06-17 20:00:00,74.75,20,4
2016-06-17 21:00:00,64.375,21,4
2016-06-17 22:00:00,52.25,22,4
2016-06-17 23:00:00,50.5,23,4
2016-06-18 00:00:00,51.6639,0,5
2016-06-18 01:00:00,50.0,1,5
2016-06-18 02:00:00,51.5,2,5
2016-06-18 03:00:00,50.625,3,5
2016-06-18 04:00:00,49.5,4,5
2016-06-18 05:00:00,50.125,5,5
2016-06-18 06:00:00,48.875,6,5
2016-06-18 07:00:00,49.625,7,5
2016-06-18 08:00:00,53.75,8,5
2016-06-18 09:00:00,59.0,9,5
2016-06-18 10:00:00,65.5,10,5
2016-06-18 11:00:00,68.375,11,5
2016-06-18 12:00:00,45.4139,12,5
2016-06-18 13:00:00,55.0777,13,5
2016-06-18 14:00:00,55.0777,14,5
2016-06-18 15:00:00,55.0777,15,5
2016-06-18 16:00:00,55.0777,16,5
2016-06-18 17:00:00,55.0777,17,5
2016-06-18 18:00:00,55.0777,18,5
2016-06-18 19:00:00,55.0777,19,5
2016-06-18 20:00:00,55.0777,20,5
2016-06-18 21:00:00,55.0777,21,5
2016-06-18 22:00:00,55.0777,22,5
2016-06-18 23:00:00,55.0777,23,5
2016-06-19 00:00:00,55.0777,0,6
2016-06-19 01:00:00,55.0777,1,6
2016-06-19 02:00:00,55.0777,2,6
2016-06-19 03:00:00,55.0777,3,6
2016-06-19 04:00:00,55.0777,4,6
2016-06-19 05:00:00,55.0777,5,6
2016-06-19 06:00:00,55.0777,6,6
2016-06-19 07:00:00,55.0777,7,6
2016-06-19 08:00:00,55.0777,8,6
2016-06-19 09:00:00,55.0777,9,6
2016-06-19 10:00:00,55.0777,10,6
2016-06-19 11:00:00,55.0777,11,6
2016-06-19 12:00:00,55.0777,12,6
2016-06-19 13:00:00,55.0777,13,6
2016-06-19 14:00:00,55.0777,14,6
2016-06-19 15:00:00,55.0777,15,6
2016-06-19 16:00:00,55.0777,16,6
2016-06-19 17:00:00,55.0777,17,6
2016-06-19 18:00:00,55.0777,18,6
2016-06-19 19:00:00,55.0777,19,6
2016-06-19 20:00:00,55.0777,20,6
2016-06-19 21:00:00,55.0777,21,6
2016-06-19 22:00:00,55.0777,22,6
2016-06-19 23:00:00,55.0777,23,6
2016-06-20 00:00:00,54.2889,0,0
2016-06-20 01:00:00,51.2889,1,0
2016-06-20 02:00:00,48.75,2,0
2016-06-20 03:00:00,47.875,3,0
2016-06-20 04:00:00,47.875,4,0
2016-06-20 05:00:00,48.125,5,0
2016-06-20 06:00:00,54.625,6,0
2016-06-20 07:00:00,64.0,7,0
2016-06-20 08:00:00,76.625,8,0
2016-06-20 09:00:00,93.375,9,0
2016-06-20 10:00:00,110.25,10,0
2016-06-20 11:00:00,125.5,11,0
2016-06-20 12:00:00,134.625,12,0
2016-06-20 13:00:00,138.5,13,0
2016-06-20 14:00:00,143.75,14,0
2016-06-20 15:00:00,133.625,15,0
2016-06-20 16:00:00,136.5,16,0
2016-06-20 17:00:00,128.125,17,0
2016-06-20 18:00:00,105.875,18,0
2016-06-20 19:00:00,92.375,19,0
2016-06-20 20:00:00,81.625,20,0
2016-06-20 21:00:00,68.0,21,0
2016-06-20 22:00:00,62.0,22,0
2016-06-20 23:00:00,59.5,23,0
2016-06-21 00:00:00,53.2083,0,1
2016-06-21 01:00:00,53.25,1,1
2016-06-21 02:00:00,52.375,2,1
2016-06-21 03:00:00,52.25,3,1
2016-06-21 04:00:00,50.5,4,1
2016-06-21 05:00:00,51.125,5,1
2016-06-21 06:00:00,53.375,6,1
2016-06-21 07:00:00,67.5,7,1
2016-06-21 08:00:00,80.125,8,1
2016-06-21 09:00:00,90.75,9,1
2016-06-21 10:00:00,120.875,10,1
2016-06-21 11:00:00,132.5,11,1
2016-06-21 12:00:00,134.0,12,1
2016-06-21 13:00:00,142.875,13,1
2016-06-21 14:00:00,140.625,14,1
2016-06-21 15:00:00,140.75,15,1
2016-06-21 16:00:00,141.25,16,1
2016-06-21 17:00:00,126.875,17,1
2016-06-21 18:00:00,101.375,18,1
2016-06-21 19:00:00,92.625,19,1
2016-06-21 20:00:00,82.625,20,1
2016-06-21 21:00:00,69.5,21,1
2016-06-21 22:00:00,62.25,22,1
2016-06-21 23:00:00,56.625,23,1
2016-06-22 00:00:00,54.9583,0,2
2016-06-22 01:00:00,51.9583,1,2
2016-06-22 02:00:00,53.125,2,2
2016-06-22 03:00:00,50.375,3,2
2016-06-22 04:00:00,51.375,4,2
2016-06-22 05:00:00,51.125,5,2
2016-06-22 06:00:00,56.0,6,2
2016-06-22 07:00:00,71.75,7,2
2016-06-22 08:00:00,81.375,8,2
2016-06-22 09:00:00,92.5,9,2
2016-06-22 10:00:00,116.625,10,2
2016-06-22 11:00:00,133.0,11,2
2016-06-22 12:00:00,139.125,12,2
2016-06-22 13:00:00,143.75,13,2
2016-06-22 14:00:00,143.0,14,2
2016-06-22 15:00:00,130.0,15,2
2016-06-22 16:00:00,128.25,16,2
2016-06-22 17:00:00,125.625,17,2
2016-06-22 18:00:00,112.125,18,2
2016-06-22 19:00:00,95.375,19,2
2016-06-22 20:00:00,82.125,20,2
2016-06-22 21:00:00,65.875,21,2
2016-06-22 22:00:00,59.375,22,2
2016-06-22 23:00:00,57.625,23,2
2016-06-23 00:00:00,57.8333,0,3
2016-06-23 01:00:00,55.375,1,3
2016-06-23 02:00:00,54.375,2,3
2016-06-23 03:00:00,52.875,3,3
2016-06-23 04:00:00,54.75,4,3
2016-06-23 05:00:00,51.75,5,3
2016-06-23 06:00:00,61.5,6,3
2016-06-23 07:00:00,75.125,7,3
2016-06-23 08:00:00,82.375,8,3
2016-06-23 09:00:00,94.0,9,3
2016-06-23 10:00:00,108.5,10,3
2016-06-23 11:00:00,110.5,11,3
2016-06-23 12:00:00,112.5,12,3
2016-06-23 13:00:00,120.875,13,3
2016-06-23 14:00:00,121.0,14,3
2016-06-23 15:00:00,136.875,15,3
2016-06-23 16:00:00,148.625,16,3
2016-06-23 17:00:00,138.875,17,3
2016-06-23 18:00:00,119.0,18,3
2016-06-23 19:00:00,108.875,19,3
2016-06-23 20:00:00,93.875,20,3
2016-06-23 21:00:00,80.5,21,3
2016-06-23 22:00:00,65.875,22,3
2016-06-23 23:00:00,60.625,23,3
2016-06-24 00:00:00,55.625,0,4
2016-06-24 01:00:00,56.9583,1,4
2016-06-24 02:00:00,55.375,2,4
2016-06-24 03:00:00,52.625,3,4
2016-06-24 04:00:00,52.25,4,4
2016-06-24 05:00:00,51.875,5,4
2016-06-24 06:00:00,57.875,6,4
2016-06-24 07:00:00,69.75,7,4
2016-06-24 08:00:00,78.5,8,4
2016-06-24 09:00:00,93.25,9,4
2016-06-24 10:00:00,113.5,10,4
2016-06-24 11:00:00,126.125,11,4
2016-06-24 12:00:00,126.5,12,4
2016-06-24 13:00:00,135.875,13,4
2016-06-24 14:00:00,125.75,14,4
2016-06-24 15:00:00,124.25,15,4
2016-06-24 16:00:00,124.625,16,4
2016-06-24 17:00:00,118.875,17,4
2016-06-24 18:00:00,102.875,18,4
2016-06-24 19:00:00,91.375,19,4
2016-06-24 20:00:00,76.75,20,4
2016-06-24 21:00:00,62.0,21,4
2016-06-24 22:00:00,55.25,22,4
2016-06-24 23:00:00,53.5,23,4
2016-06-25 00:00:00,52.5,0,5
2016-06-25 01:00:00,52.4167,1,5
2016-06-25 02:00:00,51.75,2,5
2016-06-25 03:00:00,51.125,3,5
2016-06-25 04:00:00,52.375,4,5
2016-06-25 05:00:00,52.125,5,5
2016-06-25 06:00:00,51.125,6,5
2016-06-25 07:00:00,51.125,7,5
2016-06-25 08:00:00,52.625,8,5
2016-06-25 09:00:00,53.375,9,5
2016-06-25 10:00:00,53.5,10,5
2016-06-25 11:00:00,57.625,11,5
2016-06-25 12:00:00,60.75,12,5
2016-06-25 13:00:00,61.875,13,5
2016-06-25 14:00:00,63.875,14,5
2016-06-25 15:00:00,67.125,15,5
2016-06-25 16:00:00,65.75,16,5
2016-06-25 17:00:00,65.125,17,5
2016-06-25 18:00:00,66.0,18,5
2016-06-25 19:00:00,61.125,19,5
2016-06-25 20:00:00,58.75,20,5
2016-06-25 21:00:00,55.125,21,5
2016-06-25 22:00:00,53.125,22,5
2016-06-25 23:00:00,53.375,23,5
2016-06-26 00:00:00,51.5,0,6
2016-06-26 01:00:00,52.8333,1,6
2016-06-26 02:00:00,51.625,2,6
2016-06-26 03:00:00,51.875,3,6
2016-06-26 04:00:00,49.625,4,6
2016-06-26 05:00:00,50.125,5,6
2016-06-26 06:00:00,49.75,6,6
2016-06-26 07:00:00,50.5,7,6
2016-06-26 08:00:00,49.0,8,6
2016-06-26 09:00:00,50.5,9,6
2016-06-26 10:00:00,52.0,10,6
2016-06-26 11:00:00,53.375,11,6
2016-06-26 12:00:00,55.125,12,6
2016-06-26 13:00:00,58.75,13,6
2016-06-26 14:00:00,57.75,14,6
2016-06-26 15:00:00,56.125,15,6
2016-06-26 16:00:00,57.0,16,6
2016-06-26 17:00:00,55.875,17,6
2016-06-26 18:00:00,54.625,18,6
2016-06-26 19:00:00,54.875,19,6
2016-06-26 20:00:00,55.375,20,6
2016-06-26 21:00:00,52.625,21,6
2016-06-26 22:00:00,53.125,22,6
2016-06-26 23:00:00,52.125,23,6
2016-06-27 00:00:00,52.9583,0,0
2016-06-27 01:00:00,52.5417,1,0
2016-06-27 02:00:00,51.0,2,0
2016-06-27 03:00:00,50.375,3,0
2016-06-27 04:00:00,50.25,4,0
2016-06-27 05:00:00,52.25,5,0
2016-06-27 06:00:00,56.25,6,0
2016-06-27 07:00:00,68.375,7,0
2016-06-27 08:00:00,76.0,8,0
2016-06-27 09:00:00,86.625,9,0
2016-06-27 10:00:00,98.125,10,0
2016-06-27 11:00:00,115.0,11,0
2016-06-27 12:00:00,120.5,12,0
2016-06-27 13:00:00,120.375,13,0
2016-06-27 14:00:00,122.25,14,0
2016-06-27 15:00:00,124.5,15,0
2016-06-27 16:00:00,127.75,16,0
2016-06-27 17:00:00,114.875,17,0
2016-06-27 18:00:00,101.625,18,0
2016-06-27 19:00:00,88.875,19,0
2016-06-27 20:00:00,77.625,20,0
2016-06-27 21:00:00,69.5,21,0
2016-06-27 22:00:00,61.625,22,0
2016-06-27 23:00:00,58.125,23,0
2016-06-28 00:00:00,53.0417,0,1
2016-06-28 01:00:00,55.5417,1,1
2016-06-28 02:00:00,53.25,2,1
2016-06-28 03:00:00,52.75,3,1
2016-06-28 04:00:00,51.875,4,1
2016-06-28 05:00:00,53.25,5,1
2016-06-28 06:00:00,59.25,6,1
2016-06-28 07:00:00,72.25,7,1
2016-06-28 08:00:00,77.375,8,1
2016-06-28 09:00:00,90.5,9,1
2016-06-28 10:00:00,118.875,10,1
2016-06-28 11:00:00,128.75,11,1
2016-06-28 12:00:00,121.375,12,1
2016-06-28 13:00:00,113.125,13,1
2016-06-28 14:00:00,115.25,14,1
2016-06-28 15:00:00,115.75,15,1
2016-06-28 16:00:00,118.875,16,1
2016-06-28 17:00:00,113.625,17,1
2016-06-28 18:00:00,101.25,18,1
2016-06-28 19:00:00,88.375,19,1
2016-06-28 20:00:00,76.125,20,1
2016-06-28 21:00:00,62.125,21,1
2016-06-28 22:00:00,54.125,22,1
2016-06-28 23:00:00,53.625,23,1
2016-06-29 00:00:00,51.625,0,2
2016-06-29 01:00:00,50.5,1,2
2016-06-29 02:00:00,49.75,2,2
2016-06-29 03:00:00,50.625,3,2
2016-06-29 04:00:00,48.875,4,2
2016-06-29 05:00:00,48.375,5,2
2016-06-29 06:00:00,55.875,6,2
2016-06-29 07:00:00,64.5,7,2
2016-06-29 08:00:00,72.5,8,2
2016-06-29 09:00:00,92.5,9,2
2016-06-29 10:00:00,112.0,10,2
2016-06-29 11:00:00,118.5,11,2
2016-06-29 12:00:00,126.25,12,2
2016-06-29 13:00:00,131.5,13,2
2016-06-29 14:00:00,130.125,14,2
2016-06-29 15:00:00,123.375,15,2
2016-06-29 16:00:00,129.375,16,2
2016-06-29 17:00:00,120.125,17,2
2016-06-29 18:00:00,100.5,18,2
2016-06-29 19:00:00,89.75,19,2
2016-06-29 20:00:00,79.0,20,2
2016-06-29 21:00:00,71.0,21,2
2016-06-29 22:00:00,60.875,22,2
2016-06-29 23:00:00,54.5,23,2
2016-06-30 00:00:00,52.5,0,3
2016-06-30 01:00:00,52.25,1,3
2016-06-30 02:00:00,51.375,2,3
2016-06-30 03:00:00,49.375,3,3
2016-06-30 04:00:00,48.375,4,3
2016-06-30 05:00:00,50.125,5,3
2016-06-30 06:00:00,54.5,6,3
2016-06-30 07:00:00,67.125,7,3
2016-06-30 08:00:00,74.625,8,3
2016-06-30 09:00:00,86.375,9,3
2016-06-30 10:00:00,106.625,10,3
2016-06-30 11:00:00,114.5,11,3
2016-06-30 12:00:00,116.125,12,3
2016-06-30 13:00:00,121.375,13,3
2016-06-30 14:00:00,123.25,14,3
2016-06-30 15:00:00,125.125,15,3
2016-06-30 16:00:00,125.625,16,3
2016-06-30 17:00:00,115.0,17,3
2016-06-30 18:00:00,95.5,18,3
2016-06-30 19:00:00,81.875,19,3
2016-06-30 20:00:00,77.0,20,3
2016-06-30 21:00:00,63.625,21,3
2016-06-30 22:00:00,57.625,22,3
2016-06-30 23:00:00,55.0,23,3
2016-07-01 00:00:00,52.25,0,4
2016-07-01 01:00:00,52.5,1,4
2016-07-01 02:00:00,51.125,2,4
2016-07-01 03:00:00,47.25,3,4
2016-07-01 04:00:00,48.125,4,4
2016-07-01 05:00:00,48.0,5,4
2016-07-01 06:00:00,53.125,6,4
2016-07-01 07:00:00,66.375,7,4
2016-07-01 08:00:00,70.625,8,4
2016-07-01 09:00:00,84.5,9,4
2016-07-01 10:00:00,102.75,10,4
2016-07-01 11:00:00,118.125,11,4
2016-07-01 12:00:00,120.625,12,4
2016-07-01 13:00:00,121.625,13,4
2016-07-01 14:00:00,121.625,14,4
2016-07-01 15:00:00,126.25,15,4
2016-07-01 16:00:00,126.625,16,4
2016-07-01 17:00:00,104.875,17,4
2016-07-01 18:00:00,90.75,18,4
2016-07-01 19:00:00,82.75,19,4
2016-07-01 20:00:00,77.125,20,4
2016-07-01 21:00:00,62.5,21,4
2016-07-01 22:00:00,55.5,22,4
2016-07-01 23:00:00,53.5,23,4
2016-07-02 00:00:00,51.3333,0,5
2016-07-02 01:00:00,51.0,1,5
2016-07-02 02:00:00,49.125,2,5
2016-07-02 03:00:00,50.5,3,5
2016-07-02 04:00:00,50.875,4,5
2016-07-02 05:00:00,49.625,5,5
2016-07-02 06:00:00,49.75,6,5
2016-07-02 07:00:00,51.25,7,5
2016-07-02 08:00:00,50.75,8,5
2016-07-02 09:00:00,52.0,9,5
2016-07-02 10:00:00,55.625,10,5
2016-07-02 11:00:00,60.25,11,5
2016-07-02 12:00:00,63.375,12,5
2016-07-02 13:00:00,64.125,13,5
2016-07-02 14:00:00,64.375,14,5
2016-07-02 15:00:00,64.75,15,5
2016-07-02 16:00:00,63.0,16,5
2016-07-02 17:00:00,62.875,17,5
2016-07-02 18:00:00,60.0,18,5
2016-07-02 19:00:00,57.125,19,5
2016-07-02 20:00:00,53.625,20,5
2016-07-02 21:00:00,49.875,21,5
2016-07-02 22:00:00,50.375,22,5
2016-07-02 23:00:00,51.25,23,5
2016-07-03 00:00:00,50.75,0,6
2016-07-03 01:00:00,50.8333,1,6
2016-07-03 02:00:00,49.625,2,6
2016-07-03 03:00:00,50.125,3,6
2016-07-03 04:00:00,48.25,4,6
2016-07-03 05:00:00,47.625,5,6
2016-07-03 06:00:00,47.875,6,6
2016-07-03 07:00:00,47.875,7,6
2016-07-03 08:00:00,48.25,8,6
2016-07-03 09:00:00,49.0,9,6
2016-07-03 10:00:00,49.5,10,6
2016-07-03 11:00:00,50.875,11,6
2016-07-03 12:00:00,53.75,12,6
2016-07-03 13:00:00,54.125,13,6
2016-07-03 14:00:00,57.125,14,6
2016-07-03 15:00:00,56.5,15,6
2016-07-03 16:00:00,56.0,16,6
2016-07-03 17:00:00,56.125,17,6
2016-07-03 18:00:00,54.625,18,6
2016-07-03 19:00:00,53.625,19,6
2016-07-03 20:00:00,52.375,20,6
2016-07-03 21:00:00,52.125,21,6
2016-07-03 22:00:00,50.625,22,6
2016-07-03 23:00:00,49.875,23,6
2016-07-04 00:00:00,53.0833,0,0
2016-07-04 01:00:00,51.2917,1,0
2016-07-04 02:00:00,50.0,2,0
2016-07-04 03:00:00,48.375,3,0
2016-07-04 04:00:00,47.625,4,0
2016-07-04 05:00:00,48.25,5,0
2016-07-04 06:00:00,51.375,6,0
2016-07-04 07:00:00,64.75,7,0
2016-07-04 08:00:00,72.875,8,0
2016-07-04 09:00:00,87.875,9,0
2016-07-04 10:00:00,107.0,10,0
2016-07-04 11:00:00,124.75,11,0
2016-07-04 12:00:00,130.875,12,0
2016-07-04 13:00:00,129.5,13,0
2016-07-04 14:00:00,128.75,14,0
2016-07-04 15:00:00,127.875,15,0
2016-07-04 16:00:00,118.875,16,0
2016-07-04 17:00:00,113.0,17,0
2016-07-04 18:00:00,98.75,18,0
2016-07-04 19:00:00,88.0,19,0
2016-07-04 20:00:00,78.0,20,0
2016-07-04 21:00:00,66.125,21,0
2016-07-04 22:00:00,59.5,22,0
2016-07-04 23:00:00,57.625,23,0
2016-07-05 00:00:00,56.0417,0,1
2016-07-05 01:00:00,55.0417,1,1
2016-07-05 02:00:00,53.375,2,1
2016-07-05 03:00:00,51.375,3,1
2016-07-05 04:00:00,52.625,4,1
2016-07-05 05:00:00,51.5,5,1
2016-07-05 06:00:00,55.0,6,1
2016-07-05 07:00:00,64.875,7,1
2016-07-05 08:00:00,73.875,8,1
2016-07-05 09:00:00,89.125,9,1
2016-07-05 10:00:00,105.125,10,1
2016-07-05 11:00:00,116.375,11,1
2016-07-05 12:00:00,117.25,12,1
2016-07-05 13:00:00,121.75,13,1
2016-07-05 14:00:00,125.875,14,1
2016-07-05 15:00:00,124.375,15,1
2016-07-05 16:00:00,126.5,16,1
2016-07-05 17:00:00,117.5,17,1
2016-07-05 18:00:00,101.5,18,1
2016-07-05 19:00:00,88.625,19,1
2016-07-05 20:00:00,77.875,20,1
2016-07-05 21:00:00,69.25,21,1
2016-07-05 22:00:00,62.75,22,1
2016-07-05 23:00:00,59.375,23,1
2016-07-06 00:00:00,59.4583,0,2
2016-07-06 01:00:00,56.125,1,2
2016-07-06 02:00:00,55.25,2,2
2016-07-06 03:00:00,53.5,3,2
2016-07-06 04:00:00,52.75,4,2
2016-07-06 05:00:00,52.5,5,2
2016-07-06 06:00:00,57.75,6,2
2016-07-06 07:00:00,63.875,7,2
2016-07-06 08:00:00,71.75,8,2
2016-07-06 09:00:00,88.0,9,2
2016-07-06 10:00:00,107.25,10,2
2016-07-06 11:00:00,119.25,11,2
2016-07-06 12:00:00,122.875,12,2
2016-07-06 13:00:00,119.25,13,2
2016-07-06 14:00:00,123.875,14,2
2016-07-06 15:00:00,133.125,15,2
2016-07-06 16:00:00,138.75,16,2
2016-07-06 17:00:00,135.25,17,2
2016-07-06 18:00:00,110.375,18,2
2016-07-06 19:00:00,92.125,19,2
2016-07-06 20:00:00,83.875,20,2
2016-07-06 21:00:00,76.625,21,2
2016-07-06 22:00:00,70.0,22,2
2016-07-06 23:00:00,63.625,23,2
2016-07-07 00:00:00,58.2083,0,3
2016-07-07 01:00:00,59.4583,1,3
2016-07-07 02:00:00,58.0,2,3
2016-07-07 03:00:00,55.0,3,3
2016-07-07 04:00:00,56.0,4,3
2016-07-07 05:00:00,55.75,5,3
2016-07-07 06:00:00,60.625,6,3
2016-07-07 07:00:00,65.75,7,3
2016-07-07 08:00:00,72.375,8,3
2016-07-07 09:00:00,92.125,9,3
2016-07-07 10:00:00,108.875,10,3
2016-07-07 11:00:00,122.0,11,3
2016-07-07 12:00:00,122.625,12,3
2016-07-07 13:00:00,128.125,13,3
2016-07-07 14:00:00,128.125,14,3
2016-07-07 15:00:00,124.75,15,3
2016-07-07 16:00:00,123.0,16,3
2016-07-07 17:00:00,113.0,17,3
2016-07-07 18:00:00,101.5,18,3
2016-07-07 19:00:00,85.0,19,3
2016-07-07 20:00:00,77.0,20,3
2016-07-07 21:00:00,66.125,21,3
2016-07-07 22:00:00,60.375,22,3
2016-07-07 23:00:00,58.75,23,3
2016-07-08 00:00:00,51.3333,0,4
2016-07-08 01:00:00,53.875,1,4
2016-07-08 02:00:00,51.625,2,4
2016-07-08 03:00:00,50.25,3,4
2016-07-08 04:00:00,49.625,4,4
2016-07-08 05:00:00,51.125,5,4
2016-07-08 06:00:00,53.125,6,4
2016-07-08 07:00:00,60.125,7,4
2016-07-08 08:00:00,69.5,8,4
2016-07-08 09:00:00,84.75,9,4
2016-07-08 10:00:00,101.25,10,4
2016-07-08 11:00:00,110.75,11,4
2016-07-08 12:00:00,117.625,12,4
2016-07-08 13:00:00,119.25,13,4
2016-07-08 14:00:00,123.25,14,4
2016-07-08 15:00:00,123.125,15,4
2016-07-08 16:00:00,123.625,16,4
2016-07-08 17:00:00,113.25,17,4
2016-07-08 18:00:00,93.25,18,4
2016-07-08 19:00:00,75.875,19,4
2016-07-08 20:00:00,68.375,20,4
2016-07-08 21:00:00,60.875,21,4
2016-07-08 22:00:00,53.125,22,4
2016-07-08 23:00:00,50.625,23,4
2016-07-09 00:00:00,47.75,0,5
2016-07-09 01:00:00,48.2083,1,5
2016-07-09 02:00:00,47.375,2,5
2016-07-09 03:00:00,46.875,3,5
2016-07-09 04:00:00,45.625,4,5
2016-07-09 05:00:00,45.25,5,5
2016-07-09 06:00:00,45.25,6,5
2016-07-09 07:00:00,46.375,7,5
2016-07-09 08:00:00,47.875,8,5
2016-07-09 09:00:00,48.375,9,5
2016-07-09 10:00:00,49.125,10,5
2016-07-09 11:00:00,52.25,11,5
2016-07-09 12:00:00,58.5,12,5
2016-07-09 13:00:00,57.625,13,5
2016-07-09 14:00:00,56.875,14,5
2016-07-09 15:00:00,58.25,15,5
2016-07-09 16:00:00,56.625,16,5
2016-07-09 17:00:00,56.875,17,5
2016-07-09 18:00:00,56.0,18,5
2016-07-09 19:00:00,55.125,19,5
2016-07-09 20:00:00,53.0,20,5
2016-07-09 21:00:00,51.0,21,5
2016-07-09 22:00:00,48.125,22,5
2016-07-09 23:00:00,48.875,23,5
2016-07-10 00:00:00,47.7917,0,6
2016-07-10 01:00:00,47.5417,1,6
2016-07-10 02:00:00,47.875,2,6
2016-07-10 03:00:00,48.75,3,6
2016-07-10 04:00:00,46.875,4,6
2016-07-10 05:00:00,46.5,5,6
2016-07-10 06:00:00,49.0,6,6
2016-07-10 07:00:00,46.5,7,6
2016-07-10 08:00:00,46.75,8,6
2016-07-10 09:00:00,48.0,9,6
2016-07-10 10:00:00,49.5,10,6
2016-07-10 11:00:00,53.375,11,6
2016-07-10 12:00:00,54.125,12,6
2016-07-10 13:00:00,55.25,13,6
2016-07-10 14:00:00,57.0,14,6
2016-07-10 15:00:00,57.625,15,6
2016-07-10 16:00:00,59.125,16,6
2016-07-10 17:00:00,60.125,17,6
2016-07-10 18:00:00,60.375,18,6
2016-07-10 19:00:00,60.75,19,6
2016-07-10 20:00:00,55.125,20,6
2016-07-10 21:00:00,53.5,21,6
2016-07-10 22:00:00,50.625,22,6
2016-07-10 23:00:00,50.0,23,6
2016-07-11 00:00:00,51.2083,0,0
2016-07-11 01:00:00,47.625,1,0
2016-07-11 02:00:00,48.25,2,0
2016-07-11 03:00:00,46.0,3,0
2016-07-11 04:00:00,45.5,4,0
2016-07-11 05:00:00,46.0,5,0
2016-07-11 06:00:00,49.5,6,0
2016-07-11 07:00:00,60.625,7,0
2016-07-11 08:00:00,69.0,8,0
2016-07-11 09:00:00,84.25,9,0
2016-07-11 10:00:00,99.625,10,0
2016-07-11 11:00:00,117.75,11,0
2016-07-11 12:00:00,121.5,12,0
2016-07-11 13:00:00,125.25,13,0
2016-07-11 14:00:00,124.375,14,0
2016-07-11 15:00:00,128.0,15,0
2016-07-11 16:00:00,128.5,16,0
2016-07-11 17:00:00,123.25,17,0
2016-07-11 18:00:00,105.875,18,0
2016-07-11 19:00:00,91.0,19,0
2016-07-11 20:00:00,80.25,20,0
2016-07-11 21:00:00,68.125,21,0
2016-07-11 22:00:00,61.125,22,0
2016-07-11 23:00:00,54.5,23,0
2016-07-12 00:00:00,54.625,0,1
2016-07-12 01:00:00,52.7083,1,1
2016-07-12 02:00:00,52.125,2,1
2016-07-12 03:00:00,50.375,3,1
2016-07-12 04:00:00,49.0,4,1
2016-07-12 05:00:00,49.75,5,1
2016-07-12 06:00:00,53.125,6,1
2016-07-12 07:00:00,63.0,7,1
2016-07-12 08:00:00,73.75,8,1
2016-07-12 09:00:00,89.0,9,1
2016-07-12 10:00:00,104.125,10,1
2016-07-12 11:00:00,115.5,11,1
2016-07-12 12:00:00,120.875,12,1
2016-07-12 13:00:00,121.875,13,1
2016-07-12 14:00:00,123.0,14,1
2016-07-12 15:00:00,131.625,15,1
2016-07-12 16:00:00,132.375,16,1
2016-07-12 17:00:00,123.625,17,1
2016-07-12 18:00:00,106.0,18,1
2016-07-12 19:00:00,89.625,19,1
2016-07-12 20:00:00,80.125,20,1
2016-07-12 21:00:00,69.625,21,1
2016-07-12 22:00:00,63.375,22,1
2016-07-12 23:00:00,58.0,23,1
2016-07-13 00:00:00,53.1667,0,2
2016-07-13 01:00:00,53.1667,1,2
2016-07-13 02:00:00,54.5,2,2
2016-07-13 03:00:00,53.75,3,2
2016-07-13 04:00:00,51.125,4,2
2016-07-13 05:00:00,53.875,5,2
2016-07-13 06:00:00,57.625,6,2
2016-07-13 07:00:00,63.75,7,2
2016-07-13 08:00:00,73.375,8,2
2016-07-13 09:00:00,87.625,9,2
2016-07-13 10:00:00,106.375,10,2
2016-07-13 11:00:00,122.25,11,2
2016-07-13 12:00:00,119.25,12,2
2016-07-13 13:00:00,118.5,13,2
2016-07-13 14:00:00,120.0,14,2
2016-07-13 15:00:00,118.25,15,2
2016-07-13 16:00:00,114.125,16,2
2016-07-13 17:00:00,111.125,17,2
2016-07-13 18:00:00,94.25,18,2
2016-07-13 19:00:00,84.625,19,2
2016-07-13 20:00:00,74.75,20,2
2016-07-13 21:00:00,63.875,21,2
2016-07-13 22:00:00,57.25,22,2
2016-07-13 23:00:00,55.0,23,2
2016-07-14 00:00:00,52.5,0,3
2016-07-14 01:00:00,51.0,1,3
2016-07-14 02:00:00,49.25,2,3
2016-07-14 03:00:00,48.875,3,3
2016-07-14 04:00:00,47.875,4,3
2016-07-14 05:00:00,48.0,5,3
2016-07-14 06:00:00,53.875,6,3
2016-07-14 07:00:00,63.25,7,3
2016-07-14 08:00:00,72.5,8,3
2016-07-14 09:00:00,89.125,9,3
2016-07-14 10:00:00,107.25,10,3
2016-07-14 11:00:00,117.625,11,3
2016-07-14 12:00:00,123.625,12,3
2016-07-14 13:00:00,128.25,13,3
2016-07-14 14:00:00,126.75,14,3
2016-07-14 15:00:00,128.75,15,3
2016-07-14 16:00:00,123.625,16,3
2016-07-14 17:00:00,114.375,17,3
2016-07-14 18:00:00,99.375,18,3
2016-07-14 19:00:00,88.75,19,3
2016-07-14 20:00:00,78.5,20,3
2016-07-14 21:00:00,66.375,21,3
2016-07-14 22:00:00,62.75,22,3
2016-07-14 23:00:00,57.625,23,3
2016-07-15 00:00:00,54.0833,0,4
2016-07-15 01:00:00,53.75,1,4
2016-07-15 02:00:00,54.5,2,4
2016-07-15 03:00:00,52.5,3,4
2016-07-15 04:00:00,50.125,4,4
2016-07-15 05:00:00,50.5,5,4
2016-07-15 06:00:00,54.25,6,4
2016-07-15 07:00:00,60.25,7,4
2016-07-15 08:00:00,74.0,8,4
2016-07-15 09:00:00,86.125,9,4
2016-07-15 10:00:00,102.875,10,4
2016-07-15 11:00:00,119.0,11,4
2016-07-15 12:00:00,119.5,12,4
2016-07-15 13:00:00,120.625,13,4
2016-07-15 14:00:00,120.0,14,4
2016-07-15 15:00:00,125.75,15,4
2016-07-15 16:00:00,121.375,16,4
2016-07-15 17:00:00,111.625,17,4
2016-07-15 18:00:00,93.25,18,4
2016-07-15 19:00:00,84.375,19,4
2016-07-15 20:00:00,79.625,20,4
2016-07-15 21:00:00,70.875,21,4
2016-07-15 22:00:00,61.875,22,4
2016-07-15 23:00:00,56.25,23,4
2016-07-16 00:00:00,55.25,0,5
2016-07-16 01:00:00,52.7083,1,5
2016-07-16 02:00:00,51.625,2,5
2016-07-16 03:00:00,52.75,3,5
2016-07-16 04:00:00,53.875,4,5
2016-07-16 05:00:00,53.625,5,5
2016-07-16 06:00:00,52.5,6,5
2016-07-16 07:00:00,53.625,7,5
2016-07-16 08:00:00,53.0,8,5
2016-07-16 09:00:00,53.875,9,5
2016-07-16 10:00:00,54.5,10,5
2016-07-16 11:00:00,57.375,11,5
2016-07-16 12:00:00,61.25,12,5
2016-07-16 13:00:00,65.125,13,5
2016-07-16 14:00:00,66.125,14,5
2016-07-16 15:00:00,67.375,15,5
2016-07-16 16:00:00,69.25,16,5
2016-07-16 17:00:00,68.75,17,5
2016-07-16 18:00:00,66.5,18,5
2016-07-16 19:00:00,64.125,19,5
2016-07-16 20:00:00,62.375,20,5
2016-07-16 21:00:00,60.5,21,5
2016-07-16 22:00:00,58.0,22,5
2016-07-16 23:00:00,58.0,23,5
2016-07-17 00:00:00,56.0417,0,6
2016-07-17 01:00:00,55.9167,1,6
2016-07-17 02:00:00,56.125,2,6
2016-07-17 03:00:00,53.75,3,6
2016-07-17 04:00:00,54.25,4,6
2016-07-17 05:00:00,52.625,5,6
2016-07-17 06:00:00,55.125,6,6
2016-07-17 07:00:00,52.125,7,6
2016-07-17 08:00:00,54.875,8,6
2016-07-17 09:00:00,55.25,9,6
2016-07-17 10:00:00,57.25,10,6
2016-07-17 11:00:00,60.625,11,6
2016-07-17 12:00:00,64.0,12,6
2016-07-17 13:00:00,64.75,13,6
2016-07-17 14:00:00,63.875,14,6
2016-07-17 15:00:00,66.375,15,6
2016-07-17 16:00:00,70.0,16,6
2016-07-17 17:00:00,73.75,17,6
2016-07-17 18:00:00,71.75,18,6
2016-07-17 19:00:00,68.5,19,6
2016-07-17 20:00:00,65.75,20,6
2016-07-17 21:00:00,62.625,21,6
2016-07-17 22:00:00,59.25,22,6
2016-07-17 23:00:00,58.0,23,6
2016-07-18 00:00:00,60.5,0,0
2016-07-18 01:00:00,54.125,1,0
2016-07-18 02:00:00,53.5,2,0
2016-07-18 03:00:00,52.25,3,0
2016-07-18 04:00:00,50.875,4,0
2016-07-18 05:00:00,52.625,5,0
2016-07-18 06:00:00,54.625,6,0
2016-07-18 07:00:00,66.125,7,0
2016-07-18 08:00:00,75.875,8,0
2016-07-18 09:00:00,94.75,9,0
2016-07-18 10:00:00,105.625,10,0
2016-07-18 11:00:00,115.5,11,0
2016-07-18 12:00:00,123.625,12,0
2016-07-18 13:00:00,130.875,13,0
2016-07-18 14:00:00,134.5,14,0
2016-07-18 15:00:00,135.75,15,0
2016-07-18 16:00:00,146.875,16,0
2016-07-18 17:00:00,138.75,17,0
2016-07-18 18:00:00,109.375,18,0
2016-07-18 19:00:00,111.625,19,0
2016-07-18 20:00:00,100.125,20,0
2016-07-18 21:00:00,82.875,21,0
2016-07-18 22:00:00,74.375,22,0
2016-07-18 23:00:00,68.375,23,0
2016-07-19 00:00:00,67.4583,0,1
2016-07-19 01:00:00,64.625,1,1
2016-07-19 02:00:00,60.25,2,1
2016-07-19 03:00:00,59.625,3,1
2016-07-19 04:00:00,57.125,4,1
2016-07-19 05:00:00,59.25,5,1
2016-07-19 06:00:00,62.5,6,1
2016-07-19 07:00:00,70.5,7,1
2016-07-19 08:00:00,81.5,8,1
2016-07-19 09:00:00,106.0,9,1
2016-07-19 10:00:00,125.625,10,1
2016-07-19 11:00:00,151.125,11,1
2016-07-19 12:00:00,158.0,12,1
2016-07-19 13:00:00,154.375,13,1
2016-07-19 14:00:00,159.875,14,1
2016-07-19 15:00:00,160.25,15,1
2016-07-19 16:00:00,159.625,16,1
2016-07-19 17:00:00,150.5,17,1
2016-07-19 18:00:00,130.125,18,1
2016-07-19 19:00:00,112.75,19,1
2016-07-19 20:00:00,101.0,20,1
2016-07-19 21:00:00,88.5,21,1
2016-07-19 22:00:00,78.375,22,1
2016-07-19 23:00:00,73.375,23,1
2016-07-20 00:00:00,69.1667,0,2
2016-07-20 01:00:00,66.8333,1,2
2016-07-20 02:00:00,64.0,2,2
2016-07-20 03:00:00,64.125,3,2
2016-07-20 04:00:00,61.25,4,2
2016-07-20 05:00:00,62.75,5,2
2016-07-20 06:00:00,67.25,6,2
2016-07-20 07:00:00,79.75,7,2
2016-07-20 08:00:00,86.0,8,2
2016-07-20 09:00:00,109.125,9,2
2016-07-20 10:00:00,128.125,10,2
2016-07-20 11:00:00,142.0,11,2
2016-07-20 12:00:00,131.5,12,2
2016-07-20 13:00:00,134.75,13,2
2016-07-20 14:00:00,135.375,14,2
2016-07-20 15:00:00,150.25,15,2
2016-07-20 16:00:00,153.625,16,2
2016-07-20 17:00:00,146.5,17,2
2016-07-20 18:00:00,123.5,18,2
2016-07-20 19:00:00,108.875,19,2
2016-07-20 20:00:00,94.125,20,2
2016-07-20 21:00:00,87.75,21,2
2016-07-20 22:00:00,79.0,22,2
2016-07-20 23:00:00,71.25,23,2
2016-07-21 00:00:00,65.75,0,3
2016-07-21 01:00:00,67.4583,1,3
2016-07-21 02:00:00,68.5,2,3
2016-07-21 03:00:00,66.625,3,3
2016-07-21 04:00:00,64.625,4,3
2016-07-21 05:00:00,67.75,5,3
2016-07-21 06:00:00,69.0,6,3
2016-07-21 07:00:00,81.875,7,3
2016-07-21 08:00:00,89.625,8,3
2016-07-21 09:00:00,112.125,9,3
2016-07-21 10:00:00,130.25,10,3
2016-07-21 11:00:00,143.375,11,3
2016-07-21 12:00:00,150.375,12,3
2016-07-21 13:00:00,143.75,13,3
2016-07-21 14:00:00,143.875,14,3
2016-07-21 15:00:00,144.125,15,3
2016-07-21 16:00:00,145.875,16,3
2016-07-21 17:00:00,139.875,17,3
2016-07-21 18:00:00,113.375,18,3
2016-07-21 19:00:00,101.625,19,3
2016-07-21 20:00:00,90.875,20,3
2016-07-21 21:00:00,77.125,21,3
2016-07-21 22:00:00,68.25,22,3
2016-07-21 23:00:00,65.25,23,3
2016-07-22 00:00:00,58.75,0,4
2016-07-22 01:00:00,60.7917,1,4
2016-07-22 02:00:00,58.5,2,4
2016-07-22 03:00:00,58.125,3,4
2016-07-22 04:00:00,55.875,4,4
2016-07-22 05:00:00,55.5,5,4
2016-07-22 06:00:00,59.875,6,4
2016-07-22 07:00:00,72.0,7,4
2016-07-22 08:00:00,81.5,8,4
2016-07-22 09:00:00,96.875,9,4
2016-07-22 10:00:00,107.625,10,4
2016-07-22 11:00:00,121.875,11,4
2016-07-22 12:00:00,126.125,12,4
2016-07-22 13:00:00,134.625,13,4
2016-07-22 14:00:00,137.0,14,4
2016-07-22 15:00:00,142.0,15,4
2016-07-22 16:00:00,142.375,16,4
2016-07-22 17:00:00,127.625,17,4
2016-07-22 18:00:00,115.875,18,4
2016-07-22 19:00:00,95.625,19,4
2016-07-22 20:00:00,83.25,20,4
2016-07-22 21:00:00,76.25,21,4
2016-07-22 22:00:00,62.5,22,4
2016-07-22 23:00:00,58.875,23,4
2016-07-23 00:00:00,54.1667,0,5
2016-07-23 01:00:00,54.4583,1,5
2016-07-23 02:00:00,54.25,2,5
2016-07-23 03:00:00,54.625,3,5
2016-07-23 04:00:00,51.875,4,5
2016-07-23 05:00:00,53.875,5,5
2016-07-23 06:00:00,54.0,6,5
2016-07-23 07:00:00,55.25,7,5
2016-07-23 08:00:00,62.5,8,5
2016-07-23 09:00:00,63.125,9,5
2016-07-23 10:00:00,62.375,10,5
2016-07-23 11:00:00,60.125,11,5
2016-07-23 12:00:00,63.25,12,5
2016-07-23 13:00:00,66.375,13,5
2016-07-23 14:00:00,64.375,14,5
2016-07-23 15:00:00,74.375,15,5
2016-07-23 16:00:00,79.875,16,5
2016-07-23 17:00:00,66.5,17,5
2016-07-23 18:00:00,66.125,18,5
2016-07-23 19:00:00,64.5,19,5
2016-07-23 20:00:00,63.125,20,5
2016-07-23 21:00:00,59.125,21,5
2016-07-23 22:00:00,57.0,22,5
2016-07-23 23:00:00,56.0,23,5
2016-07-24 00:00:00,54.3333,0,6
2016-07-24 01:00:00,53.3333,1,6
2016-07-24 02:00:00,53.375,2,6
2016-07-24 03:00:00,52.625,3,6
2016-07-24 04:00:00,53.125,4,6
2016-07-24 05:00:00,51.75,5,6
2016-07-24 06:00:00,53.125,6,6
2016-07-24 07:00:00,50.25,7,6
2016-07-24 08:00:00,52.375,8,6
2016-07-24 09:00:00,52.5,9,6
2016-07-24 10:00:00,54.75,10,6
2016-07-24 11:00:00,56.5,11,6
2016-07-24 12:00:00,58.25,12,6
2016-07-24 13:00:00,62.75,13,6
2016-07-24 14:00:00,65.25,14,6
2016-07-24 15:00:00,68.25,15,6
2016-07-24 16:00:00,73.0,16,6
2016-07-24 17:00:00,69.875,17,6
2016-07-24 18:00:00,69.0,18,6
2016-07-24 19:00:00,68.0,19,6
2016-07-24 20:00:00,67.625,20,6
2016-07-24 21:00:00,65.5,21,6
2016-07-24 22:00:00,61.125,22,6
2016-07-24 23:00:00,60.0,23,6
2016-07-25 00:00:00,66.8512,0,0
2016-07-25 01:00:00,53.75,1,0
2016-07-25 02:00:00,54.125,2,0
2016-07-25 03:00:00,51.125,3,0
2016-07-25 04:00:00,50.5,4,0
2016-07-25 05:00:00,51.0,5,0
2016-07-25 06:00:00,55.125,6,0
2016-07-25 07:00:00,68.5,7,0
2016-07-25 08:00:00,73.25,8,0
2016-07-25 09:00:00,94.625,9,0
2016-07-25 10:00:00,122.25,10,0
2016-07-25 11:00:00,130.125,11,0
2016-07-25 12:00:00,144.5,12,0
2016-07-25 13:00:00,141.25,13,0
2016-07-25 14:00:00,142.125,14,0
2016-07-25 15:00:00,143.375,15,0
2016-07-25 16:00:00,150.875,16,0
2016-07-25 17:00:00,128.75,17,0
2016-07-25 18:00:00,104.75,18,0
2016-07-25 19:00:00,97.25,19,0
2016-07-25 20:00:00,86.125,20,0
2016-07-25 21:00:00,74.625,21,0
2016-07-25 22:00:00,64.625,22,0
2016-07-25 23:00:00,60.75,23,0
2016-07-26 00:00:00,78.7023,0,1
2016-07-26 01:00:00,78.7023,1,1
2016-07-26 02:00:00,78.7023,2,1
2016-07-26 03:00:00,78.7023,3,1
2016-07-26 04:00:00,78.7023,4,1
2016-07-26 05:00:00,78.7023,5,1
2016-07-26 06:00:00,78.7023,6,1
2016-07-26 07:00:00,78.7023,7,1
2016-07-26 08:00:00,78.7023,8,1
2016-07-26 09:00:00,78.7023,9,1
2016-07-26 10:00:00,78.7023,10,1
2016-07-26 11:00:00,78.7023,11,1
2016-07-26 12:00:00,78.7023,12,1
2016-07-26 13:00:00,78.7023,13,1
2016-07-26 14:00:00,78.7023,14,1
2016-07-26 15:00:00,78.7023,15,1
2016-07-26 16:00:00,78.7023,16,1
2016-07-26 17:00:00,78.7023,17,1
2016-07-26 18:00:00,78.7023,18,1
2016-07-26 19:00:00,78.7023,19,1
2016-07-26 20:00:00,78.7023,20,1
2016-07-26 21:00:00,78.7023,21,1
2016-07-26 22:00:00,78.7023,22,1
2016-07-26 23:00:00,78.7023,23,1
2016-07-27 00:00:00,78.7023,0,2
2016-07-27 01:00:00,78.7023,1,2
2016-07-27 02:00:00,78.7023,2,2
2016-07-27 03:00:00,78.7023,3,2
2016-07-27 04:00:00,78.7023,4,2
2016-07-27 05:00:00,78.7023,5,2
2016-07-27 06:00:00,78.7023,6,2
2016-07-27 07:00:00,78.7023,7,2
2016-07-27 08:00:00,78.7023,8,2
2016-07-27 09:00:00,78.7023,9,2
2016-07-27 10:00:00,78.7023,10,2
2016-07-27 11:00:00,78.7023,11,2
2016-07-27 12:00:00,78.7023,12,2
2016-07-27 13:00:00,78.7023,13,2
2016-07-27 14:00:00,78.7023,14,2
2016-07-27 15:00:00,78.7023,15,2
2016-07-27 16:00:00,78.7023,16,2
2016-07-27 17:00:00,78.7023,17,2
2016-07-27 18:00:00,78.7023,18,2
2016-07-27 19:00:00,78.7023,19,2
2016-07-27 20:00:00,78.7023,20,2
2016-07-27 21:00:00,78.7023,21,2
2016-07-27 22:00:00,78.7023,22,2
2016-07-27 23:00:00,78.7023,23,2
2016-07-28 00:00:00,78.7023,0,3
2016-07-28 01:00:00,78.7023,1,3
2016-07-28 02:00:00,78.7023,2,3
2016-07-28 03:00:00,78.7023,3,3
2016-07-28 04:00:00,78.7023,4,3
2016-07-28 05:00:00,78.7023,5,3
2016-07-28 06:00:00,78.7023,6,3
2016-07-28 07:00:00,78.7023,7,3
2016-07-28 08:00:00,78.7023,8,3
2016-07-28 09:00:00,78.7023,9,3
2016-07-28 10:00:00,78.7023,10,3
2016-07-28 11:00:00,78.7023,11,3
2016-07-28 12:00:00,78.7023,12,3
2016-07-28 13:00:00,78.7023,13,3
2016-07-28 14:00:00,78.7023,14,3
2016-07-28 15:00:00,78.7023,15,3
2016-07-28 16:00:00,78.7023,16,3
2016-07-28 17:00:00,78.7023,17,3
2016-07-28 18:00:00,78.7023,18,3
2016-07-28 19:00:00,78.7023,19,3
2016-07-28 20:00:00,78.7023,20,3
2016-07-28 21:00:00,78.7023,21,3
2016-07-28 22:00:00,78.7023,22,3
2016-07-28 23:00:00,78.7023,23,3
2016-07-29 00:00:00,78.7023,0,4
2016-07-29 01:00:00,78.7023,1,4
2016-07-29 02:00:00,78.7023,2,4
2016-07-29 03:00:00,78.7023,3,4
2016-07-29 04:00:00,78.7023,4,4
2016-07-29 05:00:00,78.7023,5,4
2016-07-29 06:00:00,78.7023,6,4
2016-07-29 07:00:00,78.7023,7,4
2016-07-29 08:00:00,78.7023,8,4
2016-07-29 09:00:00,78.7023,9,4
2016-07-29 10:00:00,78.7023,10,4
2016-07-29 11:00:00,78.7023,11,4
2016-07-29 12:00:00,78.7023,12,4
2016-07-29 13:00:00,78.7023,13,4
2016-07-29 14:00:00,78.7023,14,4
2016-07-29 15:00:00,78.7023,15,4
2016-07-29 16:00:00,78.7023,16,4
2016-07-29 17:00:00,78.7023,17,4
2016-07-29 18:00:00,78.7023,18,4
2016-07-29 19:00:00,78.7023,19,4
2016-07-29 20:00:00,78.7023,20,4
2016-07-29 21:00:00,78.7023,21,4
2016-07-29 22:00:00,78.7023,22,4
2016-07-29 23:00:00,78.7023,23,4
2016-07-30 00:00:00,78.7023,0,5
2016-07-30 01:00:00,78.7023,1,5
2016-07-30 02:00:00,78.7023,2,5
2016-07-30 03:00:00,78.7023,3,5
2016-07-30 04:00:00,78.7023,4,5
2016-07-30 05:00:00,78.7023,5,5
2016-07-30 06:00:00,78.7023,6,5
2016-07-30 07:00:00,78.7023,7,5
2016-07-30 08:00:00,78.7023,8,5
2016-07-30 09:00:00,78.7023,9,5
2016-07-30 10:00:00,78.7023,10,5
2016-07-30 11:00:00,78.7023,11,5
2016-07-30 12:00:00,78.7023,12,5
2016-07-30 13:00:00,78.7023,13,5
2016-07-30 14:00:00,78.7023,14,5
2016-07-30 15:00:00,78.7023,15,5
2016-07-30 16:00:00,78.7023,16,5
2016-07-30 17:00:00,78.7023,17,5
2016-07-30 18:00:00,78.7023,18,5
2016-07-30 19:00:00,78.7023,19,5
2016-07-30 20:00:00,78.7023,20,5
2016-07-30 21:00:00,78.7023,21,5
2016-07-30 22:00:00,78.7023,22,5
2016-07-30 23:00:00,78.7023,23,5
2016-07-31 00:00:00,78.7023,0,6
2016-07-31 01:00:00,78.7023,1,6
2016-07-31 02:00:00,78.7023,2,6
2016-07-31 03:00:00,78.7023,3,6
2016-07-31 04:00:00,78.7023,4,6
2016-07-31 05:00:00,78.7023,5,6
2016-07-31 06:00:00,78.7023,6,6
2016-07-31 07:00:00,78.7023,7,6
2016-07-31 08:00:00,78.7023,8,6
2016-07-31 09:00:00,78.7023,9,6
2016-07-31 10:00:00,78.7023,10,6
2016-07-31 11:00:00,78.7023,11,6
2016-07-31 12:00:00,78.7023,12,6
2016-07-31 13:00:00,78.7023,13,6
2016-07-31 14:00:00,78.7023,14,6
2016-07-31 15:00:00,78.7023,15,6
2016-07-31 16:00:00,78.7023,16,6
2016-07-31 17:00:00,78.7023,17,6
2016-07-31 18:00:00,78.7023,18,6
2016-07-31 19:00:00,78.7023,19,6
2016-07-31 20:00:00,78.7023,20,6
2016-07-31 21:00:00,78.7023,21,6
2016-07-31 22:00:00,78.7023,22,6
2016-07-31 23:00:00,78.7023,23,6
2016-08-01 00:00:00,78.7023,0,0
2016-08-01 01:00:00,78.7023,1,0
2016-08-01 02:00:00,78.7023,2,0
2016-08-01 03:00:00,78.7023,3,0
2016-08-01 04:00:00,78.7023,4,0
2016-08-01 05:00:00,78.7023,5,0
2016-08-01 06:00:00,78.7023,6,0
2016-08-01 07:00:00,78.7023,7,0
2016-08-01 08:00:00,78.7023,8,0
2016-08-01 09:00:00,78.7023,9,0
2016-08-01 10:00:00,78.7023,10,0
2016-08-01 11:00:00,78.7023,11,0
2016-08-01 12:00:00,78.7023,12,0
2016-08-01 13:00:00,78.7023,13,0
2016-08-01 14:00:00,78.7023,14,0
2016-08-01 15:00:00,78.7023,15,0
2016-08-01 16:00:00,78.7023,16,0
2016-08-01 17:00:00,78.7023,17,0
2016-08-01 18:00:00,78.7023,18,0
2016-08-01 19:00:00,78.7023,19,0
2016-08-01 20:00:00,78.7023,20,0
2016-08-01 21:00:00,78.7023,21,0
2016-08-01 22:00:00,78.7023,22,0
2016-08-01 23:00:00,78.7023,23,0
2016-08-02 00:00:00,78.7023,0,1
2016-08-02 01:00:00,78.7023,1,1
2016-08-02 02:00:00,78.7023,2,1
2016-08-02 03:00:00,78.7023,3,1
2016-08-02 04:00:00,78.7023,4,1
2016-08-02 05:00:00,78.7023,5,1
2016-08-02 06:00:00,78.7023,6,1
2016-08-02 07:00:00,78.7023,7,1
2016-08-02 08:00:00,78.7023,8,1
2016-08-02 09:00:00,78.7023,9,1
2016-08-02 10:00:00,78.7023,10,1
2016-08-02 11:00:00,78.7023,11,1
2016-08-02 12:00:00,78.7023,12,1
2016-08-02 13:00:00,78.7023,13,1
2016-08-02 14:00:00,78.7023,14,1
2016-08-02 15:00:00,78.7023,15,1
2016-08-02 16:00:00,78.7023,16,1
2016-08-02 17:00:00,78.7023,17,1
2016-08-02 18:00:00,78.7023,18,1
2016-08-02 19:00:00,78.7023,19,1
2016-08-02 20:00:00,78.7023,20,1
2016-08-02 21:00:00,78.7023,21,1
2016-08-02 22:00:00,78.7023,22,1
2016-08-02 23:00:00,78.7023,23,1
2016-08-03 00:00:00,78.7023,0,2
2016-08-03 01:00:00,78.7023,1,2
2016-08-03 02:00:00,78.7023,2,2
2016-08-03 03:00:00,78.7023,3,2
2016-08-03 04:00:00,78.7023,4,2
2016-08-03 05:00:00,78.7023,5,2
2016-08-03 06:00:00,78.7023,6,2
2016-08-03 07:00:00,78.7023,7,2
2016-08-03 08:00:00,78.7023,8,2
2016-08-03 09:00:00,78.7023,9,2
2016-08-03 10:00:00,78.7023,10,2
2016-08-03 11:00:00,78.7023,11,2
2016-08-03 12:00:00,78.7023,12,2
2016-08-03 13:00:00,78.7023,13,2
2016-08-03 14:00:00,78.7023,14,2
2016-08-03 15:00:00,78.7023,15,2
2016-08-03 16:00:00,78.7023,16,2
2016-08-03 17:00:00,78.7023,17,2
2016-08-03 18:00:00,78.7023,18,2
2016-08-03 19:00:00,78.7023,19,2
2016-08-03 20:00:00,78.7023,20,2
2016-08-03 21:00:00,78.7023,21,2
2016-08-03 22:00:00,78.7023,22,2
2016-08-03 23:00:00,78.7023,23,2
2016-08-04 00:00:00,78.7023,0,3
2016-08-04 01:00:00,78.7023,1,3
2016-08-04 02:00:00,78.7023,2,3
2016-08-04 03:00:00,78.7023,3,3
2016-08-04 04:00:00,78.7023,4,3
2016-08-04 05:00:00,78.7023,5,3
2016-08-04 06:00:00,78.7023,6,3
2016-08-04 07:00:00,78.7023,7,3
2016-08-04 08:00:00,78.7023,8,3
2016-08-04 09:00:00,78.7023,9,3
2016-08-04 10:00:00,78.7023,10,3
2016-08-04 11:00:00,78.7023,11,3
2016-08-04 12:00:00,78.7023,12,3
2016-08-04 13:00:00,78.7023,13,3
2016-08-04 14:00:00,78.7023,14,3
2016-08-04 15:00:00,78.7023,15,3
2016-08-04 16:00:00,78.7023,16,3
2016-08-04 17:00:00,78.7023,17,3
2016-08-04 18:00:00,78.7023,18,3
2016-08-04 19:00:00,78.7023,19,3
2016-08-04 20:00:00,78.7023,20,3
2016-08-04 21:00:00,78.7023,21,3
2016-08-04 22:00:00,78.7023,22,3
2016-08-04 23:00:00,78.7023,23,3
2016-08-05 00:00:00,78.7023,0,4
2016-08-05 01:00:00,78.7023,1,4
2016-08-05 02:00:00,78.7023,2,4
2016-08-05 03:00:00,78.7023,3,4
2016-08-05 04:00:00,78.7023,4,4
2016-08-05 05:00:00,78.7023,5,4
2016-08-05 06:00:00,78.7023,6,4
2016-08-05 07:00:00,78.7023,7,4
2016-08-05 08:00:00,78.7023,8,4
2016-08-05 09:00:00,78.7023,9,4
2016-08-05 10:00:00,78.7023,10,4
2016-08-05 11:00:00,78.7023,11,4
2016-08-05 12:00:00,78.7023,12,4
2016-08-05 13:00:00,78.7023,13,4
2016-08-05 14:00:00,78.7023,14,4
2016-08-05 15:00:00,78.7023,15,4
2016-08-05 16:00:00,78.7023,16,4
2016-08-05 17:00:00,78.7023,17,4
2016-08-05 18:00:00,78.7023,18,4
2016-08-05 19:00:00,78.7023,19,4
2016-08-05 20:00:00,78.7023,20,4
2016-08-05 21:00:00,78.7023,21,4
2016-08-05 22:00:00,78.7023,22,4
2016-08-05 23:00:00,78.7023,23,4
2016-08-06 00:00:00,78.7023,0,5
2016-08-06 01:00:00,78.7023,1,5
2016-08-06 02:00:00,78.7023,2,5
2016-08-06 03:00:00,78.7023,3,5
2016-08-06 04:00:00,78.7023,4,5
2016-08-06 05:00:00,78.7023,5,5
2016-08-06 06:00:00,78.7023,6,5
2016-08-06 07:00:00,78.7023,7,5
2016-08-06 08:00:00,78.7023,8,5
2016-08-06 09:00:00,78.7023,9,5
2016-08-06 10:00:00,78.7023,10,5
2016-08-06 11:00:00,78.7023,11,5
2016-08-06 12:00:00,78.7023,12,5
2016-08-06 13:00:00,78.7023,13,5
2016-08-06 14:00:00,78.7023,14,5
2016-08-06 15:00:00,78.7023,15,5
2016-08-06 16:00:00,78.7023,16,5
2016-08-06 17:00:00,78.7023,17,5
2016-08-06 18:00:00,78.7023,18,5
2016-08-06 19:00:00,78.7023,19,5
2016-08-06 20:00:00,78.7023,20,5
2016-08-06 21:00:00,78.7023,21,5
2016-08-06 22:00:00,78.7023,22,5
2016-08-06 23:00:00,78.7023,23,5
2016-08-07 00:00:00,78.7023,0,6
2016-08-07 01:00:00,78.7023,1,6
2016-08-07 02:00:00,78.7023,2,6
2016-08-07 03:00:00,78.7023,3,6
2016-08-07 04:00:00,78.7023,4,6
2016-08-07 05:00:00,78.7023,5,6
2016-08-07 06:00:00,78.7023,6,6
2016-08-07 07:00:00,78.7023,7,6
2016-08-07 08:00:00,78.7023,8,6
2016-08-07 09:00:00,78.7023,9,6
2016-08-07 10:00:00,78.7023,10,6
2016-08-07 11:00:00,78.7023,11,6
2016-08-07 12:00:00,78.7023,12,6
2016-08-07 13:00:00,78.7023,13,6
2016-08-07 14:00:00,78.7023,14,6
2016-08-07 15:00:00,78.7023,15,6
2016-08-07 16:00:00,78.7023,16,6
2016-08-07 17:00:00,78.7023,17,6
2016-08-07 18:00:00,78.7023,18,6
2016-08-07 19:00:00,78.7023,19,6
2016-08-07 20:00:00,78.7023,20,6
2016-08-07 21:00:00,78.7023,21,6
2016-08-07 22:00:00,78.7023,22,6
2016-08-07 23:00:00,78.7023,23,6
2016-08-08 00:00:00,78.7023,0,0
2016-08-08 01:00:00,78.7023,1,0
2016-08-08 02:00:00,78.7023,2,0
2016-08-08 03:00:00,78.7023,3,0
2016-08-08 04:00:00,78.7023,4,0
2016-08-08 05:00:00,78.7023,5,0
2016-08-08 06:00:00,78.7023,6,0
2016-08-08 07:00:00,78.7023,7,0
2016-08-08 08:00:00,78.7023,8,0
2016-08-08 09:00:00,78.7023,9,0
2016-08-08 10:00:00,78.7023,10,0
2016-08-08 11:00:00,78.7023,11,0
2016-08-08 12:00:00,78.7023,12,0
2016-08-08 13:00:00,78.7023,13,0
2016-08-08 14:00:00,78.7023,14,0
2016-08-08 15:00:00,78.7023,15,0
2016-08-08 16:00:00,78.7023,16,0
2016-08-08 17:00:00,78.7023,17,0
2016-08-08 18:00:00,78.7023,18,0
2016-08-08 19:00:00,78.7023,19,0
2016-08-08 20:00:00,78.7023,20,0
2016-08-08 21:00:00,78.7023,21,0
2016-08-08 22:00:00,78.7023,22,0
2016-08-08 23:00:00,78.7023,23,0
2016-08-09 00:00:00,78.7023,0,1
2016-08-09 01:00:00,78.7023,1,1
2016-08-09 02:00:00,78.7023,2,1
2016-08-09 03:00:00,78.7023,3,1
2016-08-09 04:00:00,78.7023,4,1
2016-08-09 05:00:00,78.7023,5,1
2016-08-09 06:00:00,78.7023,6,1
2016-08-09 07:00:00,78.7023,7,1
2016-08-09 08:00:00,78.7023,8,1
2016-08-09 09:00:00,78.7023,9,1
2016-08-09 10:00:00,78.7023,10,1
2016-08-09 11:00:00,78.7023,11,1
2016-08-09 12:00:00,78.7023,12,1
2016-08-09 13:00:00,78.7023,13,1
2016-08-09 14:00:00,78.7023,14,1
2016-08-09 15:00:00,78.7023,15,1
2016-08-09 16:00:00,78.7023,16,1
2016-08-09 17:00:00,78.7023,17,1
2016-08-09 18:00:00,78.7023,18,1
2016-08-09 19:00:00,78.7023,19,1
2016-08-09 20:00:00,78.7023,20,1
2016-08-09 21:00:00,78.7023,21,1
2016-08-09 22:00:00,78.7023,22,1
2016-08-09 23:00:00,78.7023,23,1
2016-08-10 00:00:00,78.7023,0,2
2016-08-10 01:00:00,78.7023,1,2
2016-08-10 02:00:00,78.7023,2,2
2016-08-10 03:00:00,78.7023,3,2
2016-08-10 04:00:00,78.7023,4,2
2016-08-10 05:00:00,78.7023,5,2
2016-08-10 06:00:00,78.7023,6,2
2016-08-10 07:00:00,78.7023,7,2
2016-08-10 08:00:00,78.7023,8,2
2016-08-10 09:00:00,78.7023,9,2
2016-08-10 10:00:00,78.7023,10,2
2016-08-10 11:00:00,78.7023,11,2
2016-08-10 12:00:00,78.7023,12,2
2016-08-10 13:00:00,78.7023,13,2
2016-08-10 14:00:00,78.7023,14,2
2016-08-10 15:00:00,78.7023,15,2
2016-08-10 16:00:00,78.7023,16,2
2016-08-10 17:00:00,78.7023,17,2
2016-08-10 18:00:00,78.7023,18,2
2016-08-10 19:00:00,78.7023,19,2
2016-08-10 20:00:00,78.7023,20,2
2016-08-10 21:00:00,78.7023,21,2
2016-08-10 22:00:00,78.7023,22,2
2016-08-10 23:00:00,78.7023,23,2
2016-08-11 00:00:00,69.6428,0,3
2016-08-11 01:00:00,66.7262,1,3
2016-08-11 02:00:00,56.25,2,3
2016-08-11 03:00:00,54.0,3,3
2016-08-11 04:00:00,53.375,4,3
2016-08-11 05:00:00,52.5,5,3
2016-08-11 06:00:00,58.125,6,3
2016-08-11 07:00:00,70.75,7,3
2016-08-11 08:00:00,72.375,8,3
2016-08-11 09:00:00,90.375,9,3
2016-08-11 10:00:00,105.625,10,3
2016-08-11 11:00:00,114.0,11,3
2016-08-11 12:00:00,118.0,12,3
2016-08-11 13:00:00,122.875,13,3
2016-08-11 14:00:00,124.0,14,3
2016-08-11 15:00:00,126.75,15,3
2016-08-11 16:00:00,124.5,16,3
2016-08-11 17:00:00,118.875,17,3
2016-08-11 18:00:00,102.875,18,3
2016-08-11 19:00:00,92.625,19,3
2016-08-11 20:00:00,83.375,20,3
2016-08-11 21:00:00,78.375,21,3
2016-08-11 22:00:00,73.5,22,3
2016-08-11 23:00:00,64.375,23,3
2016-08-12 00:00:00,60.0833,0,4
2016-08-12 01:00:00,59.6667,1,4
2016-08-12 02:00:00,60.5,2,4
2016-08-12 03:00:00,56.625,3,4
2016-08-12 04:00:00,55.875,4,4
2016-08-12 05:00:00,58.25,5,4
2016-08-12 06:00:00,61.625,6,4
2016-08-12 07:00:00,72.375,7,4
2016-08-12 08:00:00,74.25,8,4
2016-08-12 09:00:00,87.0,9,4
2016-08-12 10:00:00,97.5,10,4
2016-08-12 11:00:00,115.375,11,4
2016-08-12 12:00:00,120.25,12,4
2016-08-12 13:00:00,123.875,13,4
2016-08-12 14:00:00,119.875,14,4
2016-08-12 15:00:00,128.25,15,4
2016-08-12 16:00:00,128.125,16,4
2016-08-12 17:00:00,114.125,17,4
2016-08-12 18:00:00,104.625,18,4
2016-08-12 19:00:00,91.625,19,4
2016-08-12 20:00:00,84.0,20,4
2016-08-12 21:00:00,75.25,21,4
2016-08-12 22:00:00,68.875,22,4
2016-08-12 23:00:00,63.625,23,4
2016-08-13 00:00:00,58.7917,0,5
2016-08-13 01:00:00,59.2917,1,5
2016-08-13 02:00:00,58.75,2,5
2016-08-13 03:00:00,58.625,3,5
2016-08-13 04:00:00,59.875,4,5
2016-08-13 05:00:00,58.125,5,5
2016-08-13 06:00:00,58.5,6,5
2016-08-13 07:00:00,57.125,7,5
2016-08-13 08:00:00,57.375,8,5
2016-08-13 09:00:00,57.0,9,5
2016-08-13 10:00:00,62.125,10,5
2016-08-13 11:00:00,63.625,11,5
2016-08-13 12:00:00,67.5,12,5
2016-08-13 13:00:00,63.125,13,5
2016-08-13 14:00:00,67.75,14,5
2016-08-13 15:00:00,66.875,15,5
2016-08-13 16:00:00,68.5,16,5
2016-08-13 17:00:00,64.75,17,5
2016-08-13 18:00:00,65.875,18,5
2016-08-13 19:00:00,65.25,19,5
2016-08-13 20:00:00,64.875,20,5
2016-08-13 21:00:00,61.875,21,5
2016-08-13 22:00:00,58.75,22,5
2016-08-13 23:00:00,59.75,23,5
2016-08-14 00:00:00,59.4583,0,6
2016-08-14 01:00:00,57.625,1,6
2016-08-14 02:00:00,58.0,2,6
2016-08-14 03:00:00,58.0,3,6
2016-08-14 04:00:00,55.75,4,6
2016-08-14 05:00:00,57.25,5,6
2016-08-14 06:00:00,56.0,6,6
2016-08-14 07:00:00,56.25,7,6
2016-08-14 08:00:00,56.625,8,6
2016-08-14 09:00:00,55.0,9,6
2016-08-14 10:00:00,56.125,10,6
2016-08-14 11:00:00,60.5,11,6
2016-08-14 12:00:00,62.125,12,6
2016-08-14 13:00:00,61.75,13,6
2016-08-14 14:00:00,64.25,14,6
2016-08-14 15:00:00,64.25,15,6
2016-08-14 16:00:00,65.125,16,6
2016-08-14 17:00:00,64.5,17,6
2016-08-14 18:00:00,64.375,18,6
2016-08-14 19:00:00,64.0,19,6
2016-08-14 20:00:00,65.125,20,6
2016-08-14 21:00:00,62.25,21,6
2016-08-14 22:00:00,61.875,22,6
2016-08-14 23:00:00,60.375,23,6
2016-08-15 00:00:00,58.7917,0,0
2016-08-15 01:00:00,59.5833,1,0
2016-08-15 02:00:00,58.125,2,0
2016-08-15 03:00:00,59.75,3,0
2016-08-15 04:00:00,59.75,4,0
2016-08-15 05:00:00,58.125,5,0
2016-08-15 06:00:00,62.625,6,0
2016-08-15 07:00:00,67.75,7,0
2016-08-15 08:00:00,72.875,8,0
2016-08-15 09:00:00,86.375,9,0
2016-08-15 10:00:00,101.875,10,0
2016-08-15 11:00:00,116.5,11,0
2016-08-15 12:00:00,120.75,12,0
2016-08-15 13:00:00,121.0,13,0
2016-08-15 14:00:00,121.75,14,0
2016-08-15 15:00:00,123.5,15,0
2016-08-15 16:00:00,121.75,16,0
2016-08-15 17:00:00,116.625,17,0
2016-08-15 18:00:00,102.0,18,0
2016-08-15 19:00:00,83.375,19,0
2016-08-15 20:00:00,71.375,20,0
2016-08-15 21:00:00,65.25,21,0
2016-08-15 22:00:00,64.75,22,0
2016-08-15 23:00:00,58.0,23,0
2016-08-16 00:00:00,59.5,0,1
2016-08-16 01:00:00,54.4583,1,1
2016-08-16 02:00:00,54.0,2,1
2016-08-16 03:00:00,53.25,3,1
2016-08-16 04:00:00,49.375,4,1
2016-08-16 05:00:00,53.25,5,1
2016-08-16 06:00:00,53.25,6,1
2016-08-16 07:00:00,67.125,7,1
2016-08-16 08:00:00,74.75,8,1
2016-08-16 09:00:00,86.375,9,1
2016-08-16 10:00:00,98.0,10,1
2016-08-16 11:00:00,111.625,11,1
2016-08-16 12:00:00,115.75,12,1
2016-08-16 13:00:00,117.625,13,1
2016-08-16 14:00:00,121.125,14,1
2016-08-16 15:00:00,127.375,15,1
2016-08-16 16:00:00,127.875,16,1
2016-08-16 17:00:00,123.0,17,1
2016-08-16 18:00:00,102.25,18,1
2016-08-16 19:00:00,84.125,19,1
2016-08-16 20:00:00,71.875,20,1
2016-08-16 21:00:00,69.125,21,1
2016-08-16 22:00:00,68.375,22,1
2016-08-16 23:00:00,62.25,23,1
2016-08-17 00:00:00,60.875,0,2
2016-08-17 01:00:00,58.7917,1,2
2016-08-17 02:00:00,53.875,2,2
2016-08-17 03:00:00,56.25,3,2
2016-08-17 04:00:00,53.5,4,2
2016-08-17 05:00:00,54.75,5,2
2016-08-17 06:00:00,59.0,6,2
2016-08-17 07:00:00,71.625,7,2
2016-08-17 08:00:00,78.75,8,2
2016-08-17 09:00:00,85.25,9,2
2016-08-17 10:00:00,95.75,10,2
2016-08-17 11:00:00,107.625,11,2
2016-08-17 12:00:00,118.875,12,2
2016-08-17 13:00:00,118.125,13,2
2016-08-17 14:00:00,123.375,14,2
2016-08-17 15:00:00,133.25,15,2
2016-08-17 16:00:00,130.625,16,2
2016-08-17 17:00:00,127.875,17,2
2016-08-17 18:00:00,109.375,18,2
2016-08-17 19:00:00,93.375,19,2
2016-08-17 20:00:00,74.875,20,2
2016-08-17 21:00:00,67.125,21,2
2016-08-17 22:00:00,68.0,22,2
2016-08-17 23:00:00,60.25,23,2
2016-08-18 00:00:00,58.5,0,3
2016-08-18 01:00:00,57.4583,1,3
2016-08-18 02:00:00,57.125,2,3
2016-08-18 03:00:00,56.0,3,3
2016-08-18 04:00:00,53.75,4,3
2016-08-18 05:00:00,55.5,5,3
2016-08-18 06:00:00,57.0,6,3
2016-08-18 07:00:00,68.25,7,3
2016-08-18 08:00:00,76.5,8,3
2016-08-18 09:00:00,82.875,9,3
2016-08-18 10:00:00,101.5,10,3
2016-08-18 11:00:00,115.0,11,3
2016-08-18 12:00:00,121.125,12,3
2016-08-18 13:00:00,123.5,13,3
2016-08-18 14:00:00,124.25,14,3
2016-08-18 15:00:00,125.125,15,3
2016-08-18 16:00:00,129.125,16,3
2016-08-18 17:00:00,123.75,17,3
2016-08-18 18:00:00,108.125,18,3
2016-08-18 19:00:00,88.25,19,3
2016-08-18 20:00:00,77.875,20,3
2016-08-18 21:00:00,67.625,21,3
2016-08-18 22:00:00,65.25,22,3
2016-08-18 23:00:00,59.125,23,3
2016-08-19 00:00:00,55.2083,0,4
2016-08-19 01:00:00,57.6667,1,4
2016-08-19 02:00:00,55.5,2,4
2016-08-19 03:00:00,54.125,3,4
2016-08-19 04:00:00,53.625,4,4
2016-08-19 05:00:00,53.75,5,4
2016-08-19 06:00:00,56.25,6,4
2016-08-19 07:00:00,70.75,7,4
2016-08-19 08:00:00,74.375,8,4
2016-08-19 09:00:00,88.625,9,4
2016-08-19 10:00:00,98.75,10,4
2016-08-19 11:00:00,110.25,11,4
2016-08-19 12:00:00,113.125,12,4
2016-08-19 13:00:00,117.25,13,4
2016-08-19 14:00:00,123.875,14,4
2016-08-19 15:00:00,122.25,15,4
2016-08-19 16:00:00,121.0,16,4
2016-08-19 17:00:00,109.625,17,4
2016-08-19 18:00:00,96.125,18,4
2016-08-19 19:00:00,80.375,19,4
2016-08-19 20:00:00,75.125,20,4
2016-08-19 21:00:00,65.625,21,4
2016-08-19 22:00:00,58.625,22,4
2016-08-19 23:00:00,55.375,23,4
2016-08-20 00:00:00,53.25,0,5
2016-08-20 01:00:00,52.0417,1,5
2016-08-20 02:00:00,51.125,2,5
2016-08-20 03:00:00,53.25,3,5
2016-08-20 04:00:00,52.75,4,5
2016-08-20 05:00:00,51.625,5,5
2016-08-20 06:00:00,51.75,6,5
2016-08-20 07:00:00,52.5,7,5
2016-08-20 08:00:00,53.375,8,5
2016-08-20 09:00:00,55.75,9,5
2016-08-20 10:00:00,57.625,10,5
2016-08-20 11:00:00,58.5,11,5
2016-08-20 12:00:00,60.25,12,5
2016-08-20 13:00:00,62.625,13,5
2016-08-20 14:00:00,63.625,14,5
2016-08-20 15:00:00,61.125,15,5
2016-08-20 16:00:00,63.75,16,5
2016-08-20 17:00:00,60.875,17,5
2016-08-20 18:00:00,60.25,18,5
2016-08-20 19:00:00,60.875,19,5
2016-08-20 20:00:00,61.875,20,5
2016-08-20 21:00:00,58.625,21,5
2016-08-20 22:00:00,58.875,22,5
2016-08-20 23:00:00,56.5,23,5
2016-08-21 00:00:00,52.625,0,6
2016-08-21 01:00:00,53.2083,1,6
2016-08-21 02:00:00,53.25,2,6
2016-08-21 03:00:00,52.625,3,6
2016-08-21 04:00:00,53.125,4,6
2016-08-21 05:00:00,52.0,5,6
2016-08-21 06:00:00,53.0,6,6
2016-08-21 07:00:00,52.25,7,6
2016-08-21 08:00:00,52.375,8,6
2016-08-21 09:00:00,53.5,9,6
2016-08-21 10:00:00,57.375,10,6
2016-08-21 11:00:00,60.625,11,6
2016-08-21 12:00:00,62.0,12,6
2016-08-21 13:00:00,62.0,13,6
2016-08-21 14:00:00,65.125,14,6
2016-08-21 15:00:00,62.125,15,6
2016-08-21 16:00:00,65.5,16,6
2016-08-21 17:00:00,61.25,17,6
2016-08-21 18:00:00,63.375,18,6
2016-08-21 19:00:00,60.875,19,6
2016-08-21 20:00:00,57.625,20,6
2016-08-21 21:00:00,56.0,21,6
2016-08-21 22:00:00,56.125,22,6
2016-08-21 23:00:00,54.375,23,6
2016-08-22 00:00:00,53.2083,0,0
2016-08-22 01:00:00,51.6667,1,0
2016-08-22 02:00:00,50.75,2,0
2016-08-22 03:00:00,52.375,3,0
2016-08-22 04:00:00,51.75,4,0
2016-08-22 05:00:00,50.875,5,0
2016-08-22 06:00:00,55.75,6,0
2016-08-22 07:00:00,70.125,7,0
2016-08-22 08:00:00,75.25,8,0
2016-08-22 09:00:00,87.875,9,0
2016-08-22 10:00:00,106.5,10,0
2016-08-22 11:00:00,115.375,11,0
2016-08-22 12:00:00,119.5,12,0
2016-08-22 13:00:00,122.5,13,0
2016-08-22 14:00:00,126.5,14,0
2016-08-22 15:00:00,134.0,15,0
2016-08-22 16:00:00,136.0,16,0
2016-08-22 17:00:00,130.0,17,0
2016-08-22 18:00:00,110.875,18,0
2016-08-22 19:00:00,94.0,19,0
2016-08-22 20:00:00,84.625,20,0
2016-08-22 21:00:00,73.75,21,0
2016-08-22 22:00:00,64.75,22,0
2016-08-22 23:00:00,61.75,23,0
2016-08-23 00:00:00,59.199,0,1
2016-08-23 01:00:00,54.9167,1,1
2016-08-23 02:00:00,55.75,2,1
2016-08-23 03:00:00,55.75,3,1
2016-08-23 04:00:00,52.25,4,1
2016-08-23 05:00:00,51.625,5,1
2016-08-23 06:00:00,56.625,6,1
2016-08-23 07:00:00,65.75,7,1
2016-08-23 08:00:00,76.625,8,1
2016-08-23 09:00:00,92.625,9,1
2016-08-23 10:00:00,108.0,10,1
2016-08-23 11:00:00,122.25,11,1
2016-08-23 12:00:00,105.875,12,1
2016-08-23 13:00:00,157.79399999999998,13,1
2016-08-23 14:00:00,138.748,14,1
2016-08-23 15:00:00,140.558,15,1
2016-08-23 16:00:00,143.514,16,1
2016-08-23 17:00:00,138.695,17,1
2016-08-23 18:00:00,119.444,18,1
2016-08-23 19:00:00,102.207,19,1
2016-08-23 20:00:00,95.7715,20,1
2016-08-23 21:00:00,81.242,21,1
2016-08-23 22:00:00,75.812,22,1
2016-08-23 23:00:00,70.135,23,1
2016-08-24 00:00:00,62.7138,0,2
2016-08-24 01:00:00,63.7543,1,2
2016-08-24 02:00:00,60.0475,2,2
2016-08-24 03:00:00,58.6295,3,2
2016-08-24 04:00:00,56.0485,4,2
2016-08-24 05:00:00,53.748000000000005,5,2
2016-08-24 06:00:00,60.572,6,2
2016-08-24 07:00:00,70.9075,7,2
2016-08-24 08:00:00,77.4925,8,2
2016-08-24 09:00:00,89.5605,9,2
2016-08-24 10:00:00,108.569,10,2
2016-08-24 11:00:00,124.258,11,2
2016-08-24 12:00:00,135.833,12,2
2016-08-24 13:00:00,138.41899999999998,13,2
2016-08-24 14:00:00,143.991,14,2
2016-08-24 15:00:00,153.298,15,2
2016-08-24 16:00:00,152.357,16,2
2016-08-24 17:00:00,149.743,17,2
2016-08-24 18:00:00,131.88299999999998,18,2
2016-08-24 19:00:00,109.1,19,2
2016-08-24 20:00:00,89.2815,20,2
2016-08-24 21:00:00,70.8955,21,2
2016-08-24 22:00:00,68.87100000000001,22,2
2016-08-24 23:00:00,64.63600000000001,23,2
2016-08-25 00:00:00,66.7145,0,3
2016-08-25 01:00:00,60.2635,1,3
2016-08-25 02:00:00,54.054,2,3
2016-08-25 03:00:00,57.3215,3,3
2016-08-25 04:00:00,52.2275,4,3
2016-08-25 05:00:00,54.878,5,3
2016-08-25 06:00:00,58.7375,6,3
2016-08-25 07:00:00,73.446,7,3
2016-08-25 08:00:00,81.5795,8,3
2016-08-25 09:00:00,95.177,9,3
2016-08-25 10:00:00,114.087,10,3
2016-08-25 11:00:00,129.653,11,3
2016-08-25 12:00:00,136.624,12,3
2016-08-25 13:00:00,138.719,13,3
2016-08-25 14:00:00,145.991,14,3
2016-08-25 15:00:00,155.119,15,3
2016-08-25 16:00:00,150.68,16,3
2016-08-25 17:00:00,147.762,17,3
2016-08-25 18:00:00,128.236,18,3
2016-08-25 19:00:00,112.695,19,3
2016-08-25 20:00:00,89.176,20,3
2016-08-25 21:00:00,81.038,21,3
2016-08-25 22:00:00,77.771,22,3
2016-08-25 23:00:00,73.092,23,3
2016-08-26 00:00:00,64.5338,0,4
2016-08-26 01:00:00,69.664,1,4
2016-08-26 02:00:00,66.291,2,4
2016-08-26 03:00:00,64.4315,3,4
2016-08-26 04:00:00,64.839,4,4
2016-08-26 05:00:00,59.29,5,4
2016-08-26 06:00:00,64.7465,6,4
2016-08-26 07:00:00,75.1335,7,4
2016-08-26 08:00:00,79.98,8,4
2016-08-26 09:00:00,91.85,9,4
2016-08-26 10:00:00,106.779,10,4
2016-08-26 11:00:00,126.647,11,4
2016-08-26 12:00:00,131.238,12,4
2016-08-26 13:00:00,135.752,13,4
2016-08-26 14:00:00,133.681,14,4
2016-08-26 15:00:00,142.33100000000002,15,4
2016-08-26 16:00:00,128.72,16,4
2016-08-26 17:00:00,114.352,17,4
2016-08-26 18:00:00,97.218,18,4
2016-08-26 19:00:00,83.54899999999999,19,4
2016-08-26 20:00:00,81.244,20,4
2016-08-26 21:00:00,67.78699999999999,21,4
2016-08-26 22:00:00,66.21300000000001,22,4
2016-08-26 23:00:00,63.5625,23,4
2016-08-27 00:00:00,58.6485,0,5
2016-08-27 01:00:00,57.8853,1,5
2016-08-27 02:00:00,56.6555,2,5
2016-08-27 03:00:00,57.959,3,5
2016-08-27 04:00:00,56.6945,4,5
2016-08-27 05:00:00,55.1335,5,5
2016-08-27 06:00:00,59.169,6,5
2016-08-27 07:00:00,57.294,7,5
2016-08-27 08:00:00,57.5275,8,5
2016-08-27 09:00:00,59.181,9,5
2016-08-27 10:00:00,56.1945,10,5
2016-08-27 11:00:00,63.5455,11,5
2016-08-27 12:00:00,65.967,12,5
2016-08-27 13:00:00,64.065,13,5
2016-08-27 14:00:00,65.53399999999999,14,5
2016-08-27 15:00:00,66.7445,15,5
2016-08-27 16:00:00,64.4145,16,5
2016-08-27 17:00:00,65.6035,17,5
2016-08-27 18:00:00,63.055,18,5
2016-08-27 19:00:00,64.9685,19,5
2016-08-27 20:00:00,59.994,20,5
2016-08-27 21:00:00,60.266000000000005,21,5
2016-08-27 22:00:00,57.3165,22,5
2016-08-27 23:00:00,59.026,23,5
2016-08-28 00:00:00,57.838,0,6
2016-08-28 01:00:00,60.1447,1,6
2016-08-28 02:00:00,59.36,2,6
2016-08-28 03:00:00,57.7125,3,6
2016-08-28 04:00:00,57.9205,4,6
2016-08-28 05:00:00,55.411,5,6
2016-08-28 06:00:00,57.87,6,6
2016-08-28 07:00:00,55.103,7,6
2016-08-28 08:00:00,55.9305,8,6
2016-08-28 09:00:00,57.523,9,6
2016-08-28 10:00:00,56.38399999999999,10,6
2016-08-28 11:00:00,59.86,11,6
2016-08-28 12:00:00,59.503,12,6
2016-08-28 13:00:00,63.132,13,6
2016-08-28 14:00:00,61.0465,14,6
2016-08-28 15:00:00,63.5285,15,6
2016-08-28 16:00:00,58.641000000000005,16,6
2016-08-28 17:00:00,62.1505,17,6
2016-08-28 18:00:00,56.98,18,6
2016-08-28 19:00:00,60.0775,19,6
2016-08-28 20:00:00,56.9045,20,6
2016-08-28 21:00:00,55.337,21,6
2016-08-28 22:00:00,53.5095,22,6
2016-08-28 23:00:00,57.8595,23,6
2016-08-29 00:00:00,55.1097,0,0
2016-08-29 01:00:00,57.3023,1,0
2016-08-29 02:00:00,55.1605,2,0
2016-08-29 03:00:00,54.20399999999999,3,0
2016-08-29 04:00:00,54.5085,4,0
2016-08-29 05:00:00,51.7265,5,0
2016-08-29 06:00:00,53.4125,6,0
2016-08-29 07:00:00,51.981,7,0
2016-08-29 08:00:00,50.533,8,0
2016-08-29 09:00:00,59.633,9,0
2016-08-29 10:00:00,61.733,10,0
2016-08-29 11:00:00,67.9505,11,0
2016-08-29 12:00:00,67.9965,12,0
2016-08-29 13:00:00,69.2065,13,0
2016-08-29 14:00:00,68.2905,14,0
2016-08-29 15:00:00,68.5385,15,0
2016-08-29 16:00:00,69.5765,16,0
2016-08-29 17:00:00,69.5745,17,0
2016-08-29 18:00:00,65.291,18,0
2016-08-29 19:00:00,61.495,19,0
2016-08-29 20:00:00,58.6875,20,0
2016-08-29 21:00:00,56.1885,21,0
2016-08-29 22:00:00,53.917,22,0
2016-08-29 23:00:00,54.5145,23,0
2016-08-30 00:00:00,54.277,0,1
2016-08-30 01:00:00,54.1243,1,1
2016-08-30 02:00:00,52.4755,2,1
2016-08-30 03:00:00,49.265,3,1
2016-08-30 04:00:00,51.772,4,1
2016-08-30 05:00:00,49.2765,5,1
2016-08-30 06:00:00,52.1475,6,1
2016-08-30 07:00:00,65.0685,7,1
2016-08-30 08:00:00,75.405,8,1
2016-08-30 09:00:00,85.266,9,1
2016-08-30 10:00:00,101.606,10,1
2016-08-30 11:00:00,114.834,11,1
2016-08-30 12:00:00,120.403,12,1
2016-08-30 13:00:00,122.464,13,1
2016-08-30 14:00:00,119.858,14,1
2016-08-30 15:00:00,134.338,15,1
2016-08-30 16:00:00,136.126,16,1
2016-08-30 17:00:00,127.066,17,1
2016-08-30 18:00:00,103.656,18,1
2016-08-30 19:00:00,82.824,19,1
2016-08-30 20:00:00,68.225,20,1
2016-08-30 21:00:00,62.9175,21,1
2016-08-30 22:00:00,59.0635,22,1
2016-08-30 23:00:00,57.096,23,1
2016-08-31 00:00:00,55.243,0,2
2016-08-31 01:00:00,54.8922,1,2
2016-08-31 02:00:00,54.6305,2,2
2016-08-31 03:00:00,52.4005,3,2
2016-08-31 04:00:00,51.535,4,2
2016-08-31 05:00:00,49.094,5,2
2016-08-31 06:00:00,58.3445,6,2
2016-08-31 07:00:00,64.5395,7,2
2016-08-31 08:00:00,70.6315,8,2
2016-08-31 09:00:00,87.6605,9,2
2016-08-31 10:00:00,101.641,10,2
2016-08-31 11:00:00,110.615,11,2
2016-08-31 12:00:00,116.705,12,2
2016-08-31 13:00:00,118.92,13,2
2016-08-31 14:00:00,121.054,14,2
2016-08-31 15:00:00,122.879,15,2
2016-08-31 16:00:00,120.57,16,2
2016-08-31 17:00:00,117.1,17,2
2016-08-31 18:00:00,98.9515,18,2
2016-08-31 19:00:00,86.319,19,2
2016-08-31 20:00:00,78.0575,20,2
2016-08-31 21:00:00,70.464,21,2
2016-08-31 22:00:00,69.668,22,2
2016-08-31 23:00:00,64.7385,23,2
2016-09-01 00:00:00,56.7953,0,3
2016-09-01 01:00:00,54.1108,1,3
2016-09-01 02:00:00,52.178,2,3
2016-09-01 03:00:00,52.837,3,3
2016-09-01 04:00:00,50.11600000000001,4,3
2016-09-01 05:00:00,51.26,5,3
2016-09-01 06:00:00,55.276,6,3
2016-09-01 07:00:00,66.3615,7,3
2016-09-01 08:00:00,73.997,8,3
2016-09-01 09:00:00,84.835,9,3
2016-09-01 10:00:00,101.942,10,3
2016-09-01 11:00:00,112.159,11,3
2016-09-01 12:00:00,114.928,12,3
2016-09-01 13:00:00,115.061,13,3
2016-09-01 14:00:00,117.62,14,3
2016-09-01 15:00:00,120.125,15,3
2016-09-01 16:00:00,121.154,16,3
2016-09-01 17:00:00,115.106,17,3
2016-09-01 18:00:00,99.839,18,3
2016-09-01 19:00:00,87.2385,19,3
2016-09-01 20:00:00,72.622,20,3
2016-09-01 21:00:00,65.4785,21,3
2016-09-01 22:00:00,61.162,22,3
2016-09-01 23:00:00,59.971,23,3
2016-09-02 00:00:00,55.5005,0,4
2016-09-02 01:00:00,56.9495,1,4
2016-09-02 02:00:00,56.1835,2,4
2016-09-02 03:00:00,51.919,3,4
2016-09-02 04:00:00,52.45,4,4
2016-09-02 05:00:00,53.0235,5,4
2016-09-02 06:00:00,58.339,6,4
2016-09-02 07:00:00,67.066,7,4
2016-09-02 08:00:00,72.34,8,4
2016-09-02 09:00:00,88.0145,9,4
2016-09-02 10:00:00,103.084,10,4
2016-09-02 11:00:00,111.823,11,4
2016-09-02 12:00:00,115.314,12,4
2016-09-02 13:00:00,121.383,13,4
2016-09-02 14:00:00,121.282,14,4
2016-09-02 15:00:00,121.706,15,4
2016-09-02 16:00:00,121.481,16,4
2016-09-02 17:00:00,111.175,17,4
2016-09-02 18:00:00,96.8075,18,4
2016-09-02 19:00:00,85.068,19,4
2016-09-02 20:00:00,77.013,20,4
2016-09-02 21:00:00,62.58,21,4
2016-09-02 22:00:00,64.171,22,4
2016-09-02 23:00:00,57.701,23,4
2016-09-03 00:00:00,55.2713,0,5
2016-09-03 01:00:00,53.9235,1,5
2016-09-03 02:00:00,51.2665,2,5
2016-09-03 03:00:00,50.2465,3,5
2016-09-03 04:00:00,49.1715,4,5
2016-09-03 05:00:00,49.598,5,5
2016-09-03 06:00:00,48.581,6,5
2016-09-03 07:00:00,49.202,7,5
2016-09-03 08:00:00,49.456,8,5
2016-09-03 09:00:00,50.4385,9,5
2016-09-03 10:00:00,51.1465,10,5
2016-09-03 11:00:00,52.458,11,5
2016-09-03 12:00:00,59.4875,12,5
2016-09-03 13:00:00,62.328,13,5
2016-09-03 14:00:00,63.465,14,5
2016-09-03 15:00:00,60.7155,15,5
2016-09-03 16:00:00,64.4895,16,5
2016-09-03 17:00:00,61.374,17,5
2016-09-03 18:00:00,62.0065,18,5
2016-09-03 19:00:00,65.3275,19,5
2016-09-03 20:00:00,63.287,20,5
2016-09-03 21:00:00,57.3475,21,5
2016-09-03 22:00:00,59.5595,22,5
2016-09-03 23:00:00,56.7905,23,5
2016-09-04 00:00:00,55.9803,0,6
2016-09-04 01:00:00,57.5968,1,6
2016-09-04 02:00:00,53.9545,2,6
2016-09-04 03:00:00,54.5555,3,6
2016-09-04 04:00:00,53.254,4,6
2016-09-04 05:00:00,51.003,5,6
2016-09-04 06:00:00,50.997,6,6
2016-09-04 07:00:00,50.6005,7,6
2016-09-04 08:00:00,50.289,8,6
2016-09-04 09:00:00,51.0145,9,6
2016-09-04 10:00:00,51.211000000000006,10,6
2016-09-04 11:00:00,55.039,11,6
2016-09-04 12:00:00,57.4835,12,6
2016-09-04 13:00:00,60.632,13,6
2016-09-04 14:00:00,59.672,14,6
2016-09-04 15:00:00,58.942,15,6
2016-09-04 16:00:00,60.8305,16,6
2016-09-04 17:00:00,58.623000000000005,17,6
2016-09-04 18:00:00,63.0155,18,6
2016-09-04 19:00:00,62.2315,19,6
2016-09-04 20:00:00,59.9265,20,6
2016-09-04 21:00:00,56.6495,21,6
2016-09-04 22:00:00,54.997,22,6
2016-09-04 23:00:00,53.5195,23,6
2016-09-05 00:00:00,55.459,0,0
2016-09-05 01:00:00,53.9675,1,0
2016-09-05 02:00:00,52.173,2,0
2016-09-05 03:00:00,52.612,3,0
2016-09-05 04:00:00,51.8655,4,0
2016-09-05 05:00:00,52.4025,5,0
2016-09-05 06:00:00,56.566,6,0
2016-09-05 07:00:00,68.7865,7,0
2016-09-05 08:00:00,74.196,8,0
2016-09-05 09:00:00,84.9905,9,0
2016-09-05 10:00:00,100.069,10,0
2016-09-05 11:00:00,113.758,11,0
2016-09-05 12:00:00,117.007,12,0
2016-09-05 13:00:00,118.033,13,0
2016-09-05 14:00:00,119.398,14,0
2016-09-05 15:00:00,119.16,15,0
2016-09-05 16:00:00,119.66,16,0
2016-09-05 17:00:00,116.522,17,0
2016-09-05 18:00:00,98.0855,18,0
2016-09-05 19:00:00,87.7035,19,0
2016-09-05 20:00:00,72.41199999999999,20,0
2016-09-05 21:00:00,63.8515,21,0
2016-09-05 22:00:00,61.637,22,0
2016-09-05 23:00:00,58.2245,23,0
2016-09-06 00:00:00,55.6595,0,1
2016-09-06 01:00:00,56.308,1,1
2016-09-06 02:00:00,53.482,2,1
2016-09-06 03:00:00,52.301,3,1
2016-09-06 04:00:00,49.797,4,1
2016-09-06 05:00:00,52.3965,5,1
2016-09-06 06:00:00,55.8535,6,1
2016-09-06 07:00:00,70.293,7,1
2016-09-06 08:00:00,75.734,8,1
2016-09-06 09:00:00,94.893,9,1
2016-09-06 10:00:00,112.511,10,1
2016-09-06 11:00:00,123.457,11,1
2016-09-06 12:00:00,129.672,12,1
2016-09-06 13:00:00,130.035,13,1
2016-09-06 14:00:00,128.525,14,1
2016-09-06 15:00:00,128.566,15,1
2016-09-06 16:00:00,126.99,16,1
2016-09-06 17:00:00,121.894,17,1
2016-09-06 18:00:00,100.637,18,1
2016-09-06 19:00:00,88.2985,19,1
2016-09-06 20:00:00,73.5215,20,1
2016-09-06 21:00:00,63.8105,21,1
2016-09-06 22:00:00,62.008,22,1
2016-09-06 23:00:00,57.119,23,1
2016-09-07 00:00:00,55.1987,0,2
2016-09-07 01:00:00,54.3245,1,2
2016-09-07 02:00:00,53.029,2,2
2016-09-07 03:00:00,51.6525,3,2
2016-09-07 04:00:00,49.096,4,2
2016-09-07 05:00:00,51.654,5,2
2016-09-07 06:00:00,55.5135,6,2
2016-09-07 07:00:00,71.016,7,2
2016-09-07 08:00:00,73.8145,8,2
2016-09-07 09:00:00,90.2715,9,2
2016-09-07 10:00:00,107.674,10,2
2016-09-07 11:00:00,125.115,11,2
2016-09-07 12:00:00,130.52700000000002,12,2
2016-09-07 13:00:00,128.01,13,2
2016-09-07 14:00:00,133.201,14,2
2016-09-07 15:00:00,131.13299999999998,15,2
2016-09-07 16:00:00,132.875,16,2
2016-09-07 17:00:00,132.446,17,2
2016-09-07 18:00:00,101.113,18,2
2016-09-07 19:00:00,88.7305,19,2
2016-09-07 20:00:00,74.533,20,2
2016-09-07 21:00:00,61.7775,21,2
2016-09-07 22:00:00,59.7675,22,2
2016-09-07 23:00:00,56.8575,23,2
2016-09-08 00:00:00,54.0425,0,3
2016-09-08 01:00:00,54.9287,1,3
2016-09-08 02:00:00,51.379,2,3
2016-09-08 03:00:00,53.799,3,3
2016-09-08 04:00:00,50.424,4,3
2016-09-08 05:00:00,51.033,5,3
2016-09-08 06:00:00,57.2265,6,3
2016-09-08 07:00:00,66.258,7,3
2016-09-08 08:00:00,74.7265,8,3
2016-09-08 09:00:00,89.95700000000001,9,3
2016-09-08 10:00:00,110.83,10,3
2016-09-08 11:00:00,120.387,11,3
2016-09-08 12:00:00,122.544,12,3
2016-09-08 13:00:00,130.575,13,3
2016-09-08 14:00:00,128.591,14,3
2016-09-08 15:00:00,135.938,15,3
2016-09-08 16:00:00,136.565,16,3
2016-09-08 17:00:00,118.166,17,3
2016-09-08 18:00:00,102.079,18,3
2016-09-08 19:00:00,89.814,19,3
2016-09-08 20:00:00,74.4045,20,3
2016-09-08 21:00:00,67.20100000000001,21,3
2016-09-08 22:00:00,61.631,22,3
2016-09-08 23:00:00,55.9355,23,3
2016-09-09 00:00:00,55.6745,0,4
2016-09-09 01:00:00,52.8553,1,4
2016-09-09 02:00:00,51.3225,2,4
2016-09-09 03:00:00,50.629,3,4
2016-09-09 04:00:00,49.289,4,4
2016-09-09 05:00:00,52.494,5,4
2016-09-09 06:00:00,56.1445,6,4
2016-09-09 07:00:00,66.7185,7,4
2016-09-09 08:00:00,74.67,8,4
2016-09-09 09:00:00,93.0235,9,4
2016-09-09 10:00:00,112.353,10,4
2016-09-09 11:00:00,118.301,11,4
2016-09-09 12:00:00,124.6,12,4
2016-09-09 13:00:00,126.457,13,4
2016-09-09 14:00:00,126.086,14,4
2016-09-09 15:00:00,126.942,15,4
2016-09-09 16:00:00,127.311,16,4
2016-09-09 17:00:00,117.567,17,4
2016-09-09 18:00:00,104.363,18,4
2016-09-09 19:00:00,86.75200000000001,19,4
2016-09-09 20:00:00,76.3245,20,4
2016-09-09 21:00:00,68.023,21,4
2016-09-09 22:00:00,62.959,22,4
2016-09-09 23:00:00,59.182,23,4
2016-09-10 00:00:00,56.6243,0,5
2016-09-10 01:00:00,57.8407,1,5
2016-09-10 02:00:00,51.334,2,5
2016-09-10 03:00:00,54.158,3,5
2016-09-10 04:00:00,52.9825,4,5
2016-09-10 05:00:00,51.713,5,5
2016-09-10 06:00:00,55.244,6,5
2016-09-10 07:00:00,56.412,7,5
2016-09-10 08:00:00,63.459,8,5
2016-09-10 09:00:00,64.803,9,5
2016-09-10 10:00:00,64.6465,10,5
2016-09-10 11:00:00,70.373,11,5
2016-09-10 12:00:00,75.78699999999999,12,5
2016-09-10 13:00:00,82.705,13,5
2016-09-10 14:00:00,83.9435,14,5
2016-09-10 15:00:00,83.494,15,5
2016-09-10 16:00:00,81.375,16,5
2016-09-10 17:00:00,71.955,17,5
2016-09-10 18:00:00,64.70100000000001,18,5
2016-09-10 19:00:00,63.5355,19,5
2016-09-10 20:00:00,62.0155,20,5
2016-09-10 21:00:00,61.4375,21,5
2016-09-10 22:00:00,57.5215,22,5
2016-09-10 23:00:00,55.666,23,5
2016-09-11 00:00:00,55.0197,0,6
2016-09-11 01:00:00,54.3542,1,6
2016-09-11 02:00:00,52.1035,2,6
2016-09-11 03:00:00,52.2715,3,6
2016-09-11 04:00:00,50.799,4,6
2016-09-11 05:00:00,50.947,5,6
2016-09-11 06:00:00,51.0585,6,6
2016-09-11 07:00:00,50.1955,7,6
2016-09-11 08:00:00,51.9395,8,6
2016-09-11 09:00:00,51.326,9,6
2016-09-11 10:00:00,52.9415,10,6
2016-09-11 11:00:00,56.002,11,6
2016-09-11 12:00:00,55.949,12,6
2016-09-11 13:00:00,57.246,13,6
2016-09-11 14:00:00,59.8695,14,6
2016-09-11 15:00:00,61.16,15,6
2016-09-11 16:00:00,60.76,16,6
2016-09-11 17:00:00,57.8025,17,6
2016-09-11 18:00:00,59.371,18,6
2016-09-11 19:00:00,59.373000000000005,19,6
2016-09-11 20:00:00,58.5765,20,6
2016-09-11 21:00:00,57.0915,21,6
2016-09-11 22:00:00,55.537,22,6
2016-09-11 23:00:00,54.215,23,6
2016-09-12 00:00:00,54.3705,0,0
2016-09-12 01:00:00,54.812,1,0
2016-09-12 02:00:00,54.398,2,0
2016-09-12 03:00:00,53.9905,3,0
2016-09-12 04:00:00,52.412,4,0
2016-09-12 05:00:00,53.3245,5,0
2016-09-12 06:00:00,60.412,6,0
2016-09-12 07:00:00,74.291,7,0
2016-09-12 08:00:00,77.83,8,0
2016-09-12 09:00:00,86.53299999999999,9,0
2016-09-12 10:00:00,99.137,10,0
2016-09-12 11:00:00,112.916,11,0
2016-09-12 12:00:00,116.787,12,0
2016-09-12 13:00:00,116.647,13,0
2016-09-12 14:00:00,125.859,14,0
2016-09-12 15:00:00,119.871,15,0
2016-09-12 16:00:00,119.194,16,0
2016-09-12 17:00:00,119.537,17,0
2016-09-12 18:00:00,104.858,18,0
2016-09-12 19:00:00,82.92,19,0
2016-09-12 20:00:00,69.3125,20,0
2016-09-12 21:00:00,59.914,21,0
2016-09-12 22:00:00,57.156000000000006,22,0
2016-09-12 23:00:00,54.416,23,0
2016-09-13 00:00:00,55.4447,0,1
2016-09-13 01:00:00,53.0335,1,1
2016-09-13 02:00:00,51.6425,2,1
2016-09-13 03:00:00,53.449,3,1
2016-09-13 04:00:00,48.8125,4,1
2016-09-13 05:00:00,50.3715,5,1
2016-09-13 06:00:00,55.7245,6,1
2016-09-13 07:00:00,70.6915,7,1
2016-09-13 08:00:00,75.232,8,1
2016-09-13 09:00:00,88.516,9,1
2016-09-13 10:00:00,103.818,10,1
2016-09-13 11:00:00,113.319,11,1
2016-09-13 12:00:00,118.106,12,1
2016-09-13 13:00:00,124.272,13,1
2016-09-13 14:00:00,125.59,14,1
2016-09-13 15:00:00,128.762,15,1
2016-09-13 16:00:00,129.33,16,1
2016-09-13 17:00:00,120.803,17,1
2016-09-13 18:00:00,100.658,18,1
2016-09-13 19:00:00,87.5745,19,1
2016-09-13 20:00:00,75.41199999999999,20,1
2016-09-13 21:00:00,61.613,21,1
2016-09-13 22:00:00,62.336000000000006,22,1
2016-09-13 23:00:00,58.4355,23,1
2016-09-14 00:00:00,56.7117,0,2
2016-09-14 01:00:00,54.9977,1,2
2016-09-14 02:00:00,53.8025,2,2
2016-09-14 03:00:00,53.7365,3,2
2016-09-14 04:00:00,52.654,4,2
2016-09-14 05:00:00,53.9415,5,2
2016-09-14 06:00:00,57.3085,6,2
2016-09-14 07:00:00,73.8225,7,2
2016-09-14 08:00:00,75.1955,8,2
2016-09-14 09:00:00,90.1755,9,2
2016-09-14 10:00:00,107.17,10,2
2016-09-14 11:00:00,116.008,11,2
2016-09-14 12:00:00,124.529,12,2
2016-09-14 13:00:00,129.738,13,2
2016-09-14 14:00:00,126.222,14,2
2016-09-14 15:00:00,128.703,15,2
2016-09-14 16:00:00,124.057,16,2
2016-09-14 17:00:00,118.539,17,2
2016-09-14 18:00:00,98.33,18,2
2016-09-14 19:00:00,86.70299999999999,19,2
2016-09-14 20:00:00,81.328,20,2
2016-09-14 21:00:00,65.4455,21,2
2016-09-14 22:00:00,60.4865,22,2
2016-09-14 23:00:00,59.359,23,2
2016-09-15 00:00:00,55.4975,0,3
2016-09-15 01:00:00,56.935,1,3
2016-09-15 02:00:00,53.33,2,3
2016-09-15 03:00:00,53.879,3,3
2016-09-15 04:00:00,56.467,4,3
2016-09-15 05:00:00,53.7925,5,3
2016-09-15 06:00:00,61.7855,6,3
2016-09-15 07:00:00,69.6855,7,3
2016-09-15 08:00:00,77.28699999999999,8,3
2016-09-15 09:00:00,89.42,9,3
2016-09-15 10:00:00,106.576,10,3
2016-09-15 11:00:00,116.672,11,3
2016-09-15 12:00:00,121.414,12,3
2016-09-15 13:00:00,121.781,13,3
2016-09-15 14:00:00,124.451,14,3
2016-09-15 15:00:00,123.608,15,3
2016-09-15 16:00:00,129.60299999999998,16,3
2016-09-15 17:00:00,124.175,17,3
2016-09-15 18:00:00,104.422,18,3
2016-09-15 19:00:00,87.54899999999999,19,3
2016-09-15 20:00:00,72.3555,20,3
2016-09-15 21:00:00,64.043,21,3
2016-09-15 22:00:00,57.2185,22,3
2016-09-15 23:00:00,57.541,23,3
2016-09-16 00:00:00,54.3255,0,4
2016-09-16 01:00:00,54.758,1,4
2016-09-16 02:00:00,50.494,2,4
2016-09-16 03:00:00,50.699,3,4
2016-09-16 04:00:00,48.5745,4,4
2016-09-16 05:00:00,52.244,5,4
2016-09-16 06:00:00,57.4705,6,4
2016-09-16 07:00:00,69.9515,7,4
2016-09-16 08:00:00,80.4685,8,4
2016-09-16 09:00:00,84.928,9,4
2016-09-16 10:00:00,104.174,10,4
2016-09-16 11:00:00,118.609,11,4
2016-09-16 12:00:00,121.808,12,4
2016-09-16 13:00:00,121.489,13,4
2016-09-16 14:00:00,120.519,14,4
2016-09-16 15:00:00,120.812,15,4
2016-09-16 16:00:00,116.763,16,4
2016-09-16 17:00:00,107.512,17,4
2016-09-16 18:00:00,98.279,18,4
2016-09-16 19:00:00,84.4065,19,4
2016-09-16 20:00:00,76.2755,20,4
2016-09-16 21:00:00,61.9825,21,4
2016-09-16 22:00:00,56.197,22,4
2016-09-16 23:00:00,55.506,23,4
2016-09-17 00:00:00,52.5052,0,5
2016-09-17 01:00:00,53.437,1,5
2016-09-17 02:00:00,51.707,2,5
2016-09-17 03:00:00,51.7775,3,5
2016-09-17 04:00:00,50.285,4,5
2016-09-17 05:00:00,49.662,5,5
2016-09-17 06:00:00,50.0275,6,5
2016-09-17 07:00:00,49.3965,7,5
2016-09-17 08:00:00,49.869,8,5
2016-09-17 09:00:00,52.6525,9,5
2016-09-17 10:00:00,53.83,10,5
2016-09-17 11:00:00,54.127,11,5
2016-09-17 12:00:00,56.912,12,5
2016-09-17 13:00:00,57.873000000000005,13,5
2016-09-17 14:00:00,59.7405,14,5
2016-09-17 15:00:00,60.406000000000006,15,5
2016-09-17 16:00:00,59.9705,16,5
2016-09-17 17:00:00,62.225,17,5
2016-09-17 18:00:00,61.7205,18,5
2016-09-17 19:00:00,59.1545,19,5
2016-09-17 20:00:00,57.2535,20,5
2016-09-17 21:00:00,53.7815,21,5
2016-09-17 22:00:00,53.955,22,5
2016-09-17 23:00:00,53.258,23,5
2016-09-18 00:00:00,50.4908,0,6
2016-09-18 01:00:00,50.1757,1,6
2016-09-18 02:00:00,50.242,2,6
2016-09-18 03:00:00,49.586000000000006,3,6
2016-09-18 04:00:00,48.051,4,6
2016-09-18 05:00:00,47.293,5,6
2016-09-18 06:00:00,48.109,6,6
2016-09-18 07:00:00,48.9885,7,6
2016-09-18 08:00:00,49.3945,8,6
2016-09-18 09:00:00,50.7345,9,6
2016-09-18 10:00:00,51.5665,10,6
2016-09-18 11:00:00,54.8785,11,6
2016-09-18 12:00:00,56.5235,12,6
2016-09-18 13:00:00,59.3595,13,6
2016-09-18 14:00:00,60.914,14,6
2016-09-18 15:00:00,57.8165,15,6
2016-09-18 16:00:00,58.008,16,6
2016-09-18 17:00:00,58.8355,17,6
2016-09-18 18:00:00,57.4805,18,6
2016-09-18 19:00:00,58.6175,19,6
2016-09-18 20:00:00,57.1365,20,6
2016-09-18 21:00:00,53.137,21,6
2016-09-18 22:00:00,52.242,22,6
2016-09-18 23:00:00,52.254,23,6
2016-09-19 00:00:00,52.7615,0,0
2016-09-19 01:00:00,49.5377,1,0
2016-09-19 02:00:00,48.797,2,0
2016-09-19 03:00:00,47.8985,3,0
2016-09-19 04:00:00,47.5585,4,0
2016-09-19 05:00:00,48.16,5,0
2016-09-19 06:00:00,54.9805,6,0
2016-09-19 07:00:00,68.418,7,0
2016-09-19 08:00:00,75.50399999999999,8,0
2016-09-19 09:00:00,86.133,9,0
2016-09-19 10:00:00,99.027,10,0
2016-09-19 11:00:00,116.383,11,0
2016-09-19 12:00:00,116.16,12,0
2016-09-19 13:00:00,117.829,13,0
2016-09-19 14:00:00,119.652,14,0
2016-09-19 15:00:00,119.023,15,0
2016-09-19 16:00:00,117.45,16,0
2016-09-19 17:00:00,110.957,17,0
2016-09-19 18:00:00,97.117,18,0
2016-09-19 19:00:00,84.051,19,0
2016-09-19 20:00:00,69.5035,20,0
2016-09-19 21:00:00,61.512,21,0
2016-09-19 22:00:00,59.8985,22,0
2016-09-19 23:00:00,58.2345,23,0
2016-09-20 00:00:00,54.6833,0,1
2016-09-20 01:00:00,55.0093,1,1
2016-09-20 02:00:00,53.773,2,1
2016-09-20 03:00:00,51.594,3,1
2016-09-20 04:00:00,50.504,4,1
2016-09-20 05:00:00,50.9725,5,1
2016-09-20 06:00:00,57.8905,6,1
2016-09-20 07:00:00,73.1915,7,1
2016-09-20 08:00:00,74.3985,8,1
2016-09-20 09:00:00,90.7345,9,1
2016-09-20 10:00:00,103.445,10,1
2016-09-20 11:00:00,113.656,11,1
2016-09-20 12:00:00,114.168,12,1
2016-09-20 13:00:00,114.266,13,1
2016-09-20 14:00:00,120.082,14,1
2016-09-20 15:00:00,117.391,15,1
2016-09-20 16:00:00,117.809,16,1
2016-09-20 17:00:00,113.507,17,1
2016-09-20 18:00:00,94.137,18,1
2016-09-20 19:00:00,83.1875,19,1
2016-09-20 20:00:00,67.9685,20,1
2016-09-20 21:00:00,60.8245,21,1
2016-09-20 22:00:00,59.5,22,1
2016-09-20 23:00:00,57.2305,23,1
2016-09-21 00:00:00,54.0428,0,2
2016-09-21 01:00:00,52.776,1,2
2016-09-21 02:00:00,51.051,2,2
2016-09-21 03:00:00,50.234,3,2
2016-09-21 04:00:00,49.6915,4,2
2016-09-21 05:00:00,49.5275,5,2
2016-09-21 06:00:00,55.0665,6,2
2016-09-21 07:00:00,69.168,7,2
2016-09-21 08:00:00,75.8435,8,2
2016-09-21 09:00:00,89.5625,9,2
2016-09-21 10:00:00,108.906,10,2
2016-09-21 11:00:00,118.656,11,2
2016-09-21 12:00:00,123.058,12,2
2016-09-21 13:00:00,123.239,13,2
2016-09-21 14:00:00,123.242,14,2
2016-09-21 15:00:00,122.133,15,2
2016-09-21 16:00:00,120.519,16,2
2016-09-21 17:00:00,122.008,17,2
2016-09-21 18:00:00,102.773,18,2
2016-09-21 19:00:00,87.0155,19,2
2016-09-21 20:00:00,73.8125,20,2
2016-09-21 21:00:00,67.113,21,2
2016-09-21 22:00:00,62.0275,22,2
2016-09-21 23:00:00,58.7265,23,2
2016-09-22 00:00:00,55.6277,0,3
2016-09-22 01:00:00,52.6068,1,3
2016-09-22 02:00:00,51.035,2,3
2016-09-22 03:00:00,49.461000000000006,3,3
2016-09-22 04:00:00,49.1605,4,3
2016-09-22 05:00:00,49.6875,5,3
2016-09-22 06:00:00,56.082,6,3
2016-09-22 07:00:00,72.4255,7,3
2016-09-22 08:00:00,74.453,8,3
2016-09-22 09:00:00,93.2695,9,3
2016-09-22 10:00:00,109.336,10,3
2016-09-22 11:00:00,119.868,11,3
2016-09-22 12:00:00,120.062,12,3
2016-09-22 13:00:00,125.222,13,3
2016-09-22 14:00:00,123.504,14,3
2016-09-22 15:00:00,120.903,15,3
2016-09-22 16:00:00,120.984,16,3
2016-09-22 17:00:00,122.153,17,3
2016-09-22 18:00:00,104.539,18,3
2016-09-22 19:00:00,91.9375,19,3
2016-09-22 20:00:00,81.0585,20,3
2016-09-22 21:00:00,72.3675,21,3
2016-09-22 22:00:00,67.0505,22,3
2016-09-22 23:00:00,62.0235,23,3
2016-09-23 00:00:00,55.7057,0,4
2016-09-23 01:00:00,56.1418,1,4
2016-09-23 02:00:00,55.211000000000006,2,4
2016-09-23 03:00:00,51.922,3,4
2016-09-23 04:00:00,51.5975,4,4
2016-09-23 05:00:00,50.8595,5,4
2016-09-23 06:00:00,58.113,6,4
2016-09-23 07:00:00,68.539,7,4
2016-09-23 08:00:00,74.457,8,4
2016-09-23 09:00:00,87.2855,9,4
2016-09-23 10:00:00,105.852,10,4
2016-09-23 11:00:00,110.34,11,4
2016-09-23 12:00:00,114.632,12,4
2016-09-23 13:00:00,115.625,13,4
2016-09-23 14:00:00,120.426,14,4
2016-09-23 15:00:00,124.125,15,4
2016-09-23 16:00:00,118.992,16,4
2016-09-23 17:00:00,115.328,17,4
2016-09-23 18:00:00,101.227,18,4
2016-09-23 19:00:00,83.41,19,4
2016-09-23 20:00:00,77.5235,20,4
2016-09-23 21:00:00,70.082,21,4
2016-09-23 22:00:00,59.91,22,4
2016-09-23 23:00:00,57.5705,23,4
2016-09-24 00:00:00,54.6822,0,5
2016-09-24 01:00:00,54.0638,1,5
2016-09-24 02:00:00,53.289,2,5
2016-09-24 03:00:00,52.6525,3,5
2016-09-24 04:00:00,51.3475,4,5
2016-09-24 05:00:00,50.9845,5,5
2016-09-24 06:00:00,51.711000000000006,6,5
2016-09-24 07:00:00,51.7305,7,5
2016-09-24 08:00:00,58.3125,8,5
2016-09-24 09:00:00,66.6795,9,5
2016-09-24 10:00:00,70.6525,10,5
2016-09-24 11:00:00,77.992,11,5
2016-09-24 12:00:00,79.1095,12,5
2016-09-24 13:00:00,84.6835,13,5
2016-09-24 14:00:00,86.6485,14,5
2016-09-24 15:00:00,78.5195,15,5
2016-09-24 16:00:00,77.9725,16,5
2016-09-24 17:00:00,72.258,17,5
2016-09-24 18:00:00,63.8595,18,5
2016-09-24 19:00:00,66.16,19,5
2016-09-24 20:00:00,64.00399999999999,20,5
2016-09-24 21:00:00,57.0,21,5
2016-09-24 22:00:00,58.1055,22,5
2016-09-24 23:00:00,56.754,23,5
2016-09-25 00:00:00,55.8763,0,6
2016-09-25 01:00:00,54.7318,1,6
2016-09-25 02:00:00,52.984,2,6
2016-09-25 03:00:00,56.301,3,6
2016-09-25 04:00:00,53.3515,4,6
2016-09-25 05:00:00,52.8165,5,6
2016-09-25 06:00:00,53.375,6,6
2016-09-25 07:00:00,53.117,7,6
2016-09-25 08:00:00,55.68,8,6
2016-09-25 09:00:00,55.66,9,6
2016-09-25 10:00:00,64.672,10,6
2016-09-25 11:00:00,70.988,11,6
2016-09-25 12:00:00,78.633,12,6
2016-09-25 13:00:00,77.74600000000001,13,6
2016-09-25 14:00:00,74.703,14,6
2016-09-25 15:00:00,75.2345,15,6
2016-09-25 16:00:00,71.41,16,6
2016-09-25 17:00:00,64.934,17,6
2016-09-25 18:00:00,66.0505,18,6
2016-09-25 19:00:00,63.215,19,6
2016-09-25 20:00:00,60.832,20,6
2016-09-25 21:00:00,60.2305,21,6
2016-09-25 22:00:00,59.1365,22,6
2016-09-25 23:00:00,58.6405,23,6
2016-09-26 00:00:00,54.0143,0,0
2016-09-26 01:00:00,56.4845,1,0
2016-09-26 02:00:00,55.785,2,0
2016-09-26 03:00:00,55.0195,3,0
2016-09-26 04:00:00,56.2035,4,0
2016-09-26 05:00:00,55.2965,5,0
2016-09-26 06:00:00,60.75,6,0
2016-09-26 07:00:00,68.098,7,0
2016-09-26 08:00:00,75.1405,8,0
2016-09-26 09:00:00,85.62899999999999,9,0
2016-09-26 10:00:00,101.238,10,0
2016-09-26 11:00:00,120.609,11,0
2016-09-26 12:00:00,122.575,12,0
2016-09-26 13:00:00,124.621,13,0
2016-09-26 14:00:00,127.102,14,0
2016-09-26 15:00:00,129.363,15,0
2016-09-26 16:00:00,126.047,16,0
2016-09-26 17:00:00,113.332,17,0
2016-09-26 18:00:00,101.614,18,0
2016-09-26 19:00:00,83.20700000000001,19,0
2016-09-26 20:00:00,78.957,20,0
2016-09-26 21:00:00,72.1055,21,0
2016-09-26 22:00:00,61.707,22,0
2016-09-26 23:00:00,55.367,23,0
2016-09-27 00:00:00,51.4308,0,1
2016-09-27 01:00:00,50.3428,1,1
2016-09-27 02:00:00,50.328,2,1
2016-09-27 03:00:00,47.961000000000006,3,1
2016-09-27 04:00:00,46.8395,4,1
2016-09-27 05:00:00,47.129,5,1
2016-09-27 06:00:00,54.4025,6,1
2016-09-27 07:00:00,67.9375,7,1
2016-09-27 08:00:00,76.031,8,1
2016-09-27 09:00:00,85.602,9,1
2016-09-27 10:00:00,102.977,10,1
2016-09-27 11:00:00,116.535,11,1
2016-09-27 12:00:00,123.594,12,1
2016-09-27 13:00:00,124.238,13,1
2016-09-27 14:00:00,129.082,14,1
2016-09-27 15:00:00,127.614,15,1
2016-09-27 16:00:00,128.371,16,1
2016-09-27 17:00:00,121.761,17,1
2016-09-27 18:00:00,107.176,18,1
2016-09-27 19:00:00,88.949,19,1
2016-09-27 20:00:00,78.2345,20,1
2016-09-27 21:00:00,68.8555,21,1
2016-09-27 22:00:00,56.5545,22,1
2016-09-27 23:00:00,53.766000000000005,23,1
2016-09-28 00:00:00,54.3657,0,2
2016-09-28 01:00:00,51.0615,1,2
2016-09-28 02:00:00,50.234,2,2
2016-09-28 03:00:00,48.3675,3,2
2016-09-28 04:00:00,50.4685,4,2
2016-09-28 05:00:00,49.375,5,2
2016-09-28 06:00:00,56.0155,6,2
2016-09-28 07:00:00,68.4105,7,2
2016-09-28 08:00:00,77.2575,8,2
2016-09-28 09:00:00,85.0,9,2
2016-09-28 10:00:00,100.243,10,2
2016-09-28 11:00:00,114.433,11,2
2016-09-28 12:00:00,116.621,12,2
2016-09-28 13:00:00,126.336,13,2
2016-09-28 14:00:00,126.293,14,2
2016-09-28 15:00:00,123.375,15,2
2016-09-28 16:00:00,118.715,16,2
2016-09-28 17:00:00,114.945,17,2
2016-09-28 18:00:00,99.3285,18,2
2016-09-28 19:00:00,86.2695,19,2
2016-09-28 20:00:00,78.7655,20,2
2016-09-28 21:00:00,65.7655,21,2
2016-09-28 22:00:00,59.5,22,2
2016-09-28 23:00:00,57.762,23,2
2016-09-29 00:00:00,55.3553,0,3
2016-09-29 01:00:00,55.9492,1,3
2016-09-29 02:00:00,55.1405,2,3
2016-09-29 03:00:00,52.711000000000006,3,3
2016-09-29 04:00:00,52.668,4,3
2016-09-29 05:00:00,53.5315,5,3
2016-09-29 06:00:00,61.3435,6,3
2016-09-29 07:00:00,73.75,7,3
2016-09-29 08:00:00,76.3635,8,3
2016-09-29 09:00:00,86.2615,9,3
2016-09-29 10:00:00,103.352,10,3
2016-09-29 11:00:00,124.453,11,3
2016-09-29 12:00:00,127.579,12,3
2016-09-29 13:00:00,128.476,13,3
2016-09-29 14:00:00,126.203,14,3
2016-09-29 15:00:00,126.769,15,3
2016-09-29 16:00:00,120.133,16,3
2016-09-29 17:00:00,115.465,17,3
2016-09-29 18:00:00,104.297,18,3
2016-09-29 19:00:00,91.168,19,3
2016-09-29 20:00:00,83.82799999999999,20,3
2016-09-29 21:00:00,72.3285,21,3
2016-09-29 22:00:00,64.406,22,3
2016-09-29 23:00:00,58.297,23,3
2016-09-30 00:00:00,52.8385,0,4
2016-09-30 01:00:00,53.1487,1,4
2016-09-30 02:00:00,51.902,2,4
2016-09-30 03:00:00,51.1095,3,4
2016-09-30 04:00:00,50.883,4,4
2016-09-30 05:00:00,51.586000000000006,5,4
2016-09-30 06:00:00,54.992,6,4
2016-09-30 07:00:00,68.988,7,4
2016-09-30 08:00:00,79.418,8,4
2016-09-30 09:00:00,86.5745,9,4
2016-09-30 10:00:00,100.867,10,4
2016-09-30 11:00:00,117.594,11,4
2016-09-30 12:00:00,119.363,12,4
2016-09-30 13:00:00,121.269,13,4
2016-09-30 14:00:00,126.688,14,4
2016-09-30 15:00:00,125.406,15,4
2016-09-30 16:00:00,120.516,16,4
2016-09-30 17:00:00,108.008,17,4
2016-09-30 18:00:00,98.3085,18,4
2016-09-30 19:00:00,87.8945,19,4
2016-09-30 20:00:00,80.668,20,4
2016-09-30 21:00:00,67.758,21,4
2016-09-30 22:00:00,62.32,22,4
2016-09-30 23:00:00,54.9065,23,4
2016-10-01 00:00:00,51.983,0,5
2016-10-01 01:00:00,51.9048,1,5
2016-10-01 02:00:00,51.2655,2,5
2016-10-01 03:00:00,51.672,3,5
2016-10-01 04:00:00,50.793,4,5
2016-10-01 05:00:00,50.668,5,5
2016-10-01 06:00:00,49.3905,6,5
2016-10-01 07:00:00,52.664,7,5
2016-10-01 08:00:00,60.871,8,5
2016-10-01 09:00:00,61.621,9,5
2016-10-01 10:00:00,65.9415,10,5
2016-10-01 11:00:00,68.555,11,5
2016-10-01 12:00:00,71.6715,12,5
2016-10-01 13:00:00,73.93,13,5
2016-10-01 14:00:00,76.32,14,5
2016-10-01 15:00:00,79.1215,15,5
2016-10-01 16:00:00,74.0585,16,5
2016-10-01 17:00:00,70.285,17,5
2016-10-01 18:00:00,63.953,18,5
2016-10-01 19:00:00,67.8125,19,5
2016-10-01 20:00:00,59.6135,20,5
2016-10-01 21:00:00,55.824,21,5
2016-10-01 22:00:00,54.9105,22,5
2016-10-01 23:00:00,53.41,23,5
2016-10-02 00:00:00,56.7346,0,6
2016-10-02 01:00:00,51.7187,1,6
2016-10-02 02:00:00,51.4415,2,6
2016-10-02 03:00:00,51.3945,3,6
2016-10-02 04:00:00,50.59,4,6
2016-10-02 05:00:00,50.328,5,6
2016-10-02 06:00:00,51.4105,6,6
2016-10-02 07:00:00,50.8125,7,6
2016-10-02 08:00:00,55.742,8,6
2016-10-02 09:00:00,57.996,9,6
2016-10-02 10:00:00,61.785,10,6
2016-10-02 11:00:00,65.684,11,6
2016-10-02 12:00:00,67.402,12,6
2016-10-02 13:00:00,63.5665,13,6
2016-10-02 14:00:00,69.137,14,6
2016-10-02 15:00:00,68.945,15,6
2016-10-02 16:00:00,67.7385,16,6
2016-10-02 17:00:00,60.406000000000006,17,6
2016-10-02 18:00:00,56.641000000000005,18,6
2016-10-02 19:00:00,56.445,19,6
2016-10-02 20:00:00,53.4765,20,6
2016-10-02 21:00:00,53.5315,21,6
2016-10-02 22:00:00,52.121,22,6
2016-10-02 23:00:00,52.5195,23,6
2016-10-03 00:00:00,62.2559,0,0
2016-10-03 01:00:00,61.4419,1,0
2016-10-03 02:00:00,60.8174,2,0
2016-10-03 03:00:00,60.7269,3,0
2016-10-03 04:00:00,60.5944,4,0
2016-10-03 05:00:00,60.8639,5,0
2016-10-03 06:00:00,66.1804,6,0
2016-10-03 07:00:00,77.9069,7,0
2016-10-03 08:00:00,86.7624,8,0
2016-10-03 09:00:00,96.6649,9,0
2016-10-03 10:00:00,108.594,10,0
2016-10-03 11:00:00,115.133,11,0
2016-10-03 12:00:00,117.524,12,0
2016-10-03 13:00:00,119.821,13,0
2016-10-03 14:00:00,120.348,14,0
2016-10-03 15:00:00,120.715,15,0
2016-10-03 16:00:00,119.45,16,0
2016-10-03 17:00:00,116.227,17,0
2016-10-03 18:00:00,100.672,18,0
2016-10-03 19:00:00,86.4189,19,0
2016-10-03 20:00:00,79.4459,20,0
2016-10-03 21:00:00,69.6569,21,0
2016-10-03 22:00:00,65.8834,22,0
2016-10-03 23:00:00,64.4419,23,0
2016-10-04 00:00:00,59.4951,0,1
2016-10-04 01:00:00,57.1969,1,1
2016-10-04 02:00:00,51.379,2,1
2016-10-04 03:00:00,52.246,3,1
2016-10-04 04:00:00,50.785,4,1
2016-10-04 05:00:00,51.387,5,1
2016-10-04 06:00:00,56.6795,6,1
2016-10-04 07:00:00,67.375,7,1
2016-10-04 08:00:00,74.961,8,1
2016-10-04 09:00:00,88.9765,9,1
2016-10-04 10:00:00,114.894,10,1
2016-10-04 11:00:00,130.062,11,1
2016-10-04 12:00:00,136.863,12,1
2016-10-04 13:00:00,139.981,13,1
2016-10-04 14:00:00,141.332,14,1
2016-10-04 15:00:00,136.24200000000002,15,1
2016-10-04 16:00:00,134.555,16,1
2016-10-04 17:00:00,127.844,17,1
2016-10-04 18:00:00,113.852,18,1
2016-10-04 19:00:00,99.0,19,1
2016-10-04 20:00:00,89.41,20,1
2016-10-04 21:00:00,74.2385,21,1
2016-10-04 22:00:00,65.3865,22,1
2016-10-04 23:00:00,58.301,23,1
2016-10-05 00:00:00,71.8597,0,2
2016-10-05 01:00:00,55.2007,1,2
2016-10-05 02:00:00,52.711000000000006,2,2
2016-10-05 03:00:00,52.496,3,2
2016-10-05 04:00:00,51.797,4,2
2016-10-05 05:00:00,52.992,5,2
2016-10-05 06:00:00,57.2265,6,2
2016-10-05 07:00:00,65.672,7,2
2016-10-05 08:00:00,75.375,8,2
2016-10-05 09:00:00,91.9725,9,2
2016-10-05 10:00:00,110.633,10,2
2016-10-05 11:00:00,130.211,11,2
2016-10-05 12:00:00,136.0,12,2
2016-10-05 13:00:00,138.078,13,2
2016-10-05 14:00:00,133.981,14,2
2016-10-05 15:00:00,131.086,15,2
2016-10-05 16:00:00,127.715,16,2
2016-10-05 17:00:00,120.328,17,2
2016-10-05 18:00:00,102.558,18,2
2016-10-05 19:00:00,86.2345,19,2
2016-10-05 20:00:00,76.953,20,2
2016-10-05 21:00:00,68.922,21,2
2016-10-05 22:00:00,62.246,22,2
2016-10-05 23:00:00,57.172,23,2
2016-10-06 00:00:00,87.7091,0,3
2016-10-06 01:00:00,87.7091,1,3
2016-10-06 02:00:00,87.7091,2,3
2016-10-06 03:00:00,87.7091,3,3
2016-10-06 04:00:00,87.7091,4,3
2016-10-06 05:00:00,87.7091,5,3
2016-10-06 06:00:00,87.7091,6,3
2016-10-06 07:00:00,87.7091,7,3
2016-10-06 08:00:00,87.7091,8,3
2016-10-06 09:00:00,87.7091,9,3
2016-10-06 10:00:00,87.7091,10,3
2016-10-06 11:00:00,87.7091,11,3
2016-10-06 12:00:00,87.7091,12,3
2016-10-06 13:00:00,87.7091,13,3
2016-10-06 14:00:00,87.7091,14,3
2016-10-06 15:00:00,87.7091,15,3
2016-10-06 16:00:00,87.7091,16,3
2016-10-06 17:00:00,87.7091,17,3
2016-10-06 18:00:00,87.7091,18,3
2016-10-06 19:00:00,87.7091,19,3
2016-10-06 20:00:00,87.7091,20,3
2016-10-06 21:00:00,87.7091,21,3
2016-10-06 22:00:00,87.7091,22,3
2016-10-06 23:00:00,87.7091,23,3
2016-10-07 00:00:00,71.854,0,4
2016-10-07 01:00:00,69.862,1,4
2016-10-07 02:00:00,52.5355,2,4
2016-10-07 03:00:00,52.164,3,4
2016-10-07 04:00:00,49.992,4,4
2016-10-07 05:00:00,51.5235,5,4
2016-10-07 06:00:00,54.504,6,4
2016-10-07 07:00:00,67.453,7,4
2016-10-07 08:00:00,77.785,8,4
2016-10-07 09:00:00,90.172,9,4
2016-10-07 10:00:00,107.578,10,4
2016-10-07 11:00:00,126.192,11,4
2016-10-07 12:00:00,122.817,12,4
2016-10-07 13:00:00,133.149,13,4
2016-10-07 14:00:00,134.32399999999998,14,4
2016-10-07 15:00:00,131.80100000000002,15,4
2016-10-07 16:00:00,124.621,16,4
2016-10-07 17:00:00,114.367,17,4
2016-10-07 18:00:00,102.895,18,4
2016-10-07 19:00:00,89.58200000000001,19,4
2016-10-07 20:00:00,83.1365,20,4
2016-10-07 21:00:00,71.5275,21,4
2016-10-07 22:00:00,62.785,22,4
2016-10-07 23:00:00,59.5665,23,4
2016-10-08 00:00:00,56.0406,0,5
2016-10-08 01:00:00,55.5823,1,5
2016-10-08 02:00:00,55.1656,2,5
2016-10-08 03:00:00,55.0406,3,5
2016-10-08 04:00:00,54.1656,4,5
2016-10-08 05:00:00,54.1656,5,5
2016-10-08 06:00:00,54.2906,6,5
2016-10-08 07:00:00,54.2906,7,5
2016-10-08 08:00:00,54.1656,8,5
2016-10-08 09:00:00,54.1656,9,5
2016-10-08 10:00:00,54.4156,10,5
2016-10-08 11:00:00,55.9156,11,5
2016-10-08 12:00:00,56.7906,12,5
2016-10-08 13:00:00,58.4156,13,5
2016-10-08 14:00:00,59.6656,14,5
2016-10-08 15:00:00,58.7906,15,5
2016-10-08 16:00:00,59.9156,16,5
2016-10-08 17:00:00,61.2906,17,5
2016-10-08 18:00:00,61.4156,18,5
2016-10-08 19:00:00,63.9156,19,5
2016-10-08 20:00:00,67.1656,20,5
2016-10-08 21:00:00,66.0406,21,5
2016-10-08 22:00:00,63.0406,22,5
2016-10-08 23:00:00,56.0406,23,5
2016-10-09 00:00:00,55.4121,0,6
2016-10-09 01:00:00,54.1076,1,6
2016-10-09 02:00:00,52.9335,2,6
2016-10-09 03:00:00,52.672,3,6
2016-10-09 04:00:00,52.875,4,6
2016-10-09 05:00:00,51.8045,5,6
2016-10-09 06:00:00,52.137,6,6
2016-10-09 07:00:00,52.574,7,6
2016-10-09 08:00:00,53.9065,8,6
2016-10-09 09:00:00,53.5465,9,6
2016-10-09 10:00:00,53.934,10,6
2016-10-09 11:00:00,55.5465,11,6
2016-10-09 12:00:00,60.965,12,6
2016-10-09 13:00:00,64.0545,13,6
2016-10-09 14:00:00,67.5665,14,6
2016-10-09 15:00:00,65.547,15,6
2016-10-09 16:00:00,66.008,16,6
2016-10-09 17:00:00,66.1365,17,6
2016-10-09 18:00:00,64.0,18,6
2016-10-09 19:00:00,64.5,19,6
2016-10-09 20:00:00,61.8905,20,6
2016-10-09 21:00:00,57.1955,21,6
2016-10-09 22:00:00,55.66,22,6
2016-10-09 23:00:00,55.633,23,6
2016-10-10 00:00:00,56.1875,0,0
2016-10-10 01:00:00,54.176,1,0
2016-10-10 02:00:00,53.953,2,0
2016-10-10 03:00:00,52.7225,3,0
2016-10-10 04:00:00,52.4765,4,0
2016-10-10 05:00:00,52.387,5,0
2016-10-10 06:00:00,58.363,6,0
2016-10-10 07:00:00,66.0705,7,0
2016-10-10 08:00:00,79.0625,8,0
2016-10-10 09:00:00,99.035,9,0
2016-10-10 10:00:00,119.825,10,0
2016-10-10 11:00:00,133.531,11,0
2016-10-10 12:00:00,136.75,12,0
2016-10-10 13:00:00,140.43,13,0
2016-10-10 14:00:00,142.94899999999998,14,0
2016-10-10 15:00:00,144.25,15,0
2016-10-10 16:00:00,144.734,16,0
2016-10-10 17:00:00,136.11700000000002,17,0
2016-10-10 18:00:00,121.079,18,0
2016-10-10 19:00:00,101.105,19,0
2016-10-10 20:00:00,91.625,20,0
2016-10-10 21:00:00,78.84,21,0
2016-10-10 22:00:00,66.922,22,0
2016-10-10 23:00:00,60.621,23,0
2016-10-11 00:00:00,59.8778,0,1
2016-10-11 01:00:00,56.0235,1,1
2016-10-11 02:00:00,54.6445,2,1
2016-10-11 03:00:00,53.371,3,1
2016-10-11 04:00:00,50.3475,4,1
2016-10-11 05:00:00,49.0705,5,1
2016-10-11 06:00:00,54.3905,6,1
2016-10-11 07:00:00,68.418,7,1
2016-10-11 08:00:00,74.09,8,1
2016-10-11 09:00:00,92.277,9,1
2016-10-11 10:00:00,125.633,10,1
2016-10-11 11:00:00,146.406,11,1
2016-10-11 12:00:00,151.406,12,1
2016-10-11 13:00:00,154.719,13,1
2016-10-11 14:00:00,157.77,14,1
2016-10-11 15:00:00,155.585,15,1
2016-10-11 16:00:00,153.812,16,1
2016-10-11 17:00:00,138.906,17,1
2016-10-11 18:00:00,127.125,18,1
2016-10-11 19:00:00,109.305,19,1
2016-10-11 20:00:00,100.325,20,1
2016-10-11 21:00:00,87.027,21,1
2016-10-11 22:00:00,83.125,22,1
2016-10-11 23:00:00,73.2695,23,1
2016-10-12 00:00:00,61.1707,0,2
2016-10-12 01:00:00,60.6473,1,2
2016-10-12 02:00:00,60.609,2,2
2016-10-12 03:00:00,60.2265,3,2
2016-10-12 04:00:00,55.969,4,2
2016-10-12 05:00:00,55.914,5,2
2016-10-12 06:00:00,61.219,6,2
2016-10-12 07:00:00,77.539,7,2
2016-10-12 08:00:00,83.2735,8,2
2016-10-12 09:00:00,110.168,9,2
2016-10-12 10:00:00,135.84799999999998,10,2
2016-10-12 11:00:00,143.519,11,2
2016-10-12 12:00:00,153.41,12,2
2016-10-12 13:00:00,152.969,13,2
2016-10-12 14:00:00,149.984,14,2
2016-10-12 15:00:00,154.055,15,2
2016-10-12 16:00:00,145.632,16,2
2016-10-12 17:00:00,138.75,17,2
2016-10-12 18:00:00,116.781,18,2
2016-10-12 19:00:00,103.781,19,2
2016-10-12 20:00:00,93.4925,20,2
2016-10-12 21:00:00,87.3985,21,2
2016-10-12 22:00:00,84.20299999999999,22,2
2016-10-12 23:00:00,66.8205,23,2
2016-10-13 00:00:00,58.4557,0,3
2016-10-13 01:00:00,57.2653,1,3
2016-10-13 02:00:00,53.7815,2,3
2016-10-13 03:00:00,53.281000000000006,3,3
2016-10-13 04:00:00,53.375,4,3
2016-10-13 05:00:00,54.1175,5,3
2016-10-13 06:00:00,58.906000000000006,6,3
2016-10-13 07:00:00,74.6955,7,3
2016-10-13 08:00:00,81.82,8,3
2016-10-13 09:00:00,96.7345,9,3
2016-10-13 10:00:00,128.13299999999998,10,3
2016-10-13 11:00:00,139.516,11,3
2016-10-13 12:00:00,146.109,12,3
2016-10-13 13:00:00,150.976,13,3
2016-10-13 14:00:00,154.461,14,3
2016-10-13 15:00:00,160.812,15,3
2016-10-13 16:00:00,161.929,16,3
2016-10-13 17:00:00,138.68,17,3
2016-10-13 18:00:00,127.391,18,3
2016-10-13 19:00:00,111.367,19,3
2016-10-13 20:00:00,96.797,20,3
2016-10-13 21:00:00,83.2185,21,3
2016-10-13 22:00:00,72.008,22,3
2016-10-13 23:00:00,64.4375,23,3
2016-10-14 00:00:00,56.7973,0,4
2016-10-14 01:00:00,55.4868,1,4
2016-10-14 02:00:00,53.3205,2,4
2016-10-14 03:00:00,51.758,3,4
2016-10-14 04:00:00,50.2735,4,4
2016-10-14 05:00:00,51.4685,5,4
2016-10-14 06:00:00,57.4375,6,4
2016-10-14 07:00:00,73.797,7,4
2016-10-14 08:00:00,81.8125,8,4
2016-10-14 09:00:00,89.7345,9,4
2016-10-14 10:00:00,115.078,10,4
2016-10-14 11:00:00,129.016,11,4
2016-10-14 12:00:00,130.554,12,4
2016-10-14 13:00:00,134.524,13,4
2016-10-14 14:00:00,138.812,14,4
2016-10-14 15:00:00,136.484,15,4
2016-10-14 16:00:00,128.859,16,4
2016-10-14 17:00:00,110.711,17,4
2016-10-14 18:00:00,104.367,18,4
2016-10-14 19:00:00,84.92200000000001,19,4
2016-10-14 20:00:00,78.531,20,4
2016-10-14 21:00:00,71.93,21,4
2016-10-14 22:00:00,59.031000000000006,22,4
2016-10-14 23:00:00,55.547,23,4
2016-10-15 00:00:00,56.9019,0,5
2016-10-15 01:00:00,56.9019,1,5
2016-10-15 02:00:00,56.9019,2,5
2016-10-15 03:00:00,56.9019,3,5
2016-10-15 04:00:00,56.9019,4,5
2016-10-15 05:00:00,56.9019,5,5
2016-10-15 06:00:00,56.9019,6,5
2016-10-15 07:00:00,56.9019,7,5
2016-10-15 08:00:00,56.9019,8,5
2016-10-15 09:00:00,56.9019,9,5
2016-10-15 10:00:00,56.9019,10,5
2016-10-15 11:00:00,56.9019,11,5
2016-10-15 12:00:00,56.9019,12,5
2016-10-15 13:00:00,56.9019,13,5
2016-10-15 14:00:00,56.9019,14,5
2016-10-15 15:00:00,56.9019,15,5
2016-10-15 16:00:00,56.9019,16,5
2016-10-15 17:00:00,56.9019,17,5
2016-10-15 18:00:00,56.9019,18,5
2016-10-15 19:00:00,56.9019,19,5
2016-10-15 20:00:00,56.9019,20,5
2016-10-15 21:00:00,56.9019,21,5
2016-10-15 22:00:00,56.9019,22,5
2016-10-15 23:00:00,56.9019,23,5
2016-10-16 00:00:00,56.2648,0,6
2016-10-16 01:00:00,56.2307,1,6
2016-10-16 02:00:00,54.3805,2,6
2016-10-16 03:00:00,53.763000000000005,3,6
2016-10-16 04:00:00,53.576,4,6
2016-10-16 05:00:00,53.833,5,6
2016-10-16 06:00:00,53.076,6,6
2016-10-16 07:00:00,53.88,7,6
2016-10-16 08:00:00,54.7945,8,6
2016-10-16 09:00:00,55.2165,9,6
2016-10-16 10:00:00,55.763000000000005,10,6
2016-10-16 11:00:00,59.1925,11,6
2016-10-16 12:00:00,60.9745,12,6
2016-10-16 13:00:00,61.4035,13,6
2016-10-16 14:00:00,60.943000000000005,14,6
2016-10-16 15:00:00,61.388000000000005,15,6
2016-10-16 16:00:00,60.482,16,6
2016-10-16 17:00:00,61.63,17,6
2016-10-16 18:00:00,60.701,18,6
2016-10-16 19:00:00,61.6455,19,6
2016-10-16 20:00:00,60.826,20,6
2016-10-16 21:00:00,59.005,21,6
2016-10-16 22:00:00,56.5835,22,6
2016-10-16 23:00:00,55.224,23,6
2016-10-17 00:00:00,55.1341,0,0
2016-10-17 01:00:00,53.6344,1,0
2016-10-17 02:00:00,51.492,2,0
2016-10-17 03:00:00,51.4765,3,0
2016-10-17 04:00:00,51.414,4,0
2016-10-17 05:00:00,52.1485,5,0
2016-10-17 06:00:00,58.2735,6,0
2016-10-17 07:00:00,76.6955,7,0
2016-10-17 08:00:00,79.148,8,0
2016-10-17 09:00:00,93.219,9,0
2016-10-17 10:00:00,117.789,10,0
2016-10-17 11:00:00,133.679,11,0
2016-10-17 12:00:00,137.734,12,0
2016-10-17 13:00:00,140.328,13,0
2016-10-17 14:00:00,139.774,14,0
2016-10-17 15:00:00,140.243,15,0
2016-10-17 16:00:00,143.774,16,0
2016-10-17 17:00:00,134.812,17,0
2016-10-17 18:00:00,120.273,18,0
2016-10-17 19:00:00,102.961,19,0
2016-10-17 20:00:00,90.516,20,0
2016-10-17 21:00:00,79.3435,21,0
2016-10-17 22:00:00,69.633,22,0
2016-10-17 23:00:00,59.7735,23,0
2016-10-18 00:00:00,72.0086,0,1
2016-10-18 01:00:00,53.3672,1,1
2016-10-18 02:00:00,52.18,2,1
2016-10-18 03:00:00,53.5,3,1
2016-10-18 04:00:00,51.7185,4,1
2016-10-18 05:00:00,50.961000000000006,5,1
2016-10-18 06:00:00,56.828,6,1
2016-10-18 07:00:00,72.953,7,1
2016-10-18 08:00:00,78.375,8,1
2016-10-18 09:00:00,91.594,9,1
2016-10-18 10:00:00,126.047,10,1
2016-10-18 11:00:00,140.484,11,1
2016-10-18 12:00:00,143.109,12,1
2016-10-18 13:00:00,140.438,13,1
2016-10-18 14:00:00,145.594,14,1
2016-10-18 15:00:00,142.859,15,1
2016-10-18 16:00:00,138.156,16,1
2016-10-18 17:00:00,129.578,17,1
2016-10-18 18:00:00,117.977,18,1
2016-10-18 19:00:00,102.086,19,1
2016-10-18 20:00:00,94.5705,20,1
2016-10-18 21:00:00,82.695,21,1
2016-10-18 22:00:00,77.1485,22,1
2016-10-18 23:00:00,67.9455,23,1
2016-10-19 00:00:00,89.3768,0,2
2016-10-19 01:00:00,89.3768,1,2
2016-10-19 02:00:00,89.3768,2,2
2016-10-19 03:00:00,89.3768,3,2
2016-10-19 04:00:00,89.3768,4,2
2016-10-19 05:00:00,89.3768,5,2
2016-10-19 06:00:00,89.3768,6,2
2016-10-19 07:00:00,89.3768,7,2
2016-10-19 08:00:00,89.3768,8,2
2016-10-19 09:00:00,89.3768,9,2
2016-10-19 10:00:00,89.3768,10,2
2016-10-19 11:00:00,89.3768,11,2
2016-10-19 12:00:00,89.3768,12,2
2016-10-19 13:00:00,89.3768,13,2
2016-10-19 14:00:00,89.3768,14,2
2016-10-19 15:00:00,89.3768,15,2
2016-10-19 16:00:00,89.3768,16,2
2016-10-19 17:00:00,89.3768,17,2
2016-10-19 18:00:00,89.3768,18,2
2016-10-19 19:00:00,89.3768,19,2
2016-10-19 20:00:00,89.3768,20,2
2016-10-19 21:00:00,89.3768,21,2
2016-10-19 22:00:00,89.3768,22,2
2016-10-19 23:00:00,89.3768,23,2
2016-10-20 00:00:00,72.5113,0,3
2016-10-20 01:00:00,71.7819,1,3
2016-10-20 02:00:00,53.0,2,3
2016-10-20 03:00:00,52.3125,3,3
2016-10-20 04:00:00,51.703,4,3
2016-10-20 05:00:00,53.469,5,3
2016-10-20 06:00:00,57.664,6,3
2016-10-20 07:00:00,70.4065,7,3
2016-10-20 08:00:00,81.5465,8,3
2016-10-20 09:00:00,96.4845,9,3
2016-10-20 10:00:00,112.156,10,3
2016-10-20 11:00:00,125.844,11,3
2016-10-20 12:00:00,132.625,12,3
2016-10-20 13:00:00,137.766,13,3
2016-10-20 14:00:00,136.43,14,3
2016-10-20 15:00:00,136.836,15,3
2016-10-20 16:00:00,137.625,16,3
2016-10-20 17:00:00,129.609,17,3
2016-10-20 18:00:00,115.688,18,3
2016-10-20 19:00:00,100.227,19,3
2016-10-20 20:00:00,91.727,20,3
2016-10-20 21:00:00,78.148,21,3
2016-10-20 22:00:00,67.555,22,3
2016-10-20 23:00:00,59.3125,23,3
2016-10-21 00:00:00,57.6327,0,4
2016-10-21 01:00:00,55.2213,1,4
2016-10-21 02:00:00,52.3595,2,4
2016-10-21 03:00:00,51.2265,3,4
2016-10-21 04:00:00,50.461000000000006,4,4
2016-10-21 05:00:00,51.2345,5,4
2016-10-21 06:00:00,55.945,6,4
2016-10-21 07:00:00,70.7425,7,4
2016-10-21 08:00:00,76.75,8,4
2016-10-21 09:00:00,91.242,9,4
2016-10-21 10:00:00,119.602,10,4
2016-10-21 11:00:00,140.38299999999998,11,4
2016-10-21 12:00:00,140.789,12,4
2016-10-21 13:00:00,141.351,13,4
2016-10-21 14:00:00,144.211,14,4
2016-10-21 15:00:00,139.86700000000002,15,4
2016-10-21 16:00:00,131.664,16,4
2016-10-21 17:00:00,125.734,17,4
2016-10-21 18:00:00,111.031,18,4
2016-10-21 19:00:00,95.0625,19,4
2016-10-21 20:00:00,94.9215,20,4
2016-10-21 21:00:00,87.4375,21,4
2016-10-21 22:00:00,74.7425,22,4
2016-10-21 23:00:00,63.7345,23,4
2016-10-22 00:00:00,57.6432,0,5
2016-10-22 01:00:00,59.4428,1,5
2016-10-22 02:00:00,58.6015,2,5
2016-10-22 03:00:00,58.828,3,5
2016-10-22 04:00:00,57.3435,4,5
2016-10-22 05:00:00,57.4145,5,5
2016-10-22 06:00:00,57.5855,6,5
2016-10-22 07:00:00,62.3205,7,5
2016-10-22 08:00:00,67.203,8,5
2016-10-22 09:00:00,60.922,9,5
2016-10-22 10:00:00,61.867,10,5
2016-10-22 11:00:00,67.836,11,5
2016-10-22 12:00:00,68.9925,12,5
2016-10-22 13:00:00,72.039,13,5
2016-10-22 14:00:00,73.4375,14,5
2016-10-22 15:00:00,77.1485,15,5
2016-10-22 16:00:00,76.586,16,5
2016-10-22 17:00:00,77.7265,17,5
2016-10-22 18:00:00,75.5465,18,5
2016-10-22 19:00:00,75.461,19,5
2016-10-22 20:00:00,69.766,20,5
2016-10-22 21:00:00,62.4295,21,5
2016-10-22 22:00:00,60.7735,22,5
2016-10-22 23:00:00,59.5235,23,5
2016-10-23 00:00:00,54.7422,0,6
2016-10-23 01:00:00,53.0128,1,6
2016-10-23 02:00:00,51.5705,2,6
2016-10-23 03:00:00,50.2265,3,6
2016-10-23 04:00:00,51.2185,4,6
2016-10-23 05:00:00,50.2815,5,6
2016-10-23 06:00:00,51.3595,6,6
2016-10-23 07:00:00,51.0,7,6
2016-10-23 08:00:00,53.1325,8,6
2016-10-23 09:00:00,53.633,9,6
2016-10-23 10:00:00,54.8985,10,6
2016-10-23 11:00:00,58.117,11,6
2016-10-23 12:00:00,60.617,12,6
2016-10-23 13:00:00,66.0,13,6
2016-10-23 14:00:00,69.9535,14,6
2016-10-23 15:00:00,73.078,15,6
2016-10-23 16:00:00,76.2265,16,6
2016-10-23 17:00:00,74.742,17,6
2016-10-23 18:00:00,73.6485,18,6
2016-10-23 19:00:00,75.172,19,6
2016-10-23 20:00:00,69.094,20,6
2016-10-23 21:00:00,63.281000000000006,21,6
2016-10-23 22:00:00,59.3595,22,6
2016-10-23 23:00:00,57.531000000000006,23,6
2016-10-24 00:00:00,56.6198,0,0
2016-10-24 01:00:00,53.1748,1,0
2016-10-24 02:00:00,51.617,2,0
2016-10-24 03:00:00,50.8905,3,0
2016-10-24 04:00:00,49.719,4,0
2016-10-24 05:00:00,50.289,5,0
2016-10-24 06:00:00,55.6015,6,0
2016-10-24 07:00:00,66.375,7,0
2016-10-24 08:00:00,76.2815,8,0
2016-10-24 09:00:00,101.766,9,0
2016-10-24 10:00:00,115.031,10,0
2016-10-24 11:00:00,131.476,11,0
2016-10-24 12:00:00,141.165,12,0
2016-10-24 13:00:00,146.875,13,0
2016-10-24 14:00:00,151.382,14,0
2016-10-24 15:00:00,146.5,15,0
2016-10-24 16:00:00,146.234,16,0
2016-10-24 17:00:00,136.344,17,0
2016-10-24 18:00:00,122.219,18,0
2016-10-24 19:00:00,104.562,19,0
2016-10-24 20:00:00,95.156,20,0
2016-10-24 21:00:00,90.2345,21,0
2016-10-24 22:00:00,75.805,22,0
2016-10-24 23:00:00,68.6795,23,0
2016-10-25 00:00:00,61.7188,0,1
2016-10-25 01:00:00,57.117,1,1
2016-10-25 02:00:00,55.9455,2,1
2016-10-25 03:00:00,52.117,3,1
2016-10-25 04:00:00,53.4065,4,1
2016-10-25 05:00:00,53.4605,5,1
2016-10-25 06:00:00,61.0395,6,1
2016-10-25 07:00:00,74.828,7,1
2016-10-25 08:00:00,77.547,8,1
2016-10-25 09:00:00,90.867,9,1
2016-10-25 10:00:00,114.086,10,1
2016-10-25 11:00:00,128.625,11,1
2016-10-25 12:00:00,137.844,12,1
2016-10-25 13:00:00,142.344,13,1
2016-10-25 14:00:00,146.711,14,1
2016-10-25 15:00:00,147.07,15,1
2016-10-25 16:00:00,142.88299999999998,16,1
2016-10-25 17:00:00,131.226,17,1
2016-10-25 18:00:00,117.922,18,1
2016-10-25 19:00:00,104.859,19,1
2016-10-25 20:00:00,94.3435,20,1
2016-10-25 21:00:00,85.258,21,1
2016-10-25 22:00:00,75.992,22,1
2016-10-25 23:00:00,67.0235,23,1
2016-10-26 00:00:00,60.26,0,2
2016-10-26 01:00:00,63.1093,1,2
2016-10-26 02:00:00,58.8205,2,2
2016-10-26 03:00:00,58.5545,3,2
2016-10-26 04:00:00,57.3515,4,2
2016-10-26 05:00:00,56.961000000000006,5,2
2016-10-26 06:00:00,61.781000000000006,6,2
2016-10-26 07:00:00,73.508,7,2
2016-10-26 08:00:00,79.5705,8,2
2016-10-26 09:00:00,93.75,9,2
2016-10-26 10:00:00,112.117,10,2
2016-10-26 11:00:00,126.906,11,2
2016-10-26 12:00:00,136.469,12,2
2016-10-26 13:00:00,140.74200000000002,13,2
2016-10-26 14:00:00,134.328,14,2
2016-10-26 15:00:00,133.672,15,2
2016-10-26 16:00:00,130.422,16,2
2016-10-26 17:00:00,125.43,17,2
2016-10-26 18:00:00,110.859,18,2
2016-10-26 19:00:00,98.9455,19,2
2016-10-26 20:00:00,88.6405,20,2
2016-10-26 21:00:00,80.3675,21,2
2016-10-26 22:00:00,73.0545,22,2
2016-10-26 23:00:00,62.1955,23,2
2016-10-27 00:00:00,57.969,0,3
2016-10-27 01:00:00,53.1512,1,3
2016-10-27 02:00:00,49.8825,2,3
2016-10-27 03:00:00,47.5625,3,3
2016-10-27 04:00:00,48.172,4,3
2016-10-27 05:00:00,48.992,5,3
2016-10-27 06:00:00,53.133,6,3
2016-10-27 07:00:00,68.875,7,3
2016-10-27 08:00:00,73.9295,8,3
2016-10-27 09:00:00,88.6175,9,3
2016-10-27 10:00:00,113.078,10,3
2016-10-27 11:00:00,126.961,11,3
2016-10-27 12:00:00,134.429,12,3
2016-10-27 13:00:00,139.203,13,3
2016-10-27 14:00:00,141.797,14,3
2016-10-27 15:00:00,142.351,15,3
2016-10-27 16:00:00,137.469,16,3
2016-10-27 17:00:00,131.859,17,3
2016-10-27 18:00:00,113.5,18,3
2016-10-27 19:00:00,98.992,19,3
2016-10-27 20:00:00,92.836,20,3
2016-10-27 21:00:00,85.461,21,3
2016-10-27 22:00:00,78.9765,22,3
2016-10-27 23:00:00,66.6015,23,3
2016-10-28 00:00:00,58.1537,0,4
2016-10-28 01:00:00,58.3098,1,4
2016-10-28 02:00:00,56.3125,2,4
2016-10-28 03:00:00,57.594,3,4
2016-10-28 04:00:00,56.4375,4,4
2016-10-28 05:00:00,56.703,5,4
2016-10-28 06:00:00,60.6875,6,4
2016-10-28 07:00:00,71.672,7,4
2016-10-28 08:00:00,74.164,8,4
2016-10-28 09:00:00,89.70299999999999,9,4
2016-10-28 10:00:00,111.297,10,4
2016-10-28 11:00:00,121.789,11,4
2016-10-28 12:00:00,126.609,12,4
2016-10-28 13:00:00,127.695,13,4
2016-10-28 14:00:00,128.734,14,4
2016-10-28 15:00:00,130.859,15,4
2016-10-28 16:00:00,132.391,16,4
2016-10-28 17:00:00,122.547,17,4
2016-10-28 18:00:00,107.461,18,4
2016-10-28 19:00:00,93.4685,19,4
2016-10-28 20:00:00,87.211,20,4
2016-10-28 21:00:00,72.9295,21,4
2016-10-28 22:00:00,63.266000000000005,22,4
2016-10-28 23:00:00,56.992,23,4
2016-10-29 00:00:00,53.2738,0,5
2016-10-29 01:00:00,54.1248,1,5
2016-10-29 02:00:00,51.2035,2,5
2016-10-29 03:00:00,51.125,3,5
2016-10-29 04:00:00,49.6795,4,5
2016-10-29 05:00:00,48.406000000000006,5,5
2016-10-29 06:00:00,48.805,6,5
2016-10-29 07:00:00,48.664,7,5
2016-10-29 08:00:00,52.8045,8,5
2016-10-29 09:00:00,54.883,9,5
2016-10-29 10:00:00,55.797,10,5
2016-10-29 11:00:00,60.578,11,5
2016-10-29 12:00:00,65.0935,12,5
2016-10-29 13:00:00,69.719,13,5
2016-10-29 14:00:00,71.1875,14,5
2016-10-29 15:00:00,73.883,15,5
2016-10-29 16:00:00,74.6405,16,5
2016-10-29 17:00:00,72.422,17,5
2016-10-29 18:00:00,68.109,18,5
2016-10-29 19:00:00,64.844,19,5
2016-10-29 20:00:00,59.414,20,5
2016-10-29 21:00:00,56.281000000000006,21,5
2016-10-29 22:00:00,54.8285,22,5
2016-10-29 23:00:00,54.32,23,5
2016-10-30 00:00:00,51.218,0,6
2016-10-30 01:00:00,102.547,1,6
2016-10-30 02:00:00,50.7735,2,6
2016-10-30 03:00:00,49.875,3,6
2016-10-30 04:00:00,48.1795,4,6
2016-10-30 05:00:00,48.344,5,6
2016-10-30 06:00:00,48.906000000000006,6,6
2016-10-30 07:00:00,48.766000000000005,7,6
2016-10-30 08:00:00,50.3125,8,6
2016-10-30 09:00:00,52.5625,9,6
2016-10-30 10:00:00,53.289,10,6
2016-10-30 11:00:00,61.203,11,6
2016-10-30 12:00:00,67.0545,12,6
2016-10-30 13:00:00,66.2425,13,6
2016-10-30 14:00:00,64.2185,14,6
2016-10-30 15:00:00,63.1875,15,6
2016-10-30 16:00:00,64.414,16,6
2016-10-30 17:00:00,67.9375,17,6
2016-10-30 18:00:00,65.633,18,6
2016-10-30 19:00:00,64.797,19,6
2016-10-30 20:00:00,62.734,20,6
2016-10-30 21:00:00,58.0,21,6
2016-10-30 22:00:00,52.125,22,6
2016-10-30 23:00:00,51.2035,23,6
2016-10-31 00:00:00,57.4765,0,0
2016-10-31 01:00:00,50.4375,1,0
2016-10-31 02:00:00,49.4375,2,0
2016-10-31 03:00:00,48.1485,3,0
2016-10-31 04:00:00,48.9375,4,0
2016-10-31 05:00:00,47.883,5,0
2016-10-31 06:00:00,53.4685,6,0
2016-10-31 07:00:00,67.078,7,0
2016-10-31 08:00:00,77.844,8,0
2016-10-31 09:00:00,93.656,9,0
2016-10-31 10:00:00,114.273,10,0
2016-10-31 11:00:00,127.493,11,0
2016-10-31 12:00:00,136.476,12,0
2016-10-31 13:00:00,145.719,13,0
2016-10-31 14:00:00,141.63299999999998,14,0
2016-10-31 15:00:00,140.289,15,0
2016-10-31 16:00:00,145.774,16,0
2016-10-31 17:00:00,134.946,17,0
2016-10-31 18:00:00,115.242,18,0
2016-10-31 19:00:00,102.812,19,0
2016-10-31 20:00:00,89.836,20,0
2016-10-31 21:00:00,81.7345,21,0
2016-10-31 22:00:00,72.8045,22,0
2016-10-31 23:00:00,65.7345,23,0
2016-11-01 00:00:00,62.1405,0,1
2016-11-01 01:00:00,57.664,1,1
2016-11-01 02:00:00,55.453,2,1
2016-11-01 03:00:00,53.43,3,1
2016-11-01 04:00:00,51.0855,4,1
2016-11-01 05:00:00,50.977,5,1
2016-11-01 06:00:00,57.453,6,1
2016-11-01 07:00:00,70.445,7,1
2016-11-01 08:00:00,85.6565,8,1
2016-11-01 09:00:00,101.375,9,1
2016-11-01 10:00:00,125.93,10,1
2016-11-01 11:00:00,141.031,11,1
2016-11-01 12:00:00,142.016,12,1
2016-11-01 13:00:00,147.321,13,1
2016-11-01 14:00:00,147.578,14,1
2016-11-01 15:00:00,147.297,15,1
2016-11-01 16:00:00,150.297,16,1
2016-11-01 17:00:00,147.406,17,1
2016-11-01 18:00:00,128.125,18,1
2016-11-01 19:00:00,108.812,19,1
2016-11-01 20:00:00,92.9845,20,1
2016-11-01 21:00:00,79.5235,21,1
2016-11-01 22:00:00,67.992,22,1
2016-11-01 23:00:00,64.0625,23,1
2016-11-02 00:00:00,60.2035,0,2
2016-11-02 01:00:00,55.711000000000006,1,2
2016-11-02 02:00:00,54.8435,2,2
2016-11-02 03:00:00,53.1095,3,2
2016-11-02 04:00:00,52.1095,4,2
2016-11-02 05:00:00,49.2655,5,2
2016-11-02 06:00:00,54.219,6,2
2016-11-02 07:00:00,61.484,7,2
2016-11-02 08:00:00,75.2035,8,2
2016-11-02 09:00:00,88.414,9,2
2016-11-02 10:00:00,110.773,10,2
2016-11-02 11:00:00,128.695,11,2
2016-11-02 12:00:00,138.711,12,2
2016-11-02 13:00:00,141.149,13,2
2016-11-02 14:00:00,141.304,14,2
2016-11-02 15:00:00,142.562,15,2
2016-11-02 16:00:00,145.266,16,2
2016-11-02 17:00:00,131.797,17,2
2016-11-02 18:00:00,108.352,18,2
2016-11-02 19:00:00,100.906,19,2
2016-11-02 20:00:00,100.422,20,2
2016-11-02 21:00:00,92.3435,21,2
2016-11-02 22:00:00,81.719,22,2
2016-11-02 23:00:00,66.0075,23,2
2016-11-03 00:00:00,58.8045,0,3
2016-11-03 01:00:00,52.453,1,3
2016-11-03 02:00:00,52.1095,2,3
2016-11-03 03:00:00,52.8595,3,3
2016-11-03 04:00:00,51.078,4,3
2016-11-03 05:00:00,52.961000000000006,5,3
2016-11-03 06:00:00,55.9295,6,3
2016-11-03 07:00:00,69.3985,7,3
2016-11-03 08:00:00,83.25,8,3
2016-11-03 09:00:00,94.6405,9,3
2016-11-03 10:00:00,120.211,10,3
2016-11-03 11:00:00,136.68,11,3
2016-11-03 12:00:00,144.562,12,3
2016-11-03 13:00:00,144.445,13,3
2016-11-03 14:00:00,144.141,14,3
2016-11-03 15:00:00,141.382,15,3
2016-11-03 16:00:00,141.149,16,3
2016-11-03 17:00:00,128.274,17,3
2016-11-03 18:00:00,110.789,18,3
2016-11-03 19:00:00,93.75,19,3
2016-11-03 20:00:00,96.7815,20,3
2016-11-03 21:00:00,90.703,21,3
2016-11-03 22:00:00,79.0235,22,3
2016-11-03 23:00:00,65.664,23,3
2016-11-04 00:00:00,54.8675,0,4
2016-11-04 01:00:00,57.195,1,4
2016-11-04 02:00:00,57.352,2,4
2016-11-04 03:00:00,55.539,3,4
2016-11-04 04:00:00,55.711000000000006,4,4
2016-11-04 05:00:00,55.773,5,4
2016-11-04 06:00:00,61.4145,6,4
2016-11-04 07:00:00,75.203,7,4
2016-11-04 08:00:00,85.5235,8,4
2016-11-04 09:00:00,95.5935,9,4
2016-11-04 10:00:00,118.188,10,4
2016-11-04 11:00:00,131.461,11,4
2016-11-04 12:00:00,134.828,12,4
2016-11-04 13:00:00,138.274,13,4
2016-11-04 14:00:00,142.68,14,4
2016-11-04 15:00:00,153.679,15,4
2016-11-04 16:00:00,153.571,16,4
2016-11-04 17:00:00,137.016,17,4
2016-11-04 18:00:00,111.43,18,4
2016-11-04 19:00:00,88.8595,19,4
2016-11-04 20:00:00,75.922,20,4
2016-11-04 21:00:00,64.8125,21,4
2016-11-04 22:00:00,60.7185,22,4
2016-11-04 23:00:00,57.8595,23,4
2016-11-05 00:00:00,52.211000000000006,0,5
2016-11-05 01:00:00,52.3435,1,5
2016-11-05 02:00:00,52.164,2,5
2016-11-05 03:00:00,51.0235,3,5
2016-11-05 04:00:00,49.7265,4,5
2016-11-05 05:00:00,49.9145,5,5
2016-11-05 06:00:00,50.2185,6,5
2016-11-05 07:00:00,50.492,7,5
2016-11-05 08:00:00,56.8125,8,5
2016-11-05 09:00:00,56.391000000000005,9,5
2016-11-05 10:00:00,63.781000000000006,10,5
2016-11-05 11:00:00,63.875,11,5
2016-11-05 12:00:00,73.578,12,5
2016-11-05 13:00:00,83.219,13,5
2016-11-05 14:00:00,86.0155,14,5
2016-11-05 15:00:00,85.414,15,5
2016-11-05 16:00:00,85.7265,16,5
2016-11-05 17:00:00,85.594,17,5
2016-11-05 18:00:00,77.7655,18,5
2016-11-05 19:00:00,65.586,19,5
2016-11-05 20:00:00,60.5235,20,5
2016-11-05 21:00:00,58.367,21,5
2016-11-05 22:00:00,57.375,22,5
2016-11-05 23:00:00,54.836000000000006,23,5
2016-11-06 00:00:00,52.6645,0,6
2016-11-06 01:00:00,52.75,1,6
2016-11-06 02:00:00,52.5,2,6
2016-11-06 03:00:00,52.5075,3,6
2016-11-06 04:00:00,51.1175,4,6
2016-11-06 05:00:00,51.3825,5,6
2016-11-06 06:00:00,49.6485,6,6
2016-11-06 07:00:00,49.7735,7,6
2016-11-06 08:00:00,50.414,8,6
2016-11-06 09:00:00,48.547,9,6
2016-11-06 10:00:00,49.539,10,6
2016-11-06 11:00:00,60.0,11,6
2016-11-06 12:00:00,62.883,12,6
2016-11-06 13:00:00,62.5855,13,6
2016-11-06 14:00:00,60.0785,14,6
2016-11-06 15:00:00,60.5625,15,6
2016-11-06 16:00:00,62.203,16,6
2016-11-06 17:00:00,63.2655,17,6
2016-11-06 18:00:00,63.9845,18,6
2016-11-06 19:00:00,65.836,19,6
2016-11-06 20:00:00,62.25,20,6
2016-11-06 21:00:00,58.695,21,6
2016-11-06 22:00:00,59.219,22,6
2016-11-06 23:00:00,56.539,23,6
2016-11-07 00:00:00,56.7815,0,0
2016-11-07 01:00:00,52.742,1,0
2016-11-07 02:00:00,51.094,2,0
2016-11-07 03:00:00,50.9375,3,0
2016-11-07 04:00:00,49.7185,4,0
2016-11-07 05:00:00,50.766000000000005,5,0
2016-11-07 06:00:00,54.531000000000006,6,0
2016-11-07 07:00:00,66.547,7,0
2016-11-07 08:00:00,77.3435,8,0
2016-11-07 09:00:00,88.2265,9,0
2016-11-07 10:00:00,116.008,10,0
2016-11-07 11:00:00,129.984,11,0
2016-11-07 12:00:00,137.531,12,0
2016-11-07 13:00:00,138.461,13,0
2016-11-07 14:00:00,144.734,14,0
2016-11-07 15:00:00,148.101,15,0
2016-11-07 16:00:00,140.601,16,0
2016-11-07 17:00:00,127.734,17,0
2016-11-07 18:00:00,111.297,18,0
2016-11-07 19:00:00,100.93,19,0
2016-11-07 20:00:00,84.586,20,0
2016-11-07 21:00:00,75.078,21,0
2016-11-07 22:00:00,68.1565,22,0
2016-11-07 23:00:00,61.984,23,0
2016-11-08 00:00:00,59.1325,0,1
2016-11-08 01:00:00,59.1955,1,1
2016-11-08 02:00:00,60.367,2,1
2016-11-08 03:00:00,58.75,3,1
2016-11-08 04:00:00,57.3205,4,1
2016-11-08 05:00:00,57.1795,5,1
2016-11-08 06:00:00,62.3675,6,1
2016-11-08 07:00:00,76.109,7,1
2016-11-08 08:00:00,79.086,8,1
2016-11-08 09:00:00,99.328,9,1
2016-11-08 10:00:00,122.883,10,1
2016-11-08 11:00:00,133.36700000000002,11,1
2016-11-08 12:00:00,140.54,12,1
2016-11-08 13:00:00,142.547,13,1
2016-11-08 14:00:00,141.031,14,1
2016-11-08 15:00:00,142.547,15,1
2016-11-08 16:00:00,142.25,16,1
2016-11-08 17:00:00,135.594,17,1
2016-11-08 18:00:00,115.594,18,1
2016-11-08 19:00:00,103.117,19,1
2016-11-08 20:00:00,90.9765,20,1
2016-11-08 21:00:00,77.328,21,1
2016-11-08 22:00:00,70.969,22,1
2016-11-08 23:00:00,64.8125,23,1
2016-11-09 00:00:00,57.4295,0,2
2016-11-09 01:00:00,54.0705,1,2
2016-11-09 02:00:00,55.4685,2,2
2016-11-09 03:00:00,52.5235,3,2
2016-11-09 04:00:00,51.0235,4,2
2016-11-09 05:00:00,50.9845,5,2
2016-11-09 06:00:00,56.0545,6,2
2016-11-09 07:00:00,69.555,7,2
2016-11-09 08:00:00,81.664,8,2
2016-11-09 09:00:00,97.1405,9,2
2016-11-09 10:00:00,128.414,10,2
2016-11-09 11:00:00,139.11700000000002,11,2
2016-11-09 12:00:00,152.016,12,2
2016-11-09 13:00:00,154.289,13,2
2016-11-09 14:00:00,148.844,14,2
2016-11-09 15:00:00,149.734,15,2
2016-11-09 16:00:00,147.336,16,2
2016-11-09 17:00:00,144.196,17,2
2016-11-09 18:00:00,124.125,18,2
2016-11-09 19:00:00,106.656,19,2
2016-11-09 20:00:00,90.953,20,2
2016-11-09 21:00:00,74.047,21,2
2016-11-09 22:00:00,69.125,22,2
2016-11-09 23:00:00,60.8515,23,2
2016-11-10 00:00:00,56.7735,0,3
2016-11-10 01:00:00,56.1875,1,3
2016-11-10 02:00:00,55.0625,2,3
2016-11-10 03:00:00,49.1095,3,3
2016-11-10 04:00:00,50.109,4,3
2016-11-10 05:00:00,48.977,5,3
2016-11-10 06:00:00,55.6015,6,3
2016-11-10 07:00:00,67.953,7,3
2016-11-10 08:00:00,74.7735,8,3
2016-11-10 09:00:00,94.7345,9,3
2016-11-10 10:00:00,117.516,10,3
2016-11-10 11:00:00,134.391,11,3
2016-11-10 12:00:00,135.938,12,3
2016-11-10 13:00:00,138.304,13,3
2016-11-10 14:00:00,144.63299999999998,14,3
2016-11-10 15:00:00,142.446,15,3
2016-11-10 16:00:00,139.578,16,3
2016-11-10 17:00:00,132.953,17,3
2016-11-10 18:00:00,114.727,18,3
2016-11-10 19:00:00,97.3125,19,3
2016-11-10 20:00:00,83.54700000000001,20,3
2016-11-10 21:00:00,74.367,21,3
2016-11-10 22:00:00,70.727,22,3
2016-11-10 23:00:00,63.4295,23,3
2016-11-11 00:00:00,56.891000000000005,0,4
2016-11-11 01:00:00,56.3125,1,4
2016-11-11 02:00:00,56.047,2,4
2016-11-11 03:00:00,51.5,3,4
2016-11-11 04:00:00,53.1015,4,4
2016-11-11 05:00:00,54.0075,5,4
2016-11-11 06:00:00,58.9925,6,4
2016-11-11 07:00:00,72.0,7,4
2016-11-11 08:00:00,78.625,8,4
2016-11-11 09:00:00,91.7265,9,4
2016-11-11 10:00:00,116.57,10,4
2016-11-11 11:00:00,127.266,11,4
2016-11-11 12:00:00,131.203,12,4
2016-11-11 13:00:00,131.774,13,4
2016-11-11 14:00:00,136.266,14,4
2016-11-11 15:00:00,131.406,15,4
2016-11-11 16:00:00,133.007,16,4
2016-11-11 17:00:00,118.328,17,4
2016-11-11 18:00:00,102.336,18,4
2016-11-11 19:00:00,90.414,19,4
2016-11-11 20:00:00,81.3675,20,4
2016-11-11 21:00:00,69.867,21,4
2016-11-11 22:00:00,63.7265,22,4
2016-11-11 23:00:00,58.211000000000006,23,4
2016-11-12 00:00:00,57.539,0,5
2016-11-12 01:00:00,56.6485,1,5
2016-11-12 02:00:00,55.3985,2,5
2016-11-12 03:00:00,54.336000000000006,3,5
2016-11-12 04:00:00,54.453,4,5
2016-11-12 05:00:00,54.3205,5,5
2016-11-12 06:00:00,51.7185,6,5
2016-11-12 07:00:00,53.211000000000006,7,5
2016-11-12 08:00:00,55.5,8,5
2016-11-12 09:00:00,56.836000000000006,9,5
2016-11-12 10:00:00,58.367,10,5
2016-11-12 11:00:00,61.922,11,5
2016-11-12 12:00:00,65.633,12,5
2016-11-12 13:00:00,72.297,13,5
2016-11-12 14:00:00,73.039,14,5
2016-11-12 15:00:00,72.4685,15,5
2016-11-12 16:00:00,71.6875,16,5
2016-11-12 17:00:00,69.4065,17,5
2016-11-12 18:00:00,66.609,18,5
2016-11-12 19:00:00,64.4845,19,5
2016-11-12 20:00:00,60.1015,20,5
2016-11-12 21:00:00,58.4455,21,5
2016-11-12 22:00:00,63.0705,22,5
2016-11-12 23:00:00,60.0855,23,5
2016-11-13 00:00:00,55.352,0,6
2016-11-13 01:00:00,55.609,1,6
2016-11-13 02:00:00,55.258,2,6
2016-11-13 03:00:00,54.172,3,6
2016-11-13 04:00:00,53.75,4,6
2016-11-13 05:00:00,52.6015,5,6
2016-11-13 06:00:00,51.3985,6,6
2016-11-13 07:00:00,48.1405,7,6
2016-11-13 08:00:00,47.406000000000006,8,6
2016-11-13 09:00:00,51.344,9,6
2016-11-13 10:00:00,55.4685,10,6
2016-11-13 11:00:00,58.047,11,6
2016-11-13 12:00:00,61.961000000000006,12,6
2016-11-13 13:00:00,64.3515,13,6
2016-11-13 14:00:00,68.008,14,6
2016-11-13 15:00:00,70.211,15,6
2016-11-13 16:00:00,66.6875,16,6
2016-11-13 17:00:00,65.2735,17,6
2016-11-13 18:00:00,66.656,18,6
2016-11-13 19:00:00,67.336,19,6
2016-11-13 20:00:00,66.1955,20,6
2016-11-13 21:00:00,64.8825,21,6
2016-11-13 22:00:00,62.2265,22,6
2016-11-13 23:00:00,58.1095,23,6
2016-11-14 00:00:00,57.859,0,0
2016-11-14 01:00:00,52.953,1,0
2016-11-14 02:00:00,52.2345,2,0
2016-11-14 03:00:00,50.703,3,0
2016-11-14 04:00:00,50.016000000000005,4,0
2016-11-14 05:00:00,51.0075,5,0
2016-11-14 06:00:00,56.344,6,0
2016-11-14 07:00:00,68.5155,7,0
2016-11-14 08:00:00,77.5155,8,0
2016-11-14 09:00:00,94.797,9,0
2016-11-14 10:00:00,126.875,10,0
2016-11-14 11:00:00,142.578,11,0
2016-11-14 12:00:00,152.688,12,0
2016-11-14 13:00:00,160.805,13,0
2016-11-14 14:00:00,162.188,14,0
2016-11-14 15:00:00,162.976,15,0
2016-11-14 16:00:00,159.531,16,0
2016-11-14 17:00:00,151.953,17,0
2016-11-14 18:00:00,132.898,18,0
2016-11-14 19:00:00,112.625,19,0
2016-11-14 20:00:00,99.602,20,0
2016-11-14 21:00:00,89.2655,21,0
2016-11-14 22:00:00,73.445,22,0
2016-11-14 23:00:00,67.43,23,0
2016-11-15 00:00:00,60.6405,0,1
2016-11-15 01:00:00,57.0075,1,1
2016-11-15 02:00:00,56.2265,2,1
2016-11-15 03:00:00,52.602,3,1
2016-11-15 04:00:00,51.945,4,1
2016-11-15 05:00:00,52.7345,5,1
2016-11-15 06:00:00,59.414,6,1
2016-11-15 07:00:00,70.9295,7,1
2016-11-15 08:00:00,83.9925,8,1
2016-11-15 09:00:00,99.406,9,1
2016-11-15 10:00:00,124.868,10,1
2016-11-15 11:00:00,147.539,11,1
2016-11-15 12:00:00,150.507,12,1
2016-11-15 13:00:00,156.203,13,1
2016-11-15 14:00:00,155.844,14,1
2016-11-15 15:00:00,159.828,15,1
2016-11-15 16:00:00,157.43,16,1
2016-11-15 17:00:00,147.812,17,1
2016-11-15 18:00:00,126.469,18,1
2016-11-15 19:00:00,106.508,19,1
2016-11-15 20:00:00,96.2185,20,1
2016-11-15 21:00:00,89.2035,21,1
2016-11-15 22:00:00,82.695,22,1
2016-11-15 23:00:00,68.383,23,1
2016-11-16 00:00:00,78.3465,0,2
2016-11-16 01:00:00,93.786,1,2
2016-11-16 02:00:00,93.786,2,2
2016-11-16 03:00:00,93.786,3,2
2016-11-16 04:00:00,93.786,4,2
2016-11-16 05:00:00,93.786,5,2
2016-11-16 06:00:00,93.786,6,2
2016-11-16 07:00:00,93.786,7,2
2016-11-16 08:00:00,93.786,8,2
2016-11-16 09:00:00,93.786,9,2
2016-11-16 10:00:00,93.786,10,2
2016-11-16 11:00:00,93.786,11,2
2016-11-16 12:00:00,93.786,12,2
2016-11-16 13:00:00,93.786,13,2
2016-11-16 14:00:00,93.786,14,2
2016-11-16 15:00:00,93.786,15,2
2016-11-16 16:00:00,93.786,16,2
2016-11-16 17:00:00,93.786,17,2
2016-11-16 18:00:00,93.786,18,2
2016-11-16 19:00:00,93.786,19,2
2016-11-16 20:00:00,93.786,20,2
2016-11-16 21:00:00,93.786,21,2
2016-11-16 22:00:00,93.786,22,2
2016-11-16 23:00:00,93.786,23,2
2016-11-17 00:00:00,72.643,0,3
2016-11-17 01:00:00,70.6275,1,3
2016-11-17 02:00:00,47.7265,2,3
2016-11-17 03:00:00,48.1485,3,3
2016-11-17 04:00:00,47.2265,4,3
2016-11-17 05:00:00,47.219,5,3
2016-11-17 06:00:00,53.711000000000006,6,3
2016-11-17 07:00:00,72.367,7,3
2016-11-17 08:00:00,78.789,8,3
2016-11-17 09:00:00,92.422,9,3
2016-11-17 10:00:00,119.039,10,3
2016-11-17 11:00:00,133.453,11,3
2016-11-17 12:00:00,141.961,12,3
2016-11-17 13:00:00,148.13299999999998,13,3
2016-11-17 14:00:00,150.304,14,3
2016-11-17 15:00:00,150.36700000000002,15,3
2016-11-17 16:00:00,147.446,16,3
2016-11-17 17:00:00,134.422,17,3
2016-11-17 18:00:00,119.992,18,3
2016-11-17 19:00:00,101.086,19,3
2016-11-17 20:00:00,86.42200000000001,20,3
2016-11-17 21:00:00,78.0075,21,3
2016-11-17 22:00:00,74.4145,22,3
2016-11-17 23:00:00,62.734,23,3
2016-11-18 00:00:00,50.274,0,4
2016-11-18 01:00:00,48.945,1,4
2016-11-18 02:00:00,47.594,2,4
2016-11-18 03:00:00,46.8515,3,4
2016-11-18 04:00:00,46.703,4,4
2016-11-18 05:00:00,46.492,5,4
2016-11-18 06:00:00,51.0,6,4
2016-11-18 07:00:00,63.586000000000006,7,4
2016-11-18 08:00:00,73.9535,8,4
2016-11-18 09:00:00,93.0465,9,4
2016-11-18 10:00:00,118.109,10,4
2016-11-18 11:00:00,136.5,11,4
2016-11-18 12:00:00,144.25,12,4
2016-11-18 13:00:00,146.672,13,4
2016-11-18 14:00:00,145.969,14,4
2016-11-18 15:00:00,145.743,15,4
2016-11-18 16:00:00,140.539,16,4
2016-11-18 17:00:00,131.054,17,4
2016-11-18 18:00:00,121.609,18,4
2016-11-18 19:00:00,104.055,19,4
2016-11-18 20:00:00,89.18,20,4
2016-11-18 21:00:00,82.5075,21,4
2016-11-18 22:00:00,66.844,22,4
2016-11-18 23:00:00,56.5935,23,4
2016-11-19 00:00:00,51.9797,0,5
2016-11-19 01:00:00,50.9685,1,5
2016-11-19 02:00:00,49.3515,2,5
2016-11-19 03:00:00,48.336000000000006,3,5
2016-11-19 04:00:00,49.172,4,5
2016-11-19 05:00:00,45.5315,5,5
2016-11-19 06:00:00,43.8355,6,5
2016-11-19 07:00:00,45.258,7,5
2016-11-19 08:00:00,47.828,8,5
2016-11-19 09:00:00,47.797,9,5
2016-11-19 10:00:00,50.719,10,5
2016-11-19 11:00:00,53.57,11,5
2016-11-19 12:00:00,59.2815,12,5
2016-11-19 13:00:00,65.6715,13,5
2016-11-19 14:00:00,69.766,14,5
2016-11-19 15:00:00,70.3905,15,5
2016-11-19 16:00:00,77.375,16,5
2016-11-19 17:00:00,74.8905,17,5
2016-11-19 18:00:00,65.6955,18,5
2016-11-19 19:00:00,64.0935,19,5
2016-11-19 20:00:00,64.1175,20,5
2016-11-19 21:00:00,67.031,21,5
2016-11-19 22:00:00,62.883,22,5
2016-11-19 23:00:00,54.195,23,5
2016-11-20 00:00:00,50.4947,0,6
2016-11-20 01:00:00,52.4637,1,6
2016-11-20 02:00:00,50.672,2,6
2016-11-20 03:00:00,49.9215,3,6
2016-11-20 04:00:00,50.789,4,6
2016-11-20 05:00:00,52.969,5,6
2016-11-20 06:00:00,51.5625,6,6
2016-11-20 07:00:00,52.0705,7,6
2016-11-20 08:00:00,52.539,8,6
2016-11-20 09:00:00,53.539,9,6
2016-11-20 10:00:00,61.25,10,6
2016-11-20 11:00:00,67.8595,11,6
2016-11-20 12:00:00,65.1715,12,6
2016-11-20 13:00:00,58.383,13,6
2016-11-20 14:00:00,63.8045,14,6
2016-11-20 15:00:00,68.9375,15,6
2016-11-20 16:00:00,70.094,16,6
2016-11-20 17:00:00,65.617,17,6
2016-11-20 18:00:00,59.422,18,6
2016-11-20 19:00:00,56.3515,19,6
2016-11-20 20:00:00,55.133,20,6
2016-11-20 21:00:00,51.1015,21,6
2016-11-20 22:00:00,49.0935,22,6
2016-11-20 23:00:00,46.336000000000006,23,6
2016-11-21 00:00:00,50.9712,0,0
2016-11-21 01:00:00,45.4375,1,0
2016-11-21 02:00:00,45.9535,2,0
2016-11-21 03:00:00,43.703,3,0
2016-11-21 04:00:00,43.1485,4,0
2016-11-21 05:00:00,45.039,5,0
2016-11-21 06:00:00,49.6875,6,0
2016-11-21 07:00:00,60.578,7,0
2016-11-21 08:00:00,71.3125,8,0
2016-11-21 09:00:00,93.1095,9,0
2016-11-21 10:00:00,119.562,10,0
2016-11-21 11:00:00,139.679,11,0
2016-11-21 12:00:00,161.039,12,0
2016-11-21 13:00:00,168.047,13,0
2016-11-21 14:00:00,160.055,14,0
2016-11-21 15:00:00,162.382,15,0
2016-11-21 16:00:00,162.868,16,0
2016-11-21 17:00:00,157.11700000000002,17,0
2016-11-21 18:00:00,128.859,18,0
2016-11-21 19:00:00,114.898,19,0
2016-11-21 20:00:00,98.156,20,0
2016-11-21 21:00:00,79.25,21,0
2016-11-21 22:00:00,72.7345,22,0
2016-11-21 23:00:00,64.5155,23,0
2016-11-22 00:00:00,55.1795,0,1
2016-11-22 01:00:00,54.5807,1,1
2016-11-22 02:00:00,55.25,2,1
2016-11-22 03:00:00,49.969,3,1
2016-11-22 04:00:00,49.875,4,1
2016-11-22 05:00:00,49.9765,5,1
2016-11-22 06:00:00,55.6325,6,1
2016-11-22 07:00:00,67.6485,7,1
2016-11-22 08:00:00,79.641,8,1
2016-11-22 09:00:00,102.171,9,1
2016-11-22 10:00:00,129.055,10,1
2016-11-22 11:00:00,155.399,11,1
2016-11-22 12:00:00,155.976,12,1
2016-11-22 13:00:00,155.164,13,1
2016-11-22 14:00:00,155.312,14,1
2016-11-22 15:00:00,156.32,15,1
2016-11-22 16:00:00,156.281,16,1
2016-11-22 17:00:00,144.054,17,1
2016-11-22 18:00:00,122.297,18,1
2016-11-22 19:00:00,105.117,19,1
2016-11-22 20:00:00,91.1645,20,1
2016-11-22 21:00:00,80.2575,21,1
2016-11-22 22:00:00,74.797,22,1
2016-11-22 23:00:00,64.008,23,1
2016-11-23 00:00:00,59.6512,0,2
2016-11-23 01:00:00,51.8878,1,2
2016-11-23 02:00:00,48.203,2,2
2016-11-23 03:00:00,48.8675,3,2
2016-11-23 04:00:00,46.8125,4,2
2016-11-23 05:00:00,47.984,5,2
2016-11-23 06:00:00,51.4065,6,2
2016-11-23 07:00:00,60.82,7,2
2016-11-23 08:00:00,74.961,8,2
2016-11-23 09:00:00,91.391,9,2
2016-11-23 10:00:00,122.125,10,2
2016-11-23 11:00:00,136.25,11,2
2016-11-23 12:00:00,145.828,12,2
2016-11-23 13:00:00,150.938,13,2
2016-11-23 14:00:00,154.336,14,2
2016-11-23 15:00:00,161.429,15,2
2016-11-23 16:00:00,158.953,16,2
2016-11-23 17:00:00,152.601,17,2
2016-11-23 18:00:00,133.062,18,2
2016-11-23 19:00:00,118.438,19,2
2016-11-23 20:00:00,105.875,20,2
2016-11-23 21:00:00,96.4845,21,2
2016-11-23 22:00:00,77.664,22,2
2016-11-23 23:00:00,70.0785,23,2
2016-11-24 00:00:00,60.0182,0,3
2016-11-24 01:00:00,63.9893,1,3
2016-11-24 02:00:00,60.844,2,3
2016-11-24 03:00:00,58.6485,3,3
2016-11-24 04:00:00,60.289,4,3
2016-11-24 05:00:00,60.586000000000006,5,3
2016-11-24 06:00:00,61.797,6,3
2016-11-24 07:00:00,70.6795,7,3
2016-11-24 08:00:00,83.258,8,3
2016-11-24 09:00:00,99.1715,9,3
2016-11-24 10:00:00,127.211,10,3
2016-11-24 11:00:00,146.055,11,3
2016-11-24 12:00:00,154.96,12,3
2016-11-24 13:00:00,154.915,13,3
2016-11-24 14:00:00,157.703,14,3
2016-11-24 15:00:00,153.836,15,3
2016-11-24 16:00:00,155.57,16,3
2016-11-24 17:00:00,142.609,17,3
2016-11-24 18:00:00,126.758,18,3
2016-11-24 19:00:00,110.492,19,3
2016-11-24 20:00:00,95.961,20,3
2016-11-24 21:00:00,86.54700000000001,21,3
2016-11-24 22:00:00,81.1325,22,3
2016-11-24 23:00:00,67.6955,23,3
2016-11-25 00:00:00,56.1902,0,4
2016-11-25 01:00:00,54.6068,1,4
2016-11-25 02:00:00,54.109,2,4
2016-11-25 03:00:00,52.1175,3,4
2016-11-25 04:00:00,50.9295,4,4
2016-11-25 05:00:00,53.5155,5,4
2016-11-25 06:00:00,53.922,6,4
2016-11-25 07:00:00,63.8985,7,4
2016-11-25 08:00:00,77.039,8,4
2016-11-25 09:00:00,97.789,9,4
2016-11-25 10:00:00,124.539,10,4
2016-11-25 11:00:00,136.328,11,4
2016-11-25 12:00:00,140.297,12,4
2016-11-25 13:00:00,144.227,13,4
2016-11-25 14:00:00,143.219,14,4
2016-11-25 15:00:00,142.336,15,4
2016-11-25 16:00:00,142.516,16,4
2016-11-25 17:00:00,129.047,17,4
2016-11-25 18:00:00,117.352,18,4
2016-11-25 19:00:00,100.633,19,4
2016-11-25 20:00:00,85.9685,20,4
2016-11-25 21:00:00,76.6405,21,4
2016-11-25 22:00:00,67.2035,22,4
2016-11-25 23:00:00,59.367,23,4
2016-11-26 00:00:00,55.2965,0,5
2016-11-26 01:00:00,54.8023,1,5
2016-11-26 02:00:00,53.453,2,5
2016-11-26 03:00:00,52.3515,3,5
2016-11-26 04:00:00,49.969,4,5
2016-11-26 05:00:00,49.953,5,5
2016-11-26 06:00:00,56.3825,6,5
2016-11-26 07:00:00,61.4145,7,5
2016-11-26 08:00:00,60.4215,8,5
2016-11-26 09:00:00,59.055,9,5
2016-11-26 10:00:00,62.1875,10,5
2016-11-26 11:00:00,62.7185,11,5
2016-11-26 12:00:00,65.0155,12,5
2016-11-26 13:00:00,68.219,13,5
2016-11-26 14:00:00,72.375,14,5
2016-11-26 15:00:00,73.4765,15,5
2016-11-26 16:00:00,74.8905,16,5
2016-11-26 17:00:00,71.125,17,5
2016-11-26 18:00:00,69.297,18,5
2016-11-26 19:00:00,71.344,19,5
2016-11-26 20:00:00,65.742,20,5
2016-11-26 21:00:00,59.297,21,5
2016-11-26 22:00:00,57.914,22,5
2016-11-26 23:00:00,55.336000000000006,23,5
2016-11-27 00:00:00,56.1822,0,6
2016-11-27 01:00:00,53.8307,1,6
2016-11-27 02:00:00,51.633,2,6
2016-11-27 03:00:00,51.7655,3,6
2016-11-27 04:00:00,52.781000000000006,4,6
2016-11-27 05:00:00,51.797,5,6
2016-11-27 06:00:00,51.078,6,6
2016-11-27 07:00:00,51.891000000000005,7,6
2016-11-27 08:00:00,51.9295,8,6
2016-11-27 09:00:00,52.4295,9,6
2016-11-27 10:00:00,53.9845,10,6
2016-11-27 11:00:00,59.3205,11,6
2016-11-27 12:00:00,62.8125,12,6
2016-11-27 13:00:00,64.7345,13,6
2016-11-27 14:00:00,67.1715,14,6
2016-11-27 15:00:00,69.586,15,6
2016-11-27 16:00:00,66.703,16,6
2016-11-27 17:00:00,69.555,17,6
2016-11-27 18:00:00,71.6325,18,6
2016-11-27 19:00:00,73.102,19,6
2016-11-27 20:00:00,71.2575,20,6
2016-11-27 21:00:00,67.469,21,6
2016-11-27 22:00:00,63.0545,22,6
2016-11-27 23:00:00,58.344,23,6
2016-11-28 00:00:00,62.0625,0,0
2016-11-28 01:00:00,57.5545,1,0
2016-11-28 02:00:00,56.25,2,0
2016-11-28 03:00:00,54.781000000000006,3,0
2016-11-28 04:00:00,55.258,4,0
2016-11-28 05:00:00,54.672,5,0
2016-11-28 06:00:00,57.703,6,0
2016-11-28 07:00:00,68.1095,7,0
2016-11-28 08:00:00,75.8905,8,0
2016-11-28 09:00:00,105.102,9,0
2016-11-28 10:00:00,135.649,10,0
2016-11-28 11:00:00,153.812,11,0
2016-11-28 12:00:00,165.453,12,0
2016-11-28 13:00:00,167.797,13,0
2016-11-28 14:00:00,168.96900000000002,14,0
2016-11-28 15:00:00,164.16400000000002,15,0
2016-11-28 16:00:00,163.304,16,0
2016-11-28 17:00:00,152.781,17,0
2016-11-28 18:00:00,138.531,18,0
2016-11-28 19:00:00,114.492,19,0
2016-11-28 20:00:00,95.1565,20,0
2016-11-28 21:00:00,87.2265,21,0
2016-11-28 22:00:00,71.203,22,0
2016-11-28 23:00:00,68.4535,23,0
2016-11-29 00:00:00,60.2895,0,1
2016-11-29 01:00:00,56.0075,1,1
2016-11-29 02:00:00,58.1175,2,1
2016-11-29 03:00:00,56.6795,3,1
2016-11-29 04:00:00,57.289,4,1
2016-11-29 05:00:00,55.7735,5,1
2016-11-29 06:00:00,58.6015,6,1
2016-11-29 07:00:00,72.172,7,1
2016-11-29 08:00:00,85.1565,8,1
2016-11-29 09:00:00,106.585,9,1
2016-11-29 10:00:00,143.375,10,1
2016-11-29 11:00:00,168.141,11,1
2016-11-29 12:00:00,169.66400000000002,12,1
2016-11-29 13:00:00,173.945,13,1
2016-11-29 14:00:00,172.03099999999998,14,1
2016-11-29 15:00:00,171.351,15,1
2016-11-29 16:00:00,171.601,16,1
2016-11-29 17:00:00,160.516,17,1
2016-11-29 18:00:00,138.774,18,1
2016-11-29 19:00:00,115.062,19,1
2016-11-29 20:00:00,102.891,20,1
2016-11-29 21:00:00,90.6715,21,1
2016-11-29 22:00:00,74.5705,22,1
2016-11-29 23:00:00,66.617,23,1
2016-11-30 00:00:00,59.328,0,2
2016-11-30 01:00:00,58.766000000000005,1,2
2016-11-30 02:00:00,57.5935,2,2
2016-11-30 03:00:00,57.453,3,2
2016-11-30 04:00:00,56.844,4,2
2016-11-30 05:00:00,57.422,5,2
2016-11-30 06:00:00,58.7185,6,2
2016-11-30 07:00:00,72.578,7,2
2016-11-30 08:00:00,79.016,8,2
2016-11-30 09:00:00,105.219,9,2
2016-11-30 10:00:00,142.984,10,2
2016-11-30 11:00:00,164.422,11,2
2016-11-30 12:00:00,165.391,12,2
2016-11-30 13:00:00,162.641,13,2
2016-11-30 14:00:00,154.312,14,2
2016-11-30 15:00:00,156.594,15,2
2016-11-30 16:00:00,149.781,16,2
2016-11-30 17:00:00,150.5,17,2
2016-11-30 18:00:00,128.562,18,2
2016-11-30 19:00:00,100.953,19,2
2016-11-30 20:00:00,87.5625,20,2
2016-11-30 21:00:00,80.5625,21,2
2016-11-30 22:00:00,70.4845,22,2
2016-11-30 23:00:00,62.8125,23,2
2016-12-01 00:00:00,59.5775,0,3
2016-12-01 01:00:00,54.0,1,3
2016-12-01 02:00:00,54.547,2,3
2016-12-01 03:00:00,51.3905,3,3
2016-12-01 04:00:00,51.125,4,3
2016-12-01 05:00:00,51.469,5,3
2016-12-01 06:00:00,54.125,6,3
2016-12-01 07:00:00,66.8435,7,3
2016-12-01 08:00:00,76.0,8,3
2016-12-01 09:00:00,93.672,9,3
2016-12-01 10:00:00,123.219,10,3
2016-12-01 11:00:00,148.812,11,3
2016-12-01 12:00:00,151.938,12,3
2016-12-01 13:00:00,154.078,13,3
2016-12-01 14:00:00,156.188,14,3
2016-12-01 15:00:00,155.641,15,3
2016-12-01 16:00:00,154.031,16,3
2016-12-01 17:00:00,149.625,17,3
2016-12-01 18:00:00,128.25,18,3
2016-12-01 19:00:00,105.375,19,3
2016-12-01 20:00:00,88.266,20,3
2016-12-01 21:00:00,78.3905,21,3
2016-12-01 22:00:00,74.0,22,3
2016-12-01 23:00:00,67.2345,23,3
2016-12-02 00:00:00,58.4743,0,4
2016-12-02 01:00:00,61.828,1,4
2016-12-02 02:00:00,61.422,2,4
2016-12-02 03:00:00,58.3125,3,4
2016-12-02 04:00:00,57.0465,4,4
2016-12-02 05:00:00,55.1095,5,4
2016-12-02 06:00:00,59.1565,6,4
2016-12-02 07:00:00,72.3125,7,4
2016-12-02 08:00:00,80.75,8,4
2016-12-02 09:00:00,96.6875,9,4
2016-12-02 10:00:00,124.078,10,4
2016-12-02 11:00:00,136.984,11,4
2016-12-02 12:00:00,144.234,12,4
2016-12-02 13:00:00,150.609,13,4
2016-12-02 14:00:00,150.719,14,4
2016-12-02 15:00:00,143.922,15,4
2016-12-02 16:00:00,144.828,16,4
2016-12-02 17:00:00,127.625,17,4
2016-12-02 18:00:00,114.796,18,4
2016-12-02 19:00:00,100.344,19,4
2016-12-02 20:00:00,88.04700000000001,20,4
2016-12-02 21:00:00,74.7965,21,4
2016-12-02 22:00:00,63.797,22,4
2016-12-02 23:00:00,50.547,23,4
2016-12-03 00:00:00,51.6197,0,5
2016-12-03 01:00:00,53.3173,1,5
2016-12-03 02:00:00,51.6565,2,5
2016-12-03 03:00:00,50.656000000000006,3,5
2016-12-03 04:00:00,50.469,4,5
2016-12-03 05:00:00,48.703,5,5
2016-12-03 06:00:00,46.078,6,5
2016-12-03 07:00:00,45.969,7,5
2016-12-03 08:00:00,50.078,8,5
2016-12-03 09:00:00,51.8905,9,5
2016-12-03 10:00:00,53.25,10,5
2016-12-03 11:00:00,56.4845,11,5
2016-12-03 12:00:00,58.1565,12,5
2016-12-03 13:00:00,65.531,13,5
2016-12-03 14:00:00,68.6565,14,5
2016-12-03 15:00:00,67.5155,15,5
2016-12-03 16:00:00,67.422,16,5
2016-12-03 17:00:00,69.0,17,5
2016-12-03 18:00:00,68.5155,18,5
2016-12-03 19:00:00,67.4845,19,5
2016-12-03 20:00:00,61.7965,20,5
2016-12-03 21:00:00,56.594,21,5
2016-12-03 22:00:00,54.047,22,5
2016-12-03 23:00:00,48.8905,23,5
2016-12-04 00:00:00,49.625,0,6
2016-12-04 01:00:00,49.7243,1,6
2016-12-04 02:00:00,50.2965,2,6
2016-12-04 03:00:00,50.2035,3,6
2016-12-04 04:00:00,49.328,4,6
2016-12-04 05:00:00,48.5625,5,6
2016-12-04 06:00:00,48.672,6,6
2016-12-04 07:00:00,48.5465,7,6
2016-12-04 08:00:00,50.0315,8,6
2016-12-04 09:00:00,51.4685,9,6
2016-12-04 10:00:00,53.266000000000005,10,6
2016-12-04 11:00:00,56.5,11,6
2016-12-04 12:00:00,58.1715,12,6
2016-12-04 13:00:00,63.8595,13,6
2016-12-04 14:00:00,65.9375,14,6
2016-12-04 15:00:00,66.625,15,6
2016-12-04 16:00:00,67.578,16,6
2016-12-04 17:00:00,67.6875,17,6
2016-12-04 18:00:00,69.25,18,6
2016-12-04 19:00:00,69.422,19,6
2016-12-04 20:00:00,66.9065,20,6
2016-12-04 21:00:00,62.4685,21,6
2016-12-04 22:00:00,56.0,22,6
2016-12-04 23:00:00,51.9845,23,6
2016-12-05 00:00:00,56.7185,0,0
2016-12-05 01:00:00,49.2447,1,0
2016-12-05 02:00:00,51.547,2,0
2016-12-05 03:00:00,50.0155,3,0
2016-12-05 04:00:00,50.391000000000005,4,0
2016-12-05 05:00:00,49.3905,5,0
2016-12-05 06:00:00,53.3125,6,0
2016-12-05 07:00:00,67.406,7,0
2016-12-05 08:00:00,81.016,8,0
2016-12-05 09:00:00,104.391,9,0
2016-12-05 10:00:00,125.141,10,0
2016-12-05 11:00:00,139.484,11,0
2016-12-05 12:00:00,145.781,12,0
2016-12-05 13:00:00,147.688,13,0
2016-12-05 14:00:00,150.328,14,0
2016-12-05 15:00:00,146.734,15,0
2016-12-05 16:00:00,144.453,16,0
2016-12-05 17:00:00,142.578,17,0
2016-12-05 18:00:00,131.594,18,0
2016-12-05 19:00:00,115.75,19,0
2016-12-05 20:00:00,100.766,20,0
2016-12-05 21:00:00,87.984,21,0
2016-12-05 22:00:00,78.219,22,0
2016-12-05 23:00:00,67.4845,23,0
2016-12-06 00:00:00,59.39,0,1
2016-12-06 01:00:00,60.5053,1,1
2016-12-06 02:00:00,60.719,2,1
2016-12-06 03:00:00,58.75,3,1
2016-12-06 04:00:00,58.203,4,1
2016-12-06 05:00:00,58.328,5,1
2016-12-06 06:00:00,59.594,6,1
2016-12-06 07:00:00,71.359,7,1
2016-12-06 08:00:00,81.8595,8,1
2016-12-06 09:00:00,91.7655,9,1
2016-12-06 10:00:00,123.469,10,1
2016-12-06 11:00:00,138.016,11,1
2016-12-06 12:00:00,143.438,12,1
2016-12-06 13:00:00,146.656,13,1
2016-12-06 14:00:00,146.438,14,1
2016-12-06 15:00:00,146.828,15,1
2016-12-06 16:00:00,149.031,16,1
2016-12-06 17:00:00,141.312,17,1
2016-12-06 18:00:00,129.609,18,1
2016-12-06 19:00:00,113.109,19,1
2016-12-06 20:00:00,104.188,20,1
2016-12-06 21:00:00,94.2185,21,1
2016-12-06 22:00:00,85.5625,22,1
2016-12-06 23:00:00,69.0785,23,1
2016-12-07 00:00:00,56.5422,0,2
2016-12-07 01:00:00,56.4792,1,2
2016-12-07 02:00:00,56.25,2,2
2016-12-07 03:00:00,56.203,3,2
2016-12-07 04:00:00,53.906000000000006,4,2
2016-12-07 05:00:00,54.375,5,2
2016-12-07 06:00:00,58.0625,6,2
2016-12-07 07:00:00,70.125,7,2
2016-12-07 08:00:00,81.9375,8,2
2016-12-07 09:00:00,93.5,9,2
2016-12-07 10:00:00,124.922,10,2
2016-12-07 11:00:00,134.719,11,2
2016-12-07 12:00:00,145.938,12,2
2016-12-07 13:00:00,148.688,13,2
2016-12-07 14:00:00,144.75,14,2
2016-12-07 15:00:00,143.688,15,2
2016-12-07 16:00:00,139.125,16,2
2016-12-07 17:00:00,135.859,17,2
2016-12-07 18:00:00,117.829,18,2
2016-12-07 19:00:00,104.656,19,2
2016-12-07 20:00:00,102.562,20,2
2016-12-07 21:00:00,92.328,21,2
2016-12-07 22:00:00,76.5,22,2
2016-12-07 23:00:00,63.5625,23,2
2016-12-08 00:00:00,58.0,0,3
2016-12-08 01:00:00,54.75,1,3
2016-12-08 02:00:00,54.172,2,3
2016-12-08 03:00:00,53.7185,3,3
2016-12-08 04:00:00,52.4535,4,3
2016-12-08 05:00:00,51.6715,5,3
2016-12-08 06:00:00,56.625,6,3
2016-12-08 07:00:00,74.469,7,3
2016-12-08 08:00:00,81.7655,8,3
2016-12-08 09:00:00,92.3595,9,3
2016-12-08 10:00:00,110.672,10,3
2016-12-08 11:00:00,128.172,11,3
2016-12-08 12:00:00,137.516,12,3
2016-12-08 13:00:00,140.406,13,3
2016-12-08 14:00:00,151.641,14,3
2016-12-08 15:00:00,151.156,15,3
2016-12-08 16:00:00,147.922,16,3
2016-12-08 17:00:00,145.953,17,3
2016-12-08 18:00:00,133.844,18,3
2016-12-08 19:00:00,114.875,19,3
2016-12-08 20:00:00,96.141,20,3
2016-12-08 21:00:00,86.45299999999999,21,3
2016-12-08 22:00:00,81.5,22,3
2016-12-08 23:00:00,69.5155,23,3
2016-12-09 00:00:00,60.5,0,4
2016-12-09 01:00:00,61.0935,1,4
2016-12-09 02:00:00,57.4845,2,4
2016-12-09 03:00:00,57.1405,3,4
2016-12-09 04:00:00,57.7815,4,4
2016-12-09 05:00:00,55.828,5,4
2016-12-09 06:00:00,60.578,6,4
2016-12-09 07:00:00,74.891,7,4
2016-12-09 08:00:00,83.2655,8,4
2016-12-09 09:00:00,98.297,9,4
2016-12-09 10:00:00,116.453,10,4
2016-12-09 11:00:00,130.562,11,4
2016-12-09 12:00:00,137.719,12,4
2016-12-09 13:00:00,140.844,13,4
2016-12-09 14:00:00,139.484,14,4
2016-12-09 15:00:00,142.406,15,4
2016-12-09 16:00:00,148.406,16,4
2016-12-09 17:00:00,132.25,17,4
2016-12-09 18:00:00,121.625,18,4
2016-12-09 19:00:00,110.031,19,4
2016-12-09 20:00:00,91.5315,20,4
2016-12-09 21:00:00,83.5155,21,4
2016-12-09 22:00:00,66.7345,22,4
2016-12-09 23:00:00,62.656000000000006,23,4
2016-12-10 00:00:00,61.3435,0,5
2016-12-10 01:00:00,57.9845,1,5
2016-12-10 02:00:00,57.797,2,5
2016-12-10 03:00:00,57.375,3,5
2016-12-10 04:00:00,57.4685,4,5
2016-12-10 05:00:00,56.547,5,5
2016-12-10 06:00:00,57.078,6,5
2016-12-10 07:00:00,57.391000000000005,7,5
2016-12-10 08:00:00,61.2965,8,5
2016-12-10 09:00:00,61.422,9,5
2016-12-10 10:00:00,64.203,10,5
2016-12-10 11:00:00,66.469,11,5
2016-12-10 12:00:00,67.906,12,5
2016-12-10 13:00:00,69.5,13,5
2016-12-10 14:00:00,71.0785,14,5
2016-12-10 15:00:00,75.3905,15,5
2016-12-10 16:00:00,76.3905,16,5
2016-12-10 17:00:00,74.078,17,5
2016-12-10 18:00:00,75.672,18,5
2016-12-10 19:00:00,74.0155,19,5
2016-12-10 20:00:00,72.1875,20,5
2016-12-10 21:00:00,69.2035,21,5
2016-12-10 22:00:00,67.25,22,5
2016-12-10 23:00:00,64.625,23,5
2016-12-11 00:00:00,60.672,0,6
2016-12-11 01:00:00,63.9375,1,6
2016-12-11 02:00:00,64.0625,2,6
2016-12-11 03:00:00,63.9845,3,6
2016-12-11 04:00:00,62.406000000000006,4,6
2016-12-11 05:00:00,62.047,5,6
2016-12-11 06:00:00,61.9065,6,6
2016-12-11 07:00:00,62.1715,7,6
2016-12-11 08:00:00,61.922,8,6
2016-12-11 09:00:00,61.172,9,6
2016-12-11 10:00:00,62.5625,10,6
2016-12-11 11:00:00,64.5,11,6
2016-12-11 12:00:00,65.3125,12,6
2016-12-11 13:00:00,68.578,13,6
2016-12-11 14:00:00,68.969,14,6
2016-12-11 15:00:00,70.25,15,6
2016-12-11 16:00:00,70.7655,16,6
2016-12-11 17:00:00,74.7655,17,6
2016-12-11 18:00:00,75.7655,18,6
2016-12-11 19:00:00,76.7035,19,6
2016-12-11 20:00:00,69.7655,20,6
2016-12-11 21:00:00,69.281,21,6
2016-12-11 22:00:00,67.7345,22,6
2016-12-11 23:00:00,60.1095,23,6
2016-12-12 00:00:00,57.781000000000006,0,0
2016-12-12 01:00:00,57.0935,1,0
2016-12-12 02:00:00,56.4535,2,0
2016-12-12 03:00:00,56.2655,3,0
2016-12-12 04:00:00,55.047,4,0
2016-12-12 05:00:00,54.734,5,0
2016-12-12 06:00:00,57.7815,6,0
2016-12-12 07:00:00,70.2655,7,0
2016-12-12 08:00:00,78.4845,8,0
2016-12-12 09:00:00,91.656,9,0
2016-12-12 10:00:00,117.281,10,0
2016-12-12 11:00:00,132.531,11,0
2016-12-12 12:00:00,136.188,12,0
2016-12-12 13:00:00,139.125,13,0
2016-12-12 14:00:00,133.156,14,0
2016-12-12 15:00:00,137.766,15,0
2016-12-12 16:00:00,141.406,16,0
2016-12-12 17:00:00,131.484,17,0
2016-12-12 18:00:00,116.812,18,0
2016-12-12 19:00:00,97.672,19,0
2016-12-12 20:00:00,87.17200000000001,20,0
2016-12-12 21:00:00,73.7185,21,0
2016-12-12 22:00:00,69.844,22,0
2016-12-12 23:00:00,62.672,23,0
2016-12-13 00:00:00,61.281000000000006,0,1
2016-12-13 01:00:00,55.9375,1,1
2016-12-13 02:00:00,54.7655,2,1
2016-12-13 03:00:00,55.25,3,1
2016-12-13 04:00:00,54.3595,4,1
2016-12-13 05:00:00,54.625,5,1
2016-12-13 06:00:00,62.922,6,1
2016-12-13 07:00:00,72.9375,7,1
2016-12-13 08:00:00,77.953,8,1
2016-12-13 09:00:00,95.0,9,1
2016-12-13 10:00:00,119.219,10,1
2016-12-13 11:00:00,136.172,11,1
2016-12-13 12:00:00,143.234,12,1
2016-12-13 13:00:00,149.812,13,1
2016-12-13 14:00:00,148.453,14,1
2016-12-13 15:00:00,151.094,15,1
2016-12-13 16:00:00,151.609,16,1
2016-12-13 17:00:00,148.266,17,1
2016-12-13 18:00:00,124.406,18,1
2016-12-13 19:00:00,116.422,19,1
2016-12-13 20:00:00,101.812,20,1
2016-12-13 21:00:00,89.4065,21,1
2016-12-13 22:00:00,75.3435,22,1
2016-12-13 23:00:00,67.8595,23,1
2016-12-14 00:00:00,59.5155,0,2
2016-12-14 01:00:00,61.3125,1,2
2016-12-14 02:00:00,60.75,2,2
2016-12-14 03:00:00,57.969,3,2
2016-12-14 04:00:00,59.297,4,2
2016-12-14 05:00:00,57.5625,5,2
2016-12-14 06:00:00,64.281,6,2
2016-12-14 07:00:00,76.5315,7,2
2016-12-14 08:00:00,84.70299999999999,8,2
2016-12-14 09:00:00,99.203,9,2
2016-12-14 10:00:00,122.797,10,2
2016-12-14 11:00:00,132.781,11,2
2016-12-14 12:00:00,139.281,12,2
2016-12-14 13:00:00,141.953,13,2
2016-12-14 14:00:00,141.141,14,2
2016-12-14 15:00:00,141.453,15,2
2016-12-14 16:00:00,139.234,16,2
2016-12-14 17:00:00,135.266,17,2
2016-12-14 18:00:00,117.719,18,2
2016-12-14 19:00:00,105.594,19,2
2016-12-14 20:00:00,98.5625,20,2
2016-12-14 21:00:00,85.8435,21,2
2016-12-14 22:00:00,77.0,22,2
2016-12-14 23:00:00,63.2655,23,2
2016-12-15 00:00:00,58.2505,0,3
2016-12-15 01:00:00,55.703,1,3
2016-12-15 02:00:00,55.141000000000005,2,3
2016-12-15 03:00:00,54.281000000000006,3,3
2016-12-15 04:00:00,55.2345,4,3
2016-12-15 05:00:00,54.0625,5,3
2016-12-15 06:00:00,60.625,6,3
2016-12-15 07:00:00,71.3905,7,3
2016-12-15 08:00:00,74.344,8,3
2016-12-15 09:00:00,89.781,9,3
2016-12-15 10:00:00,110.469,10,3
2016-12-15 11:00:00,124.546,11,3
2016-12-15 12:00:00,130.375,12,3
2016-12-15 13:00:00,135.938,13,3
2016-12-15 14:00:00,143.453,14,3
2016-12-15 15:00:00,145.438,15,3
2016-12-15 16:00:00,146.391,16,3
2016-12-15 17:00:00,139.969,17,3
2016-12-15 18:00:00,125.829,18,3
2016-12-15 19:00:00,112.546,19,3
2016-12-15 20:00:00,92.4065,20,3
2016-12-15 21:00:00,81.95299999999999,21,3
2016-12-15 22:00:00,75.6405,22,3
2016-12-15 23:00:00,68.25,23,3
2016-12-16 00:00:00,55.5155,0,4
2016-12-16 01:00:00,55.5625,1,4
2016-12-16 02:00:00,55.9375,2,4
2016-12-16 03:00:00,56.375,3,4
2016-12-16 04:00:00,56.0465,4,4
2016-12-16 05:00:00,55.1565,5,4
2016-12-16 06:00:00,59.328,6,4
2016-12-16 07:00:00,73.469,7,4
2016-12-16 08:00:00,82.0625,8,4
2016-12-16 09:00:00,98.203,9,4
2016-12-16 10:00:00,115.703,10,4
2016-12-16 11:00:00,128.312,11,4
2016-12-16 12:00:00,137.141,12,4
2016-12-16 13:00:00,138.719,13,4
2016-12-16 14:00:00,135.031,14,4
2016-12-16 15:00:00,128.5,15,4
2016-12-16 16:00:00,132.406,16,4
2016-12-16 17:00:00,117.469,17,4
2016-12-16 18:00:00,107.484,18,4
2016-12-16 19:00:00,93.0625,19,4
2016-12-16 20:00:00,78.3595,20,4
2016-12-16 21:00:00,69.8125,21,4
2016-12-16 22:00:00,58.781000000000006,22,4
2016-12-16 23:00:00,55.9065,23,4
2016-12-17 00:00:00,50.9685,0,5
2016-12-17 01:00:00,51.672,1,5
2016-12-17 02:00:00,51.156000000000006,2,5
2016-12-17 03:00:00,51.594,3,5
2016-12-17 04:00:00,51.828,4,5
2016-12-17 05:00:00,50.7345,5,5
2016-12-17 06:00:00,51.5625,6,5
2016-12-17 07:00:00,50.859,7,5
2016-12-17 08:00:00,52.891000000000005,8,5
2016-12-17 09:00:00,52.781000000000006,9,5
2016-12-17 10:00:00,52.375,10,5
2016-12-17 11:00:00,53.1095,11,5
2016-12-17 12:00:00,56.4685,12,5
2016-12-17 13:00:00,56.594,13,5
2016-12-17 14:00:00,57.953,14,5
2016-12-17 15:00:00,58.7655,15,5
2016-12-17 16:00:00,62.047,16,5
2016-12-17 17:00:00,62.9065,17,5
2016-12-17 18:00:00,63.2185,18,5
2016-12-17 19:00:00,59.719,19,5
2016-12-17 20:00:00,55.4215,20,5
2016-12-17 21:00:00,53.422,21,5
2016-12-17 22:00:00,50.453,22,5
2016-12-17 23:00:00,50.7035,23,5
2016-12-18 00:00:00,49.8285,0,6
2016-12-18 01:00:00,51.6405,1,6
2016-12-18 02:00:00,51.4375,2,6
2016-12-18 03:00:00,50.2185,3,6
2016-12-18 04:00:00,49.6095,4,6
2016-12-18 05:00:00,49.922,5,6
2016-12-18 06:00:00,49.125,6,6
2016-12-18 07:00:00,48.7655,7,6
2016-12-18 08:00:00,50.828,8,6
2016-12-18 09:00:00,48.7815,9,6
2016-12-18 10:00:00,48.6405,10,6
2016-12-18 11:00:00,51.1565,11,6
2016-12-18 12:00:00,52.906000000000006,12,6
2016-12-18 13:00:00,52.4845,13,6
2016-12-18 14:00:00,54.5935,14,6
2016-12-18 15:00:00,56.0,15,6
2016-12-18 16:00:00,58.922,16,6
2016-12-18 17:00:00,56.7345,17,6
2016-12-18 18:00:00,58.75,18,6
2016-12-18 19:00:00,59.3595,19,6
2016-12-18 20:00:00,59.875,20,6
2016-12-18 21:00:00,56.406000000000006,21,6
2016-12-18 22:00:00,55.047,22,6
2016-12-18 23:00:00,51.328,23,6
2016-12-19 00:00:00,52.3435,0,0
2016-12-19 01:00:00,48.3905,1,0
2016-12-19 02:00:00,47.7655,2,0
2016-12-19 03:00:00,47.4065,3,0
2016-12-19 04:00:00,47.781000000000006,4,0
2016-12-19 05:00:00,47.1565,5,0
2016-12-19 06:00:00,53.125,6,0
2016-12-19 07:00:00,62.797,7,0
2016-12-19 08:00:00,72.406,8,0
2016-12-19 09:00:00,91.969,9,0
2016-12-19 10:00:00,109.344,10,0
2016-12-19 11:00:00,123.5,11,0
2016-12-19 12:00:00,123.203,12,0
2016-12-19 13:00:00,124.922,13,0
2016-12-19 14:00:00,122.172,14,0
2016-12-19 15:00:00,123.703,15,0
2016-12-19 16:00:00,120.391,16,0
2016-12-19 17:00:00,116.704,17,0
2016-12-19 18:00:00,104.344,18,0
2016-12-19 19:00:00,86.5,19,0
2016-12-19 20:00:00,72.6095,20,0
2016-12-19 21:00:00,67.9685,21,0
2016-12-19 22:00:00,60.6095,22,0
2016-12-19 23:00:00,58.6565,23,0
2016-12-20 00:00:00,57.5,0,1
2016-12-20 01:00:00,53.5625,1,1
2016-12-20 02:00:00,53.0785,2,1
2016-12-20 03:00:00,52.625,3,1
2016-12-20 04:00:00,51.7185,4,1
2016-12-20 05:00:00,53.703,5,1
2016-12-20 06:00:00,58.344,6,1
2016-12-20 07:00:00,66.4845,7,1
2016-12-20 08:00:00,74.0465,8,1
2016-12-20 09:00:00,88.9845,9,1
2016-12-20 10:00:00,107.125,10,1
2016-12-20 11:00:00,117.453,11,1
2016-12-20 12:00:00,119.172,12,1
2016-12-20 13:00:00,127.094,13,1
2016-12-20 14:00:00,124.421,14,1
2016-12-20 15:00:00,127.25,15,1
2016-12-20 16:00:00,126.797,16,1
2016-12-20 17:00:00,124.688,17,1
2016-12-20 18:00:00,111.031,18,1
2016-12-20 19:00:00,87.3435,19,1
2016-12-20 20:00:00,69.0,20,1
2016-12-20 21:00:00,61.3595,21,1
2016-12-20 22:00:00,59.3435,22,1
2016-12-20 23:00:00,59.5785,23,1
2016-12-21 00:00:00,61.5935,0,2
2016-12-21 01:00:00,55.125,1,2
2016-12-21 02:00:00,55.4685,2,2
2016-12-21 03:00:00,55.016000000000005,3,2
2016-12-21 04:00:00,54.5935,4,2
2016-12-21 05:00:00,54.828,5,2
2016-12-21 06:00:00,59.344,6,2
2016-12-21 07:00:00,66.422,7,2
2016-12-21 08:00:00,71.7965,8,2
2016-12-21 09:00:00,91.6565,9,2
2016-12-21 10:00:00,107.516,10,2
2016-12-21 11:00:00,115.125,11,2
2016-12-21 12:00:00,121.516,12,2
2016-12-21 13:00:00,125.359,13,2
2016-12-21 14:00:00,124.641,14,2
2016-12-21 15:00:00,121.844,15,2
2016-12-21 16:00:00,116.828,16,2
2016-12-21 17:00:00,112.484,17,2
2016-12-21 18:00:00,101.984,18,2
2016-12-21 19:00:00,92.234,19,2
2016-12-21 20:00:00,82.4845,20,2
2016-12-21 21:00:00,73.9375,21,2
2016-12-21 22:00:00,66.828,22,2
2016-12-21 23:00:00,66.5785,23,2
2016-12-22 00:00:00,58.7655,0,3
2016-12-22 01:00:00,63.875,1,3
2016-12-22 02:00:00,63.578,2,3
2016-12-22 03:00:00,62.719,3,3
2016-12-22 04:00:00,62.656000000000006,4,3
2016-12-22 05:00:00,62.391000000000005,5,3
2016-12-22 06:00:00,68.1715,6,3
2016-12-22 07:00:00,73.0,7,3
2016-12-22 08:00:00,76.5785,8,3
2016-12-22 09:00:00,89.359,9,3
2016-12-22 10:00:00,96.891,10,3
2016-12-22 11:00:00,101.188,11,3
2016-12-22 12:00:00,106.641,12,3
2016-12-22 13:00:00,107.672,13,3
2016-12-22 14:00:00,105.0,14,3
2016-12-22 15:00:00,103.656,15,3
2016-12-22 16:00:00,101.344,16,3
2016-12-22 17:00:00,92.656,17,3
2016-12-22 18:00:00,79.4375,18,3
2016-12-22 19:00:00,63.75,19,3
2016-12-22 20:00:00,59.844,20,3
2016-12-22 21:00:00,60.5625,21,3
2016-12-22 22:00:00,56.5,22,3
2016-12-22 23:00:00,54.3125,23,3
2016-12-23 00:00:00,48.906000000000006,0,4
2016-12-23 01:00:00,52.3125,1,4
2016-12-23 02:00:00,51.1715,2,4
2016-12-23 03:00:00,51.1565,3,4
2016-12-23 04:00:00,50.6875,4,4
2016-12-23 05:00:00,51.422,5,4
2016-12-23 06:00:00,56.406000000000006,6,4
2016-12-23 07:00:00,64.297,7,4
2016-12-23 08:00:00,68.125,8,4
2016-12-23 09:00:00,73.5935,9,4
2016-12-23 10:00:00,78.25,10,4
2016-12-23 11:00:00,86.5,11,4
2016-12-23 12:00:00,85.17200000000001,12,4
2016-12-23 13:00:00,81.9065,13,4
2016-12-23 14:00:00,73.328,14,4
2016-12-23 15:00:00,66.453,15,4
2016-12-23 16:00:00,65.719,16,4
2016-12-23 17:00:00,63.328,17,4
2016-12-23 18:00:00,61.328,18,4
2016-12-23 19:00:00,56.578,19,4
2016-12-23 20:00:00,56.0,20,4
2016-12-23 21:00:00,51.2815,21,4
2016-12-23 22:00:00,49.7655,22,4
2016-12-23 23:00:00,49.2345,23,4
2016-12-24 00:00:00,44.047,0,5
2016-12-24 01:00:00,44.2345,1,5
2016-12-24 02:00:00,44.3905,2,5
2016-12-24 03:00:00,44.875,3,5
2016-12-24 04:00:00,44.3905,4,5
2016-12-24 05:00:00,44.3595,5,5
2016-12-24 06:00:00,44.281000000000006,6,5
2016-12-24 07:00:00,43.0785,7,5
2016-12-24 08:00:00,43.609,8,5
2016-12-24 09:00:00,43.297,9,5
2016-12-24 10:00:00,43.8595,10,5
2016-12-24 11:00:00,43.9375,11,5
2016-12-24 12:00:00,43.828,12,5
2016-12-24 13:00:00,43.9065,13,5
2016-12-24 14:00:00,43.8125,14,5
2016-12-24 15:00:00,43.156000000000006,15,5
2016-12-24 16:00:00,44.0315,16,5
2016-12-24 17:00:00,43.9375,17,5
2016-12-24 18:00:00,44.5,18,5
2016-12-24 19:00:00,44.5465,19,5
2016-12-24 20:00:00,44.5625,20,5
2016-12-24 21:00:00,43.266000000000005,21,5
2016-12-24 22:00:00,43.234,22,5
2016-12-24 23:00:00,43.1095,23,5
2016-12-25 00:00:00,43.172,0,6
2016-12-25 01:00:00,43.328,1,6
2016-12-25 02:00:00,43.375,2,6
2016-12-25 03:00:00,43.2035,3,6
2016-12-25 04:00:00,41.6875,4,6
2016-12-25 05:00:00,42.6405,5,6
2016-12-25 06:00:00,42.328,6,6
2016-12-25 07:00:00,40.4845,7,6
2016-12-25 08:00:00,40.828,8,6
2016-12-25 09:00:00,41.203,9,6
2016-12-25 10:00:00,41.9065,10,6
2016-12-25 11:00:00,40.7655,11,6
2016-12-25 12:00:00,40.797,12,6
2016-12-25 13:00:00,40.656,13,6
2016-12-25 14:00:00,41.2035,14,6
2016-12-25 15:00:00,40.4375,15,6
2016-12-25 16:00:00,40.5625,16,6
2016-12-25 17:00:00,40.359,17,6
2016-12-25 18:00:00,42.3595,18,6
2016-12-25 19:00:00,42.7655,19,6
2016-12-25 20:00:00,42.219,20,6
2016-12-25 21:00:00,42.5,21,6
2016-12-25 22:00:00,42.2185,22,6
2016-12-25 23:00:00,43.6875,23,6
2016-12-26 00:00:00,43.3595,0,0
2016-12-26 01:00:00,43.016000000000005,1,0
2016-12-26 02:00:00,43.25,2,0
2016-12-26 03:00:00,42.234,3,0
2016-12-26 04:00:00,42.7035,4,0
2016-12-26 05:00:00,42.578,5,0
2016-12-26 06:00:00,43.4685,6,0
2016-12-26 07:00:00,42.641000000000005,7,0
2016-12-26 08:00:00,42.781000000000006,8,0
2016-12-26 09:00:00,44.719,9,0
2016-12-26 10:00:00,44.531000000000006,10,0
2016-12-26 11:00:00,45.2655,11,0
2016-12-26 12:00:00,46.1095,12,0
2016-12-26 13:00:00,46.8595,13,0
2016-12-26 14:00:00,47.5625,14,0
2016-12-26 15:00:00,47.75,15,0
2016-12-26 16:00:00,48.703,16,0
2016-12-26 17:00:00,48.125,17,0
2016-12-26 18:00:00,46.4845,18,0
2016-12-26 19:00:00,45.406000000000006,19,0
2016-12-26 20:00:00,44.1565,20,0
2016-12-26 21:00:00,43.406000000000006,21,0
2016-12-26 22:00:00,43.3125,22,0
2016-12-26 23:00:00,43.1565,23,0
2016-12-27 00:00:00,42.1245,0,1
2016-12-27 01:00:00,42.6875,1,1
2016-12-27 02:00:00,42.3125,2,1
2016-12-27 03:00:00,41.547,3,1
2016-12-27 04:00:00,40.5,4,1
2016-12-27 05:00:00,41.328,5,1
2016-12-27 06:00:00,39.9065,6,1
2016-12-27 07:00:00,41.5,7,1
2016-12-27 08:00:00,43.375,8,1
2016-12-27 09:00:00,47.25,9,1
2016-12-27 10:00:00,47.5465,10,1
2016-12-27 11:00:00,47.5315,11,1
2016-12-27 12:00:00,48.672,12,1
2016-12-27 13:00:00,46.75,13,1
2016-12-27 14:00:00,49.9375,14,1
2016-12-27 15:00:00,48.0625,15,1
2016-12-27 16:00:00,48.3125,16,1
2016-12-27 17:00:00,48.609,17,1
2016-12-27 18:00:00,47.625,18,1
2016-12-27 19:00:00,45.047,19,1
2016-12-27 20:00:00,43.3595,20,1
2016-12-27 21:00:00,40.656,21,1
2016-12-27 22:00:00,43.1565,22,1
2016-12-27 23:00:00,43.2345,23,1
2016-12-28 00:00:00,42.6715,0,2
2016-12-28 01:00:00,41.297,1,2
2016-12-28 02:00:00,41.1405,2,2
2016-12-28 03:00:00,42.719,3,2
2016-12-28 04:00:00,41.4685,4,2
2016-12-28 05:00:00,41.625,5,2
2016-12-28 06:00:00,40.6095,6,2
2016-12-28 07:00:00,40.8125,7,2
2016-12-28 08:00:00,42.9375,8,2
2016-12-28 09:00:00,46.4685,9,2
2016-12-28 10:00:00,49.3595,10,2
2016-12-28 11:00:00,48.922,11,2
2016-12-28 12:00:00,50.406000000000006,12,2
2016-12-28 13:00:00,55.375,13,2
2016-12-28 14:00:00,55.094,14,2
2016-12-28 15:00:00,56.5625,15,2
2016-12-28 16:00:00,58.1875,16,2
2016-12-28 17:00:00,52.5155,17,2
2016-12-28 18:00:00,50.969,18,2
2016-12-28 19:00:00,49.531000000000006,19,2
2016-12-28 20:00:00,47.453,20,2
2016-12-28 21:00:00,45.1875,21,2
2016-12-28 22:00:00,44.7345,22,2
2016-12-28 23:00:00,43.9065,23,2
2016-12-29 00:00:00,44.8285,0,3
2016-12-29 01:00:00,43.109,1,3
2016-12-29 02:00:00,42.25,2,3
2016-12-29 03:00:00,42.4065,3,3
2016-12-29 04:00:00,41.5,4,3
2016-12-29 05:00:00,41.5625,5,3
2016-12-29 06:00:00,41.625,6,3
2016-12-29 07:00:00,41.3595,7,3
2016-12-29 08:00:00,42.5465,8,3
2016-12-29 09:00:00,46.6875,9,3
2016-12-29 10:00:00,52.0625,10,3
2016-12-29 11:00:00,50.219,11,3
2016-12-29 12:00:00,51.2345,12,3
2016-12-29 13:00:00,50.859,13,3
2016-12-29 14:00:00,52.0625,14,3
2016-12-29 15:00:00,52.1875,15,3
2016-12-29 16:00:00,53.5625,16,3
2016-12-29 17:00:00,50.9375,17,3
2016-12-29 18:00:00,50.266000000000005,18,3
2016-12-29 19:00:00,48.5625,19,3
2016-12-29 20:00:00,46.7965,20,3
2016-12-29 21:00:00,45.266000000000005,21,3
2016-12-29 22:00:00,43.6405,22,3
2016-12-29 23:00:00,45.0,23,3
2016-12-30 00:00:00,45.9375,0,4
2016-12-30 01:00:00,44.422,1,4
2016-12-30 02:00:00,44.0,2,4
2016-12-30 03:00:00,42.9375,3,4
2016-12-30 04:00:00,42.25,4,4
2016-12-30 05:00:00,43.0465,5,4
2016-12-30 06:00:00,42.297,6,4
2016-12-30 07:00:00,42.0,7,4
2016-12-30 08:00:00,43.0625,8,4
2016-12-30 09:00:00,49.25,9,4
2016-12-30 10:00:00,51.344,10,4
2016-12-30 11:00:00,53.1715,11,4
2016-12-30 12:00:00,53.6095,12,4
2016-12-30 13:00:00,56.719,13,4
2016-12-30 14:00:00,59.5625,14,4
2016-12-30 15:00:00,58.703,15,4
2016-12-30 16:00:00,61.8595,16,4
2016-12-30 17:00:00,58.8905,17,4
2016-12-30 18:00:00,54.078,18,4
2016-12-30 19:00:00,51.1875,19,4
2016-12-30 20:00:00,48.4845,20,4
2016-12-30 21:00:00,48.328,21,4
2016-12-30 22:00:00,45.6875,22,4
2016-12-30 23:00:00,45.4375,23,4
2016-12-31 00:00:00,44.484,0,5
2016-12-31 01:00:00,45.047,1,5
2016-12-31 02:00:00,45.625,2,5
2016-12-31 03:00:00,45.7345,3,5
2016-12-31 04:00:00,45.047,4,5
2016-12-31 05:00:00,44.7655,5,5
2016-12-31 06:00:00,44.797,6,5
2016-12-31 07:00:00,44.2965,7,5
2016-12-31 08:00:00,44.5315,8,5
2016-12-31 09:00:00,44.4685,9,5
2016-12-31 10:00:00,44.5625,10,5
2016-12-31 11:00:00,48.2815,11,5
2016-12-31 12:00:00,54.125,12,5
2016-12-31 13:00:00,53.3125,13,5
2016-12-31 14:00:00,55.1405,14,5
2016-12-31 15:00:00,54.0625,15,5
2016-12-31 16:00:00,49.6095,16,5
2016-12-31 17:00:00,48.6405,17,5
2016-12-31 18:00:00,47.7345,18,5
2016-12-31 19:00:00,46.9685,19,5
2016-12-31 20:00:00,45.547,20,5
2016-12-31 21:00:00,45.875,21,5
2016-12-31 22:00:00,45.4375,22,5
2016-12-31 23:00:00,44.297,23,5
